X_scan,Y_scan,X_acc,Y_acc,Radius,Mean,StdDev,Prominence_min,Prominence_pseudo
1,1,255.7110,256.1277,3,197.7778,2.3469,3,192
1,1,229.4087,242.2534,3,185.3333,2.3469,3,140
1,1,284.1579,268.4194,3,199.2222,2.3469,3,159
1,1,281.5023,238.6206,3,186.1111,2.3469,3,125
1,1,231.4452,273.5095,3,135.5556,2.3469,3,103
1,1,254.4433,225.2948,3,83.3333,2.3469,3,67
1,1,259.4052,286.5190,3,155.7778,2.3469,3,114
1,1,308.3725,252.1553,3,198.7778,2.3469,3,155
1,1,279.3828,209.0888,3,208.5556,2.3469,3,161
1,1,227.3662,212.3205,3,69.5556,2.3469,3,56
1,1,287.0732,299.3240,3,181.1111,2.3469,3,135
1,1,203.4748,260.0321,3,211.4444,2.3469,3,171
1,1,233.4867,305.1831,3,205.6667,2.3469,3,166
1,1,262.2536,316.4129,3,91.2222,2.3469,3,72
1,1,202.4740,229.2188,3,79.2222,2.3469,3,64
1,1,206.3517,290.3878,3,99.5556,2.3469,3,80
1,1,252.1594,195.1983,3,28.1111,2.3469,3,21
1,1,307.0697,222.0300,3,174.4444,2.3469,3,125
1,1,311.4866,282.2870,3,86.6667,2.3469,3,72
1,1,177.2119,246.2485,3,85.8889,2.3469,3,62
1,1,179.1409,277.2692,3,89.1111,2.3469,3,62
1,1,304.1580,192.1652,3,81.0000,2.3469,3,57
1,1,336.3150,265.2442,3,68.0000,2.3469,3,54
1,1,314.2299,312.3398,3,74.7778,2.3469,3,56
1,1,277.0835,178.1017,3,13.5556,2.3469,3,11
1,1,289.5000,330.1200,3,80.7778,2.3469,3,53
1,1,209.0419,322.0369,3,69.3333,2.3469,3,48
1,1,334.3495,234.5239,3,135.0000,2.3469,3,99
1,1,224.2109,181.2802,3,9.7778,2.3469,3,6
1,1,199.2435,198.3394,3,11.2222,2.3469,3,9
1,1,236.3020,335.0062,3,56.0000,2.3469,3,39
1,1,174.3441,216.2251,3,12.7778,2.3469,3,9
1,1,181.3289,308.1240,3,84.5556,2.3469,3,61
1,1,339.3650,295.4737,3,100.4444,2.3469,3,84
1,1,331.4665,204.4829,3,126.6667,2.3469,3,108
1,1,249.2200,164.1504,3,9.4444,2.3469,3,6
1,1,264.4343,348.0446,3,118.3333,2.3469,3,83
1,1,152.1865,263.4729,3,66.6667,2.3469,3,48
1,1,361.0653,248.2789,3,103.4444,2.3469,3,73
1,1,302.0344,161.1247,3,17.4444,2.3469,3,11
1,1,211.1992,352.3938,3,108.3333,2.3469,3,80
1,1,317.1547,343.1968,3,71.5556,2.3469,3,51
1,1,154.0928,294.2398,3,92.0000,2.3469,3,61
1,1,183.4354,338.1863,3,39.1111,2.3469,3,30
1,1,329.2722,174.0645,3,13.6667,2.3469,3,8
1,1,359.1283,217.5597,3,63.1111,2.3469,3,44
1,1,341.4749,325.4376,3,44.7778,2.3469,3,37
1,1,239.1525,365.2506,3,43.0000,2.3469,3,33
1,1,363.5089,279.0425,3,31.4444,2.3469,3,22
1,1,292.1099,360.3761,3,38.2222,2.3469,3,28
1,1,356.1959,188.0811,3,37.8889,2.3469,3,25
1,1,156.2858,325.1815,3,71.4444,2.3469,3,53
1,1,366.4382,309.0855,3,49.0000,2.3469,3,37
1,1,267.0519,378.2216,3,46.1111,2.3469,3,33
1,1,386.3411,230.4680,3,38.5556,2.3469,3,32
1,1,186.3771,369.2060,3,26.1111,2.3469,3,20
1,1,214.2838,382.1246,3,31.0000,2.3469,3,23
1,1,389.1699,261.2288,3,39.4444,2.3469,3,26
1,1,319.1279,374.1566,3,37.6667,2.3469,3,26
1,1,344.1902,357.1564,3,26.7778,2.3469,3,17
1,1,130.1773,311.2959,3,78.8889,2.3469,3,54
1,1,383.3272,201.0259,3,42.5556,2.3469,3,32
1,1,159.2709,355.3541,3,37.0000,2.3469,3,28
1,1,241.4886,395.2247,3,29.0000,2.3469,3,20
1,1,294.3005,391.0118,3,45.0000,2.3469,3,32
1,1,391.4229,291.2576,3,28.4444,2.3469,3,22
1,1,369.3048,339.3713,3,28.8889,2.3469,3,20
1,1,131.3743,342.2628,3,77.4444,2.3469,3,54
1,1,394.1659,322.0476,3,33.7778,2.3469,3,24
1,1,269.0364,408.4472,3,40.3333,2.3469,3,28
1,1,189.5139,398.5168,3,39.5556,2.3469,3,26
1,1,414.4056,244.2107,3,34.0000,2.3469,3,26
1,1,410.3533,213.2769,3,10.1111,2.3469,3,10
1,1,347.1032,388.0199,3,34.3333,2.3469,3,22
1,1,416.1078,274.1597,3,37.8889,2.3469,3,25
1,1,161.2109,386.2184,3,36.4444,2.3469,3,25
1,1,216.4262,412.4421,3,26.5556,2.3469,3,21
1,1,372.1670,369.3198,3,19.6667,2.3469,3,14
1,1,322.1189,404.1311,3,12.3333,2.3469,3,9
1,1,134.2005,372.4102,3,47.3333,2.3469,3,32
1,1,396.3729,352.4098,3,25.1111,2.3469,3,19
1,1,419.0814,305.1726,3,45.2222,2.3469,3,29
1,1,243.2460,426.3668,3,21.0000,2.3469,3,15
1,1,231.4832,87.1016,3,28.5556,2.3469,3,20
1,1,296.3288,422.3950,3,18.8889,2.3469,3,16
1,1,285.0259,83.1881,3,23.1111,2.3469,3,15
1,1,154.0845,109.1256,3,9.4444,2.3469,3,5
1,1,179.1870,92.2222,3,10.0000,2.3469,3,7
1,1,439.3645,257.1481,3,22.0000,2.3469,3,15
1,1,272.0725,438.3098,3,9.7778,2.3469,3,7
1,1,422.3347,335.2307,3,23.3333,2.3469,3,18
1,1,257.0360,71.0180,3,11.2222,2.3469,3,7
1,1,81.1625,195.2760,3,13.6667,2.3469,3,10
1,1,163.3032,417.0657,3,29.8889,2.3469,3,20
1,1,374.2602,400.2574,3,16.7778,2.3469,3,11
1,1,191.0537,430.3806,3,22.0000,2.3469,3,16
1,1,349.1350,418.0153,3,23.3333,2.3469,3,14
1,1,137.1946,402.4367,3,16.6667,2.3469,3,11
1,1,443.4941,287.4106,3,25.2222,2.3469,3,19
1,1,219.2526,443.0955,3,18.0000,2.3469,3,13
1,1,324.0356,435.1909,3,13.1111,2.3469,3,8
1,1,399.2084,383.2348,3,13.6667,2.3469,3,9
1,1,61.1645,274.1977,3,18.7778,2.3469,3,12
1,1,338.1198,78.1484,3,8.2222,2.3469,3,5
1,1,365.1515,91.1919,3,5.7778,2.3469,3,4
1,1,58.2509,243.1909,3,9.7778,2.3469,3,7
1,1,446.2887,318.1138,3,20.7778,2.3469,3,14
1,1,424.2807,365.2565,3,12.0000,2.3469,3,7
1,1,299.1806,452.2609,3,13.4444,2.3469,3,8
1,1,246.1414,456.2730,3,12.5556,2.3469,3,10
1,1,425.2612,146.0746,3,8.3333,2.3469,3,4
1,1,66.1975,336.0335,3,8.6667,2.3469,3,5
1,1,166.3219,447.1157,3,18.4444,2.3469,3,11
1,1,377.0363,432.2096,3,15.4444,2.3469,3,9
1,1,448.4591,348.1032,3,23.0000,2.3469,3,16
1,1,193.4964,461.1577,3,39.3333,2.3469,3,28
1,1,352.0376,448.3237,3,15.7778,2.3469,3,11
1,1,273.3571,470.1696,3,16.0000,2.3469,3,11
1,1,402.3043,413.4730,3,21.1111,2.3469,3,16
1,1,221.2411,474.3732,3,12.2222,2.3469,3,8
1,1,427.2000,397.0455,3,11.4444,2.3469,3,8
1,1,327.2872,465.2137,3,7.7778,2.3469,3,6
1,1,451.4500,379.0276,3,12.4444,2.3469,3,8
1,1,249.1300,487.2982,3,15.8889,2.3469,3,9
1,1,302.1071,483.2479,3,10.8889,2.3469,3,6
1,1,40.2200,352.1000,3,9.3333,2.3469,3,5
1,1,404.3124,443.2581,3,13.4444,2.3469,3,9
1,1,102.2389,440.2028,3,3.7778,2.3469,3,5
1,1,380.0608,462.0684,3,10.3333,2.3469,3,8
1,1,429.2203,427.0396,3,21.5556,2.3469,3,13
1,1,354.1730,479.0319,3,23.8889,2.3469,3,15
1,1,276.3799,500.1808,3,15.3333,2.3469,3,10
1,1,329.1528,496.0142,3,13.6667,2.3469,3,8
2,1,255.7110,256.1277,3,197.7778,2.3469,3,192
2,1,229.4087,242.2534,3,185.3333,2.3469,3,140
2,1,284.1579,268.4194,3,199.2222,2.3469,3,159
2,1,281.5023,238.6206,3,186.1111,2.3469,3,125
2,1,231.4452,273.5095,3,135.5556,2.3469,3,103
2,1,254.4433,225.2948,3,83.3333,2.3469,3,67
2,1,259.4052,286.5190,3,155.7778,2.3469,3,114
2,1,308.3725,252.1553,3,198.7778,2.3469,3,155
2,1,279.3828,209.0888,3,208.5556,2.3469,3,161
2,1,227.3662,212.3205,3,69.5556,2.3469,3,56
2,1,287.0732,299.3240,3,181.1111,2.3469,3,135
2,1,203.4748,260.0321,3,211.4444,2.3469,3,171
2,1,233.4867,305.1831,3,205.6667,2.3469,3,166
2,1,262.2536,316.4129,3,91.2222,2.3469,3,72
2,1,202.4740,229.2188,3,79.2222,2.3469,3,64
2,1,206.3517,290.3878,3,99.5556,2.3469,3,80
2,1,252.1594,195.1983,3,28.1111,2.3469,3,21
2,1,307.0697,222.0300,3,174.4444,2.3469,3,125
2,1,311.4866,282.2870,3,86.6667,2.3469,3,72
2,1,177.2119,246.2485,3,85.8889,2.3469,3,62
2,1,179.1409,277.2692,3,89.1111,2.3469,3,62
2,1,304.1580,192.1652,3,81.0000,2.3469,3,57
2,1,336.3150,265.2442,3,68.0000,2.3469,3,54
2,1,314.2299,312.3398,3,74.7778,2.3469,3,56
2,1,277.0835,178.1017,3,13.5556,2.3469,3,11
2,1,289.5000,330.1200,3,80.7778,2.3469,3,53
2,1,209.0419,322.0369,3,69.3333,2.3469,3,48
2,1,334.3495,234.5239,3,135.0000,2.3469,3,99
2,1,224.2109,181.2802,3,9.7778,2.3469,3,6
2,1,199.2435,198.3394,3,11.2222,2.3469,3,9
2,1,236.3020,335.0062,3,56.0000,2.3469,3,39
2,1,174.3441,216.2251,3,12.7778,2.3469,3,9
2,1,181.3289,308.1240,3,84.5556,2.3469,3,61
2,1,339.3650,295.4737,3,100.4444,2.3469,3,84
2,1,331.4665,204.4829,3,126.6667,2.3469,3,108
2,1,249.2200,164.1504,3,9.4444,2.3469,3,6
2,1,264.4343,348.0446,3,118.3333,2.3469,3,83
2,1,152.1865,263.4729,3,66.6667,2.3469,3,48
2,1,361.0653,248.2789,3,103.4444,2.3469,3,73
2,1,302.0344,161.1247,3,17.4444,2.3469,3,11
2,1,211.1992,352.3938,3,108.3333,2.3469,3,80
2,1,317.1547,343.1968,3,71.5556,2.3469,3,51
2,1,154.0928,294.2398,3,92.0000,2.3469,3,61
2,1,183.4354,338.1863,3,39.1111,2.3469,3,30
2,1,329.2722,174.0645,3,13.6667,2.3469,3,8
2,1,359.1283,217.5597,3,63.1111,2.3469,3,44
2,1,341.4749,325.4376,3,44.7778,2.3469,3,37
2,1,239.1525,365.2506,3,43.0000,2.3469,3,33
2,1,363.5089,279.0425,3,31.4444,2.3469,3,22
2,1,292.1099,360.3761,3,38.2222,2.3469,3,28
2,1,356.1959,188.0811,3,37.8889,2.3469,3,25
2,1,156.2858,325.1815,3,71.4444,2.3469,3,53
2,1,366.4382,309.0855,3,49.0000,2.3469,3,37
2,1,267.0519,378.2216,3,46.1111,2.3469,3,33
2,1,386.3411,230.4680,3,38.5556,2.3469,3,32
2,1,186.3771,369.2060,3,26.1111,2.3469,3,20
2,1,214.2838,382.1246,3,31.0000,2.3469,3,23
2,1,389.1699,261.2288,3,39.4444,2.3469,3,26
2,1,319.1279,374.1566,3,37.6667,2.3469,3,26
2,1,344.1902,357.1564,3,26.7778,2.3469,3,17
2,1,130.1773,311.2959,3,78.8889,2.3469,3,54
2,1,383.3272,201.0259,3,42.5556,2.3469,3,32
2,1,159.2709,355.3541,3,37.0000,2.3469,3,28
2,1,241.4886,395.2247,3,29.0000,2.3469,3,20
2,1,294.3005,391.0118,3,45.0000,2.3469,3,32
2,1,391.4229,291.2576,3,28.4444,2.3469,3,22
2,1,369.3048,339.3713,3,28.8889,2.3469,3,20
2,1,131.3743,342.2628,3,77.4444,2.3469,3,54
2,1,394.1659,322.0476,3,33.7778,2.3469,3,24
2,1,269.0364,408.4472,3,40.3333,2.3469,3,28
2,1,189.5139,398.5168,3,39.5556,2.3469,3,26
2,1,414.4056,244.2107,3,34.0000,2.3469,3,26
2,1,410.3533,213.2769,3,10.1111,2.3469,3,10
2,1,347.1032,388.0199,3,34.3333,2.3469,3,22
2,1,416.1078,274.1597,3,37.8889,2.3469,3,25
2,1,161.2109,386.2184,3,36.4444,2.3469,3,25
2,1,216.4262,412.4421,3,26.5556,2.3469,3,21
2,1,372.1670,369.3198,3,19.6667,2.3469,3,14
2,1,322.1189,404.1311,3,12.3333,2.3469,3,9
2,1,134.2005,372.4102,3,47.3333,2.3469,3,32
2,1,396.3729,352.4098,3,25.1111,2.3469,3,19
2,1,419.0814,305.1726,3,45.2222,2.3469,3,29
2,1,243.2460,426.3668,3,21.0000,2.3469,3,15
2,1,231.4832,87.1016,3,28.5556,2.3469,3,20
2,1,296.3288,422.3950,3,18.8889,2.3469,3,16
2,1,285.0259,83.1881,3,23.1111,2.3469,3,15
2,1,154.0845,109.1256,3,9.4444,2.3469,3,5
2,1,179.1870,92.2222,3,10.0000,2.3469,3,7
2,1,439.3645,257.1481,3,22.0000,2.3469,3,15
2,1,272.0725,438.3098,3,9.7778,2.3469,3,7
2,1,422.3347,335.2307,3,23.3333,2.3469,3,18
2,1,257.0360,71.0180,3,11.2222,2.3469,3,7
2,1,81.1625,195.2760,3,13.6667,2.3469,3,10
2,1,163.3032,417.0657,3,29.8889,2.3469,3,20
2,1,374.2602,400.2574,3,16.7778,2.3469,3,11
2,1,191.0537,430.3806,3,22.0000,2.3469,3,16
2,1,349.1350,418.0153,3,23.3333,2.3469,3,14
2,1,137.1946,402.4367,3,16.6667,2.3469,3,11
2,1,443.4941,287.4106,3,25.2222,2.3469,3,19
2,1,219.2526,443.0955,3,18.0000,2.3469,3,13
2,1,324.0356,435.1909,3,13.1111,2.3469,3,8
2,1,399.2084,383.2348,3,13.6667,2.3469,3,9
2,1,61.1645,274.1977,3,18.7778,2.3469,3,12
2,1,338.1198,78.1484,3,8.2222,2.3469,3,5
2,1,365.1515,91.1919,3,5.7778,2.3469,3,4
2,1,58.2509,243.1909,3,9.7778,2.3469,3,7
2,1,446.2887,318.1138,3,20.7778,2.3469,3,14
2,1,424.2807,365.2565,3,12.0000,2.3469,3,7
2,1,299.1806,452.2609,3,13.4444,2.3469,3,8
2,1,246.1414,456.2730,3,12.5556,2.3469,3,10
2,1,425.2612,146.0746,3,8.3333,2.3469,3,4
2,1,66.1975,336.0335,3,8.6667,2.3469,3,5
2,1,166.3219,447.1157,3,18.4444,2.3469,3,11
2,1,377.0363,432.2096,3,15.4444,2.3469,3,9
2,1,448.4591,348.1032,3,23.0000,2.3469,3,16
2,1,193.4964,461.1577,3,39.3333,2.3469,3,28
2,1,352.0376,448.3237,3,15.7778,2.3469,3,11
2,1,273.3571,470.1696,3,16.0000,2.3469,3,11
2,1,402.3043,413.4730,3,21.1111,2.3469,3,16
2,1,221.2411,474.3732,3,12.2222,2.3469,3,8
2,1,427.2000,397.0455,3,11.4444,2.3469,3,8
2,1,327.2872,465.2137,3,7.7778,2.3469,3,6
2,1,451.4500,379.0276,3,12.4444,2.3469,3,8
2,1,249.1300,487.2982,3,15.8889,2.3469,3,9
2,1,302.1071,483.2479,3,10.8889,2.3469,3,6
2,1,40.2200,352.1000,3,9.3333,2.3469,3,5
2,1,404.3124,443.2581,3,13.4444,2.3469,3,9
2,1,102.2389,440.2028,3,3.7778,2.3469,3,5
2,1,380.0608,462.0684,3,10.3333,2.3469,3,8
2,1,429.2203,427.0396,3,21.5556,2.3469,3,13
2,1,354.1730,479.0319,3,23.8889,2.3469,3,15
2,1,276.3799,500.1808,3,15.3333,2.3469,3,10
2,1,329.1528,496.0142,3,13.6667,2.3469,3,8
3,1,255.7110,256.1277,3,197.7778,2.3469,3,192
3,1,229.4087,242.2534,3,185.3333,2.3469,3,140
3,1,284.1579,268.4194,3,199.2222,2.3469,3,159
3,1,281.5023,238.6206,3,186.1111,2.3469,3,125
3,1,231.4452,273.5095,3,135.5556,2.3469,3,103
3,1,254.4433,225.2948,3,83.3333,2.3469,3,67
3,1,259.4052,286.5190,3,155.7778,2.3469,3,114
3,1,308.3725,252.1553,3,198.7778,2.3469,3,155
3,1,279.3828,209.0888,3,208.5556,2.3469,3,161
3,1,227.3662,212.3205,3,69.5556,2.3469,3,56
3,1,287.0732,299.3240,3,181.1111,2.3469,3,135
3,1,203.4748,260.0321,3,211.4444,2.3469,3,171
3,1,233.4867,305.1831,3,205.6667,2.3469,3,166
3,1,262.2536,316.4129,3,91.2222,2.3469,3,72
3,1,202.4740,229.2188,3,79.2222,2.3469,3,64
3,1,206.3517,290.3878,3,99.5556,2.3469,3,80
3,1,252.1594,195.1983,3,28.1111,2.3469,3,21
3,1,307.0697,222.0300,3,174.4444,2.3469,3,125
3,1,311.4866,282.2870,3,86.6667,2.3469,3,72
3,1,177.2119,246.2485,3,85.8889,2.3469,3,62
3,1,179.1409,277.2692,3,89.1111,2.3469,3,62
3,1,304.1580,192.1652,3,81.0000,2.3469,3,57
3,1,336.3150,265.2442,3,68.0000,2.3469,3,54
3,1,314.2299,312.3398,3,74.7778,2.3469,3,56
3,1,277.0835,178.1017,3,13.5556,2.3469,3,11
3,1,289.5000,330.1200,3,80.7778,2.3469,3,53
3,1,209.0419,322.0369,3,69.3333,2.3469,3,48
3,1,334.3495,234.5239,3,135.0000,2.3469,3,99
3,1,224.2109,181.2802,3,9.7778,2.3469,3,6
3,1,199.2435,198.3394,3,11.2222,2.3469,3,9
3,1,236.3020,335.0062,3,56.0000,2.3469,3,39
3,1,174.3441,216.2251,3,12.7778,2.3469,3,9
3,1,181.3289,308.1240,3,84.5556,2.3469,3,61
3,1,339.3650,295.4737,3,100.4444,2.3469,3,84
3,1,331.4665,204.4829,3,126.6667,2.3469,3,108
3,1,249.2200,164.1504,3,9.4444,2.3469,3,6
3,1,264.4343,348.0446,3,118.3333,2.3469,3,83
3,1,152.1865,263.4729,3,66.6667,2.3469,3,48
3,1,361.0653,248.2789,3,103.4444,2.3469,3,73
3,1,302.0344,161.1247,3,17.4444,2.3469,3,11
3,1,211.1992,352.3938,3,108.3333,2.3469,3,80
3,1,317.1547,343.1968,3,71.5556,2.3469,3,51
3,1,154.0928,294.2398,3,92.0000,2.3469,3,61
3,1,183.4354,338.1863,3,39.1111,2.3469,3,30
3,1,329.2722,174.0645,3,13.6667,2.3469,3,8
3,1,359.1283,217.5597,3,63.1111,2.3469,3,44
3,1,341.4749,325.4376,3,44.7778,2.3469,3,37
3,1,239.1525,365.2506,3,43.0000,2.3469,3,33
3,1,363.5089,279.0425,3,31.4444,2.3469,3,22
3,1,292.1099,360.3761,3,38.2222,2.3469,3,28
3,1,356.1959,188.0811,3,37.8889,2.3469,3,25
3,1,156.2858,325.1815,3,71.4444,2.3469,3,53
3,1,366.4382,309.0855,3,49.0000,2.3469,3,37
3,1,267.0519,378.2216,3,46.1111,2.3469,3,33
3,1,386.3411,230.4680,3,38.5556,2.3469,3,32
3,1,186.3771,369.2060,3,26.1111,2.3469,3,20
3,1,214.2838,382.1246,3,31.0000,2.3469,3,23
3,1,389.1699,261.2288,3,39.4444,2.3469,3,26
3,1,319.1279,374.1566,3,37.6667,2.3469,3,26
3,1,344.1902,357.1564,3,26.7778,2.3469,3,17
3,1,130.1773,311.2959,3,78.8889,2.3469,3,54
3,1,383.3272,201.0259,3,42.5556,2.3469,3,32
3,1,159.2709,355.3541,3,37.0000,2.3469,3,28
3,1,241.4886,395.2247,3,29.0000,2.3469,3,20
3,1,294.3005,391.0118,3,45.0000,2.3469,3,32
3,1,391.4229,291.2576,3,28.4444,2.3469,3,22
3,1,369.3048,339.3713,3,28.8889,2.3469,3,20
3,1,131.3743,342.2628,3,77.4444,2.3469,3,54
3,1,394.1659,322.0476,3,33.7778,2.3469,3,24
3,1,269.0364,408.4472,3,40.3333,2.3469,3,28
3,1,189.5139,398.5168,3,39.5556,2.3469,3,26
3,1,414.4056,244.2107,3,34.0000,2.3469,3,26
3,1,410.3533,213.2769,3,10.1111,2.3469,3,10
3,1,347.1032,388.0199,3,34.3333,2.3469,3,22
3,1,416.1078,274.1597,3,37.8889,2.3469,3,25
3,1,161.2109,386.2184,3,36.4444,2.3469,3,25
3,1,216.4262,412.4421,3,26.5556,2.3469,3,21
3,1,372.1670,369.3198,3,19.6667,2.3469,3,14
3,1,322.1189,404.1311,3,12.3333,2.3469,3,9
3,1,134.2005,372.4102,3,47.3333,2.3469,3,32
3,1,396.3729,352.4098,3,25.1111,2.3469,3,19
3,1,419.0814,305.1726,3,45.2222,2.3469,3,29
3,1,243.2460,426.3668,3,21.0000,2.3469,3,15
3,1,231.4832,87.1016,3,28.5556,2.3469,3,20
3,1,296.3288,422.3950,3,18.8889,2.3469,3,16
3,1,285.0259,83.1881,3,23.1111,2.3469,3,15
3,1,154.0845,109.1256,3,9.4444,2.3469,3,5
3,1,179.1870,92.2222,3,10.0000,2.3469,3,7
3,1,439.3645,257.1481,3,22.0000,2.3469,3,15
3,1,272.0725,438.3098,3,9.7778,2.3469,3,7
3,1,422.3347,335.2307,3,23.3333,2.3469,3,18
3,1,257.0360,71.0180,3,11.2222,2.3469,3,7
3,1,81.1625,195.2760,3,13.6667,2.3469,3,10
3,1,163.3032,417.0657,3,29.8889,2.3469,3,20
3,1,374.2602,400.2574,3,16.7778,2.3469,3,11
3,1,191.0537,430.3806,3,22.0000,2.3469,3,16
3,1,349.1350,418.0153,3,23.3333,2.3469,3,14
3,1,137.1946,402.4367,3,16.6667,2.3469,3,11
3,1,443.4941,287.4106,3,25.2222,2.3469,3,19
3,1,219.2526,443.0955,3,18.0000,2.3469,3,13
3,1,324.0356,435.1909,3,13.1111,2.3469,3,8
3,1,399.2084,383.2348,3,13.6667,2.3469,3,9
3,1,61.1645,274.1977,3,18.7778,2.3469,3,12
3,1,338.1198,78.1484,3,8.2222,2.3469,3,5
3,1,365.1515,91.1919,3,5.7778,2.3469,3,4
3,1,58.2509,243.1909,3,9.7778,2.3469,3,7
3,1,446.2887,318.1138,3,20.7778,2.3469,3,14
3,1,424.2807,365.2565,3,12.0000,2.3469,3,7
3,1,299.1806,452.2609,3,13.4444,2.3469,3,8
3,1,246.1414,456.2730,3,12.5556,2.3469,3,10
3,1,425.2612,146.0746,3,8.3333,2.3469,3,4
3,1,66.1975,336.0335,3,8.6667,2.3469,3,5
3,1,166.3219,447.1157,3,18.4444,2.3469,3,11
3,1,377.0363,432.2096,3,15.4444,2.3469,3,9
3,1,448.4591,348.1032,3,23.0000,2.3469,3,16
3,1,193.4964,461.1577,3,39.3333,2.3469,3,28
3,1,352.0376,448.3237,3,15.7778,2.3469,3,11
3,1,273.3571,470.1696,3,16.0000,2.3469,3,11
3,1,402.3043,413.4730,3,21.1111,2.3469,3,16
3,1,221.2411,474.3732,3,12.2222,2.3469,3,8
3,1,427.2000,397.0455,3,11.4444,2.3469,3,8
3,1,327.2872,465.2137,3,7.7778,2.3469,3,6
3,1,451.4500,379.0276,3,12.4444,2.3469,3,8
3,1,249.1300,487.2982,3,15.8889,2.3469,3,9
3,1,302.1071,483.2479,3,10.8889,2.3469,3,6
3,1,40.2200,352.1000,3,9.3333,2.3469,3,5
3,1,404.3124,443.2581,3,13.4444,2.3469,3,9
3,1,102.2389,440.2028,3,3.7778,2.3469,3,5
3,1,380.0608,462.0684,3,10.3333,2.3469,3,8
3,1,429.2203,427.0396,3,21.5556,2.3469,3,13
3,1,354.1730,479.0319,3,23.8889,2.3469,3,15
3,1,276.3799,500.1808,3,15.3333,2.3469,3,10
3,1,329.1528,496.0142,3,13.6667,2.3469,3,8
4,1,255.7110,256.1277,3,197.7778,2.3469,3,192
4,1,229.4087,242.2534,3,185.3333,2.3469,3,140
4,1,284.1579,268.4194,3,199.2222,2.3469,3,159
4,1,281.5023,238.6206,3,186.1111,2.3469,3,125
4,1,231.4452,273.5095,3,135.5556,2.3469,3,103
4,1,254.4433,225.2948,3,83.3333,2.3469,3,67
4,1,259.4052,286.5190,3,155.7778,2.3469,3,114
4,1,308.3725,252.1553,3,198.7778,2.3469,3,155
4,1,279.3828,209.0888,3,208.5556,2.3469,3,161
4,1,227.3662,212.3205,3,69.5556,2.3469,3,56
4,1,287.0732,299.3240,3,181.1111,2.3469,3,135
4,1,203.4748,260.0321,3,211.4444,2.3469,3,171
4,1,233.4867,305.1831,3,205.6667,2.3469,3,166
4,1,262.2536,316.4129,3,91.2222,2.3469,3,72
4,1,202.4740,229.2188,3,79.2222,2.3469,3,64
4,1,206.3517,290.3878,3,99.5556,2.3469,3,80
4,1,252.1594,195.1983,3,28.1111,2.3469,3,21
4,1,307.0697,222.0300,3,174.4444,2.3469,3,125
4,1,311.4866,282.2870,3,86.6667,2.3469,3,72
4,1,177.2119,246.2485,3,85.8889,2.3469,3,62
4,1,179.1409,277.2692,3,89.1111,2.3469,3,62
4,1,304.1580,192.1652,3,81.0000,2.3469,3,57
4,1,336.3150,265.2442,3,68.0000,2.3469,3,54
4,1,314.2299,312.3398,3,74.7778,2.3469,3,56
4,1,277.0835,178.1017,3,13.5556,2.3469,3,11
4,1,289.5000,330.1200,3,80.7778,2.3469,3,53
4,1,209.0419,322.0369,3,69.3333,2.3469,3,48
4,1,334.3495,234.5239,3,135.0000,2.3469,3,99
4,1,224.2109,181.2802,3,9.7778,2.3469,3,6
4,1,199.2435,198.3394,3,11.2222,2.3469,3,9
4,1,236.3020,335.0062,3,56.0000,2.3469,3,39
4,1,174.3441,216.2251,3,12.7778,2.3469,3,9
4,1,181.3289,308.1240,3,84.5556,2.3469,3,61
4,1,339.3650,295.4737,3,100.4444,2.3469,3,84
4,1,331.4665,204.4829,3,126.6667,2.3469,3,108
4,1,249.2200,164.1504,3,9.4444,2.3469,3,6
4,1,264.4343,348.0446,3,118.3333,2.3469,3,83
4,1,152.1865,263.4729,3,66.6667,2.3469,3,48
4,1,361.0653,248.2789,3,103.4444,2.3469,3,73
4,1,302.0344,161.1247,3,17.4444,2.3469,3,11
4,1,211.1992,352.3938,3,108.3333,2.3469,3,80
4,1,317.1547,343.1968,3,71.5556,2.3469,3,51
4,1,154.0928,294.2398,3,92.0000,2.3469,3,61
4,1,183.4354,338.1863,3,39.1111,2.3469,3,30
4,1,329.2722,174.0645,3,13.6667,2.3469,3,8
4,1,359.1283,217.5597,3,63.1111,2.3469,3,44
4,1,341.4749,325.4376,3,44.7778,2.3469,3,37
4,1,239.1525,365.2506,3,43.0000,2.3469,3,33
4,1,363.5089,279.0425,3,31.4444,2.3469,3,22
4,1,292.1099,360.3761,3,38.2222,2.3469,3,28
4,1,356.1959,188.0811,3,37.8889,2.3469,3,25
4,1,156.2858,325.1815,3,71.4444,2.3469,3,53
4,1,366.4382,309.0855,3,49.0000,2.3469,3,37
4,1,267.0519,378.2216,3,46.1111,2.3469,3,33
4,1,386.3411,230.4680,3,38.5556,2.3469,3,32
4,1,186.3771,369.2060,3,26.1111,2.3469,3,20
4,1,214.2838,382.1246,3,31.0000,2.3469,3,23
4,1,389.1699,261.2288,3,39.4444,2.3469,3,26
4,1,319.1279,374.1566,3,37.6667,2.3469,3,26
4,1,344.1902,357.1564,3,26.7778,2.3469,3,17
4,1,130.1773,311.2959,3,78.8889,2.3469,3,54
4,1,383.3272,201.0259,3,42.5556,2.3469,3,32
4,1,159.2709,355.3541,3,37.0000,2.3469,3,28
4,1,241.4886,395.2247,3,29.0000,2.3469,3,20
4,1,294.3005,391.0118,3,45.0000,2.3469,3,32
4,1,391.4229,291.2576,3,28.4444,2.3469,3,22
4,1,369.3048,339.3713,3,28.8889,2.3469,3,20
4,1,131.3743,342.2628,3,77.4444,2.3469,3,54
4,1,394.1659,322.0476,3,33.7778,2.3469,3,24
4,1,269.0364,408.4472,3,40.3333,2.3469,3,28
4,1,189.5139,398.5168,3,39.5556,2.3469,3,26
4,1,414.4056,244.2107,3,34.0000,2.3469,3,26
4,1,410.3533,213.2769,3,10.1111,2.3469,3,10
4,1,347.1032,388.0199,3,34.3333,2.3469,3,22
4,1,416.1078,274.1597,3,37.8889,2.3469,3,25
4,1,161.2109,386.2184,3,36.4444,2.3469,3,25
4,1,216.4262,412.4421,3,26.5556,2.3469,3,21
4,1,372.1670,369.3198,3,19.6667,2.3469,3,14
4,1,322.1189,404.1311,3,12.3333,2.3469,3,9
4,1,134.2005,372.4102,3,47.3333,2.3469,3,32
4,1,396.3729,352.4098,3,25.1111,2.3469,3,19
4,1,419.0814,305.1726,3,45.2222,2.3469,3,29
4,1,243.2460,426.3668,3,21.0000,2.3469,3,15
4,1,231.4832,87.1016,3,28.5556,2.3469,3,20
4,1,296.3288,422.3950,3,18.8889,2.3469,3,16
4,1,285.0259,83.1881,3,23.1111,2.3469,3,15
4,1,154.0845,109.1256,3,9.4444,2.3469,3,5
4,1,179.1870,92.2222,3,10.0000,2.3469,3,7
4,1,439.3645,257.1481,3,22.0000,2.3469,3,15
4,1,272.0725,438.3098,3,9.7778,2.3469,3,7
4,1,422.3347,335.2307,3,23.3333,2.3469,3,18
4,1,257.0360,71.0180,3,11.2222,2.3469,3,7
4,1,81.1625,195.2760,3,13.6667,2.3469,3,10
4,1,163.3032,417.0657,3,29.8889,2.3469,3,20
4,1,374.2602,400.2574,3,16.7778,2.3469,3,11
4,1,191.0537,430.3806,3,22.0000,2.3469,3,16
4,1,349.1350,418.0153,3,23.3333,2.3469,3,14
4,1,137.1946,402.4367,3,16.6667,2.3469,3,11
4,1,443.4941,287.4106,3,25.2222,2.3469,3,19
4,1,219.2526,443.0955,3,18.0000,2.3469,3,13
4,1,324.0356,435.1909,3,13.1111,2.3469,3,8
4,1,399.2084,383.2348,3,13.6667,2.3469,3,9
4,1,61.1645,274.1977,3,18.7778,2.3469,3,12
4,1,338.1198,78.1484,3,8.2222,2.3469,3,5
4,1,365.1515,91.1919,3,5.7778,2.3469,3,4
4,1,58.2509,243.1909,3,9.7778,2.3469,3,7
4,1,446.2887,318.1138,3,20.7778,2.3469,3,14
4,1,424.2807,365.2565,3,12.0000,2.3469,3,7
4,1,299.1806,452.2609,3,13.4444,2.3469,3,8
4,1,246.1414,456.2730,3,12.5556,2.3469,3,10
4,1,425.2612,146.0746,3,8.3333,2.3469,3,4
4,1,66.1975,336.0335,3,8.6667,2.3469,3,5
4,1,166.3219,447.1157,3,18.4444,2.3469,3,11
4,1,377.0363,432.2096,3,15.4444,2.3469,3,9
4,1,448.4591,348.1032,3,23.0000,2.3469,3,16
4,1,193.4964,461.1577,3,39.3333,2.3469,3,28
4,1,352.0376,448.3237,3,15.7778,2.3469,3,11
4,1,273.3571,470.1696,3,16.0000,2.3469,3,11
4,1,402.3043,413.4730,3,21.1111,2.3469,3,16
4,1,221.2411,474.3732,3,12.2222,2.3469,3,8
4,1,427.2000,397.0455,3,11.4444,2.3469,3,8
4,1,327.2872,465.2137,3,7.7778,2.3469,3,6
4,1,451.4500,379.0276,3,12.4444,2.3469,3,8
4,1,249.1300,487.2982,3,15.8889,2.3469,3,9
4,1,302.1071,483.2479,3,10.8889,2.3469,3,6
4,1,40.2200,352.1000,3,9.3333,2.3469,3,5
4,1,404.3124,443.2581,3,13.4444,2.3469,3,9
4,1,102.2389,440.2028,3,3.7778,2.3469,3,5
4,1,380.0608,462.0684,3,10.3333,2.3469,3,8
4,1,429.2203,427.0396,3,21.5556,2.3469,3,13
4,1,354.1730,479.0319,3,23.8889,2.3469,3,15
4,1,276.3799,500.1808,3,15.3333,2.3469,3,10
4,1,329.1528,496.0142,3,13.6667,2.3469,3,8
5,1,255.7110,256.1277,3,197.7778,2.3469,3,192
5,1,229.4087,242.2534,3,185.3333,2.3469,3,140
5,1,284.1579,268.4194,3,199.2222,2.3469,3,159
5,1,281.5023,238.6206,3,186.1111,2.3469,3,125
5,1,231.4452,273.5095,3,135.5556,2.3469,3,103
5,1,254.4433,225.2948,3,83.3333,2.3469,3,67
5,1,259.4052,286.5190,3,155.7778,2.3469,3,114
5,1,308.3725,252.1553,3,198.7778,2.3469,3,155
5,1,279.3828,209.0888,3,208.5556,2.3469,3,161
5,1,227.3662,212.3205,3,69.5556,2.3469,3,56
5,1,287.0732,299.3240,3,181.1111,2.3469,3,135
5,1,203.4748,260.0321,3,211.4444,2.3469,3,171
5,1,233.4867,305.1831,3,205.6667,2.3469,3,166
5,1,262.2536,316.4129,3,91.2222,2.3469,3,72
5,1,202.4740,229.2188,3,79.2222,2.3469,3,64
5,1,206.3517,290.3878,3,99.5556,2.3469,3,80
5,1,252.1594,195.1983,3,28.1111,2.3469,3,21
5,1,307.0697,222.0300,3,174.4444,2.3469,3,125
5,1,311.4866,282.2870,3,86.6667,2.3469,3,72
5,1,177.2119,246.2485,3,85.8889,2.3469,3,62
5,1,179.1409,277.2692,3,89.1111,2.3469,3,62
5,1,304.1580,192.1652,3,81.0000,2.3469,3,57
5,1,336.3150,265.2442,3,68.0000,2.3469,3,54
5,1,314.2299,312.3398,3,74.7778,2.3469,3,56
5,1,277.0835,178.1017,3,13.5556,2.3469,3,11
5,1,289.5000,330.1200,3,80.7778,2.3469,3,53
5,1,209.0419,322.0369,3,69.3333,2.3469,3,48
5,1,334.3495,234.5239,3,135.0000,2.3469,3,99
5,1,224.2109,181.2802,3,9.7778,2.3469,3,6
5,1,199.2435,198.3394,3,11.2222,2.3469,3,9
5,1,236.3020,335.0062,3,56.0000,2.3469,3,39
5,1,174.3441,216.2251,3,12.7778,2.3469,3,9
5,1,181.3289,308.1240,3,84.5556,2.3469,3,61
5,1,339.3650,295.4737,3,100.4444,2.3469,3,84
5,1,331.4665,204.4829,3,126.6667,2.3469,3,108
5,1,249.2200,164.1504,3,9.4444,2.3469,3,6
5,1,264.4343,348.0446,3,118.3333,2.3469,3,83
5,1,152.1865,263.4729,3,66.6667,2.3469,3,48
5,1,361.0653,248.2789,3,103.4444,2.3469,3,73
5,1,302.0344,161.1247,3,17.4444,2.3469,3,11
5,1,211.1992,352.3938,3,108.3333,2.3469,3,80
5,1,317.1547,343.1968,3,71.5556,2.3469,3,51
5,1,154.0928,294.2398,3,92.0000,2.3469,3,61
5,1,183.4354,338.1863,3,39.1111,2.3469,3,30
5,1,329.2722,174.0645,3,13.6667,2.3469,3,8
5,1,359.1283,217.5597,3,63.1111,2.3469,3,44
5,1,341.4749,325.4376,3,44.7778,2.3469,3,37
5,1,239.1525,365.2506,3,43.0000,2.3469,3,33
5,1,363.5089,279.0425,3,31.4444,2.3469,3,22
5,1,292.1099,360.3761,3,38.2222,2.3469,3,28
5,1,356.1959,188.0811,3,37.8889,2.3469,3,25
5,1,156.2858,325.1815,3,71.4444,2.3469,3,53
5,1,366.4382,309.0855,3,49.0000,2.3469,3,37
5,1,267.0519,378.2216,3,46.1111,2.3469,3,33
5,1,386.3411,230.4680,3,38.5556,2.3469,3,32
5,1,186.3771,369.2060,3,26.1111,2.3469,3,20
5,1,214.2838,382.1246,3,31.0000,2.3469,3,23
5,1,389.1699,261.2288,3,39.4444,2.3469,3,26
5,1,319.1279,374.1566,3,37.6667,2.3469,3,26
5,1,344.1902,357.1564,3,26.7778,2.3469,3,17
5,1,130.1773,311.2959,3,78.8889,2.3469,3,54
5,1,383.3272,201.0259,3,42.5556,2.3469,3,32
5,1,159.2709,355.3541,3,37.0000,2.3469,3,28
5,1,241.4886,395.2247,3,29.0000,2.3469,3,20
5,1,294.3005,391.0118,3,45.0000,2.3469,3,32
5,1,391.4229,291.2576,3,28.4444,2.3469,3,22
5,1,369.3048,339.3713,3,28.8889,2.3469,3,20
5,1,131.3743,342.2628,3,77.4444,2.3469,3,54
5,1,394.1659,322.0476,3,33.7778,2.3469,3,24
5,1,269.0364,408.4472,3,40.3333,2.3469,3,28
5,1,189.5139,398.5168,3,39.5556,2.3469,3,26
5,1,414.4056,244.2107,3,34.0000,2.3469,3,26
5,1,410.3533,213.2769,3,10.1111,2.3469,3,10
5,1,347.1032,388.0199,3,34.3333,2.3469,3,22
5,1,416.1078,274.1597,3,37.8889,2.3469,3,25
5,1,161.2109,386.2184,3,36.4444,2.3469,3,25
5,1,216.4262,412.4421,3,26.5556,2.3469,3,21
5,1,372.1670,369.3198,3,19.6667,2.3469,3,14
5,1,322.1189,404.1311,3,12.3333,2.3469,3,9
5,1,134.2005,372.4102,3,47.3333,2.3469,3,32
5,1,396.3729,352.4098,3,25.1111,2.3469,3,19
5,1,419.0814,305.1726,3,45.2222,2.3469,3,29
5,1,243.2460,426.3668,3,21.0000,2.3469,3,15
5,1,231.4832,87.1016,3,28.5556,2.3469,3,20
5,1,296.3288,422.3950,3,18.8889,2.3469,3,16
5,1,285.0259,83.1881,3,23.1111,2.3469,3,15
5,1,154.0845,109.1256,3,9.4444,2.3469,3,5
5,1,179.1870,92.2222,3,10.0000,2.3469,3,7
5,1,439.3645,257.1481,3,22.0000,2.3469,3,15
5,1,272.0725,438.3098,3,9.7778,2.3469,3,7
5,1,422.3347,335.2307,3,23.3333,2.3469,3,18
5,1,257.0360,71.0180,3,11.2222,2.3469,3,7
5,1,81.1625,195.2760,3,13.6667,2.3469,3,10
5,1,163.3032,417.0657,3,29.8889,2.3469,3,20
5,1,374.2602,400.2574,3,16.7778,2.3469,3,11
5,1,191.0537,430.3806,3,22.0000,2.3469,3,16
5,1,349.1350,418.0153,3,23.3333,2.3469,3,14
5,1,137.1946,402.4367,3,16.6667,2.3469,3,11
5,1,443.4941,287.4106,3,25.2222,2.3469,3,19
5,1,219.2526,443.0955,3,18.0000,2.3469,3,13
5,1,324.0356,435.1909,3,13.1111,2.3469,3,8
5,1,399.2084,383.2348,3,13.6667,2.3469,3,9
5,1,61.1645,274.1977,3,18.7778,2.3469,3,12
5,1,338.1198,78.1484,3,8.2222,2.3469,3,5
5,1,365.1515,91.1919,3,5.7778,2.3469,3,4
5,1,58.2509,243.1909,3,9.7778,2.3469,3,7
5,1,446.2887,318.1138,3,20.7778,2.3469,3,14
5,1,424.2807,365.2565,3,12.0000,2.3469,3,7
5,1,299.1806,452.2609,3,13.4444,2.3469,3,8
5,1,246.1414,456.2730,3,12.5556,2.3469,3,10
5,1,425.2612,146.0746,3,8.3333,2.3469,3,4
5,1,66.1975,336.0335,3,8.6667,2.3469,3,5
5,1,166.3219,447.1157,3,18.4444,2.3469,3,11
5,1,377.0363,432.2096,3,15.4444,2.3469,3,9
5,1,448.4591,348.1032,3,23.0000,2.3469,3,16
5,1,193.4964,461.1577,3,39.3333,2.3469,3,28
5,1,352.0376,448.3237,3,15.7778,2.3469,3,11
5,1,273.3571,470.1696,3,16.0000,2.3469,3,11
5,1,402.3043,413.4730,3,21.1111,2.3469,3,16
5,1,221.2411,474.3732,3,12.2222,2.3469,3,8
5,1,427.2000,397.0455,3,11.4444,2.3469,3,8
5,1,327.2872,465.2137,3,7.7778,2.3469,3,6
5,1,451.4500,379.0276,3,12.4444,2.3469,3,8
5,1,249.1300,487.2982,3,15.8889,2.3469,3,9
5,1,302.1071,483.2479,3,10.8889,2.3469,3,6
5,1,40.2200,352.1000,3,9.3333,2.3469,3,5
5,1,404.3124,443.2581,3,13.4444,2.3469,3,9
5,1,102.2389,440.2028,3,3.7778,2.3469,3,5
5,1,380.0608,462.0684,3,10.3333,2.3469,3,8
5,1,429.2203,427.0396,3,21.5556,2.3469,3,13
5,1,354.1730,479.0319,3,23.8889,2.3469,3,15
5,1,276.3799,500.1808,3,15.3333,2.3469,3,10
5,1,329.1528,496.0142,3,13.6667,2.3469,3,8
6,1,255.7110,256.1277,3,197.7778,2.3469,3,192
6,1,229.4087,242.2534,3,185.3333,2.3469,3,140
6,1,284.1579,268.4194,3,199.2222,2.3469,3,159
6,1,281.5023,238.6206,3,186.1111,2.3469,3,125
6,1,231.4452,273.5095,3,135.5556,2.3469,3,103
6,1,254.4433,225.2948,3,83.3333,2.3469,3,67
6,1,259.4052,286.5190,3,155.7778,2.3469,3,114
6,1,308.3725,252.1553,3,198.7778,2.3469,3,155
6,1,279.3828,209.0888,3,208.5556,2.3469,3,161
6,1,227.3662,212.3205,3,69.5556,2.3469,3,56
6,1,287.0732,299.3240,3,181.1111,2.3469,3,135
6,1,203.4748,260.0321,3,211.4444,2.3469,3,171
6,1,233.4867,305.1831,3,205.6667,2.3469,3,166
6,1,262.2536,316.4129,3,91.2222,2.3469,3,72
6,1,202.4740,229.2188,3,79.2222,2.3469,3,64
6,1,206.3517,290.3878,3,99.5556,2.3469,3,80
6,1,252.1594,195.1983,3,28.1111,2.3469,3,21
6,1,307.0697,222.0300,3,174.4444,2.3469,3,125
6,1,311.4866,282.2870,3,86.6667,2.3469,3,72
6,1,177.2119,246.2485,3,85.8889,2.3469,3,62
6,1,179.1409,277.2692,3,89.1111,2.3469,3,62
6,1,304.1580,192.1652,3,81.0000,2.3469,3,57
6,1,336.3150,265.2442,3,68.0000,2.3469,3,54
6,1,314.2299,312.3398,3,74.7778,2.3469,3,56
6,1,277.0835,178.1017,3,13.5556,2.3469,3,11
6,1,289.5000,330.1200,3,80.7778,2.3469,3,53
6,1,209.0419,322.0369,3,69.3333,2.3469,3,48
6,1,334.3495,234.5239,3,135.0000,2.3469,3,99
6,1,224.2109,181.2802,3,9.7778,2.3469,3,6
6,1,199.2435,198.3394,3,11.2222,2.3469,3,9
6,1,236.3020,335.0062,3,56.0000,2.3469,3,39
6,1,174.3441,216.2251,3,12.7778,2.3469,3,9
6,1,181.3289,308.1240,3,84.5556,2.3469,3,61
6,1,339.3650,295.4737,3,100.4444,2.3469,3,84
6,1,331.4665,204.4829,3,126.6667,2.3469,3,108
6,1,249.2200,164.1504,3,9.4444,2.3469,3,6
6,1,264.4343,348.0446,3,118.3333,2.3469,3,83
6,1,152.1865,263.4729,3,66.6667,2.3469,3,48
6,1,361.0653,248.2789,3,103.4444,2.3469,3,73
6,1,302.0344,161.1247,3,17.4444,2.3469,3,11
6,1,211.1992,352.3938,3,108.3333,2.3469,3,80
6,1,317.1547,343.1968,3,71.5556,2.3469,3,51
6,1,154.0928,294.2398,3,92.0000,2.3469,3,61
6,1,183.4354,338.1863,3,39.1111,2.3469,3,30
6,1,329.2722,174.0645,3,13.6667,2.3469,3,8
6,1,359.1283,217.5597,3,63.1111,2.3469,3,44
6,1,341.4749,325.4376,3,44.7778,2.3469,3,37
6,1,239.1525,365.2506,3,43.0000,2.3469,3,33
6,1,363.5089,279.0425,3,31.4444,2.3469,3,22
6,1,292.1099,360.3761,3,38.2222,2.3469,3,28
6,1,356.1959,188.0811,3,37.8889,2.3469,3,25
6,1,156.2858,325.1815,3,71.4444,2.3469,3,53
6,1,366.4382,309.0855,3,49.0000,2.3469,3,37
6,1,267.0519,378.2216,3,46.1111,2.3469,3,33
6,1,386.3411,230.4680,3,38.5556,2.3469,3,32
6,1,186.3771,369.2060,3,26.1111,2.3469,3,20
6,1,214.2838,382.1246,3,31.0000,2.3469,3,23
6,1,389.1699,261.2288,3,39.4444,2.3469,3,26
6,1,319.1279,374.1566,3,37.6667,2.3469,3,26
6,1,344.1902,357.1564,3,26.7778,2.3469,3,17
6,1,130.1773,311.2959,3,78.8889,2.3469,3,54
6,1,383.3272,201.0259,3,42.5556,2.3469,3,32
6,1,159.2709,355.3541,3,37.0000,2.3469,3,28
6,1,241.4886,395.2247,3,29.0000,2.3469,3,20
6,1,294.3005,391.0118,3,45.0000,2.3469,3,32
6,1,391.4229,291.2576,3,28.4444,2.3469,3,22
6,1,369.3048,339.3713,3,28.8889,2.3469,3,20
6,1,131.3743,342.2628,3,77.4444,2.3469,3,54
6,1,394.1659,322.0476,3,33.7778,2.3469,3,24
6,1,269.0364,408.4472,3,40.3333,2.3469,3,28
6,1,189.5139,398.5168,3,39.5556,2.3469,3,26
6,1,414.4056,244.2107,3,34.0000,2.3469,3,26
6,1,410.3533,213.2769,3,10.1111,2.3469,3,10
6,1,347.1032,388.0199,3,34.3333,2.3469,3,22
6,1,416.1078,274.1597,3,37.8889,2.3469,3,25
6,1,161.2109,386.2184,3,36.4444,2.3469,3,25
6,1,216.4262,412.4421,3,26.5556,2.3469,3,21
6,1,372.1670,369.3198,3,19.6667,2.3469,3,14
6,1,322.1189,404.1311,3,12.3333,2.3469,3,9
6,1,134.2005,372.4102,3,47.3333,2.3469,3,32
6,1,396.3729,352.4098,3,25.1111,2.3469,3,19
6,1,419.0814,305.1726,3,45.2222,2.3469,3,29
6,1,243.2460,426.3668,3,21.0000,2.3469,3,15
6,1,231.4832,87.1016,3,28.5556,2.3469,3,20
6,1,296.3288,422.3950,3,18.8889,2.3469,3,16
6,1,285.0259,83.1881,3,23.1111,2.3469,3,15
6,1,154.0845,109.1256,3,9.4444,2.3469,3,5
6,1,179.1870,92.2222,3,10.0000,2.3469,3,7
6,1,439.3645,257.1481,3,22.0000,2.3469,3,15
6,1,272.0725,438.3098,3,9.7778,2.3469,3,7
6,1,422.3347,335.2307,3,23.3333,2.3469,3,18
6,1,257.0360,71.0180,3,11.2222,2.3469,3,7
6,1,81.1625,195.2760,3,13.6667,2.3469,3,10
6,1,163.3032,417.0657,3,29.8889,2.3469,3,20
6,1,374.2602,400.2574,3,16.7778,2.3469,3,11
6,1,191.0537,430.3806,3,22.0000,2.3469,3,16
6,1,349.1350,418.0153,3,23.3333,2.3469,3,14
6,1,137.1946,402.4367,3,16.6667,2.3469,3,11
6,1,443.4941,287.4106,3,25.2222,2.3469,3,19
6,1,219.2526,443.0955,3,18.0000,2.3469,3,13
6,1,324.0356,435.1909,3,13.1111,2.3469,3,8
6,1,399.2084,383.2348,3,13.6667,2.3469,3,9
6,1,61.1645,274.1977,3,18.7778,2.3469,3,12
6,1,338.1198,78.1484,3,8.2222,2.3469,3,5
6,1,365.1515,91.1919,3,5.7778,2.3469,3,4
6,1,58.2509,243.1909,3,9.7778,2.3469,3,7
6,1,446.2887,318.1138,3,20.7778,2.3469,3,14
6,1,424.2807,365.2565,3,12.0000,2.3469,3,7
6,1,299.1806,452.2609,3,13.4444,2.3469,3,8
6,1,246.1414,456.2730,3,12.5556,2.3469,3,10
6,1,425.2612,146.0746,3,8.3333,2.3469,3,4
6,1,66.1975,336.0335,3,8.6667,2.3469,3,5
6,1,166.3219,447.1157,3,18.4444,2.3469,3,11
6,1,377.0363,432.2096,3,15.4444,2.3469,3,9
6,1,448.4591,348.1032,3,23.0000,2.3469,3,16
6,1,193.4964,461.1577,3,39.3333,2.3469,3,28
6,1,352.0376,448.3237,3,15.7778,2.3469,3,11
6,1,273.3571,470.1696,3,16.0000,2.3469,3,11
6,1,402.3043,413.4730,3,21.1111,2.3469,3,16
6,1,221.2411,474.3732,3,12.2222,2.3469,3,8
6,1,427.2000,397.0455,3,11.4444,2.3469,3,8
6,1,327.2872,465.2137,3,7.7778,2.3469,3,6
6,1,451.4500,379.0276,3,12.4444,2.3469,3,8
6,1,249.1300,487.2982,3,15.8889,2.3469,3,9
6,1,302.1071,483.2479,3,10.8889,2.3469,3,6
6,1,40.2200,352.1000,3,9.3333,2.3469,3,5
6,1,404.3124,443.2581,3,13.4444,2.3469,3,9
6,1,102.2389,440.2028,3,3.7778,2.3469,3,5
6,1,380.0608,462.0684,3,10.3333,2.3469,3,8
6,1,429.2203,427.0396,3,21.5556,2.3469,3,13
6,1,354.1730,479.0319,3,23.8889,2.3469,3,15
6,1,276.3799,500.1808,3,15.3333,2.3469,3,10
6,1,329.1528,496.0142,3,13.6667,2.3469,3,8
7,1,255.7110,256.1277,3,197.7778,2.3469,3,192
7,1,229.4087,242.2534,3,185.3333,2.3469,3,140
7,1,284.1579,268.4194,3,199.2222,2.3469,3,159
7,1,281.5023,238.6206,3,186.1111,2.3469,3,125
7,1,231.4452,273.5095,3,135.5556,2.3469,3,103
7,1,254.4433,225.2948,3,83.3333,2.3469,3,67
7,1,259.4052,286.5190,3,155.7778,2.3469,3,114
7,1,308.3725,252.1553,3,198.7778,2.3469,3,155
7,1,279.3828,209.0888,3,208.5556,2.3469,3,161
7,1,227.3662,212.3205,3,69.5556,2.3469,3,56
7,1,287.0732,299.3240,3,181.1111,2.3469,3,135
7,1,203.4748,260.0321,3,211.4444,2.3469,3,171
7,1,233.4867,305.1831,3,205.6667,2.3469,3,166
7,1,262.2536,316.4129,3,91.2222,2.3469,3,72
7,1,202.4740,229.2188,3,79.2222,2.3469,3,64
7,1,206.3517,290.3878,3,99.5556,2.3469,3,80
7,1,252.1594,195.1983,3,28.1111,2.3469,3,21
7,1,307.0697,222.0300,3,174.4444,2.3469,3,125
7,1,311.4866,282.2870,3,86.6667,2.3469,3,72
7,1,177.2119,246.2485,3,85.8889,2.3469,3,62
7,1,179.1409,277.2692,3,89.1111,2.3469,3,62
7,1,304.1580,192.1652,3,81.0000,2.3469,3,57
7,1,336.3150,265.2442,3,68.0000,2.3469,3,54
7,1,314.2299,312.3398,3,74.7778,2.3469,3,56
7,1,277.0835,178.1017,3,13.5556,2.3469,3,11
7,1,289.5000,330.1200,3,80.7778,2.3469,3,53
7,1,209.0419,322.0369,3,69.3333,2.3469,3,48
7,1,334.3495,234.5239,3,135.0000,2.3469,3,99
7,1,224.2109,181.2802,3,9.7778,2.3469,3,6
7,1,199.2435,198.3394,3,11.2222,2.3469,3,9
7,1,236.3020,335.0062,3,56.0000,2.3469,3,39
7,1,174.3441,216.2251,3,12.7778,2.3469,3,9
7,1,181.3289,308.1240,3,84.5556,2.3469,3,61
7,1,339.3650,295.4737,3,100.4444,2.3469,3,84
7,1,331.4665,204.4829,3,126.6667,2.3469,3,108
7,1,249.2200,164.1504,3,9.4444,2.3469,3,6
7,1,264.4343,348.0446,3,118.3333,2.3469,3,83
7,1,152.1865,263.4729,3,66.6667,2.3469,3,48
7,1,361.0653,248.2789,3,103.4444,2.3469,3,73
7,1,302.0344,161.1247,3,17.4444,2.3469,3,11
7,1,211.1992,352.3938,3,108.3333,2.3469,3,80
7,1,317.1547,343.1968,3,71.5556,2.3469,3,51
7,1,154.0928,294.2398,3,92.0000,2.3469,3,61
7,1,183.4354,338.1863,3,39.1111,2.3469,3,30
7,1,329.2722,174.0645,3,13.6667,2.3469,3,8
7,1,359.1283,217.5597,3,63.1111,2.3469,3,44
7,1,341.4749,325.4376,3,44.7778,2.3469,3,37
7,1,239.1525,365.2506,3,43.0000,2.3469,3,33
7,1,363.5089,279.0425,3,31.4444,2.3469,3,22
7,1,292.1099,360.3761,3,38.2222,2.3469,3,28
7,1,356.1959,188.0811,3,37.8889,2.3469,3,25
7,1,156.2858,325.1815,3,71.4444,2.3469,3,53
7,1,366.4382,309.0855,3,49.0000,2.3469,3,37
7,1,267.0519,378.2216,3,46.1111,2.3469,3,33
7,1,386.3411,230.4680,3,38.5556,2.3469,3,32
7,1,186.3771,369.2060,3,26.1111,2.3469,3,20
7,1,214.2838,382.1246,3,31.0000,2.3469,3,23
7,1,389.1699,261.2288,3,39.4444,2.3469,3,26
7,1,319.1279,374.1566,3,37.6667,2.3469,3,26
7,1,344.1902,357.1564,3,26.7778,2.3469,3,17
7,1,130.1773,311.2959,3,78.8889,2.3469,3,54
7,1,383.3272,201.0259,3,42.5556,2.3469,3,32
7,1,159.2709,355.3541,3,37.0000,2.3469,3,28
7,1,241.4886,395.2247,3,29.0000,2.3469,3,20
7,1,294.3005,391.0118,3,45.0000,2.3469,3,32
7,1,391.4229,291.2576,3,28.4444,2.3469,3,22
7,1,369.3048,339.3713,3,28.8889,2.3469,3,20
7,1,131.3743,342.2628,3,77.4444,2.3469,3,54
7,1,394.1659,322.0476,3,33.7778,2.3469,3,24
7,1,269.0364,408.4472,3,40.3333,2.3469,3,28
7,1,189.5139,398.5168,3,39.5556,2.3469,3,26
7,1,414.4056,244.2107,3,34.0000,2.3469,3,26
7,1,410.3533,213.2769,3,10.1111,2.3469,3,10
7,1,347.1032,388.0199,3,34.3333,2.3469,3,22
7,1,416.1078,274.1597,3,37.8889,2.3469,3,25
7,1,161.2109,386.2184,3,36.4444,2.3469,3,25
7,1,216.4262,412.4421,3,26.5556,2.3469,3,21
7,1,372.1670,369.3198,3,19.6667,2.3469,3,14
7,1,322.1189,404.1311,3,12.3333,2.3469,3,9
7,1,134.2005,372.4102,3,47.3333,2.3469,3,32
7,1,396.3729,352.4098,3,25.1111,2.3469,3,19
7,1,419.0814,305.1726,3,45.2222,2.3469,3,29
7,1,243.2460,426.3668,3,21.0000,2.3469,3,15
7,1,231.4832,87.1016,3,28.5556,2.3469,3,20
7,1,296.3288,422.3950,3,18.8889,2.3469,3,16
7,1,285.0259,83.1881,3,23.1111,2.3469,3,15
7,1,154.0845,109.1256,3,9.4444,2.3469,3,5
7,1,179.1870,92.2222,3,10.0000,2.3469,3,7
7,1,439.3645,257.1481,3,22.0000,2.3469,3,15
7,1,272.0725,438.3098,3,9.7778,2.3469,3,7
7,1,422.3347,335.2307,3,23.3333,2.3469,3,18
7,1,257.0360,71.0180,3,11.2222,2.3469,3,7
7,1,81.1625,195.2760,3,13.6667,2.3469,3,10
7,1,163.3032,417.0657,3,29.8889,2.3469,3,20
7,1,374.2602,400.2574,3,16.7778,2.3469,3,11
7,1,191.0537,430.3806,3,22.0000,2.3469,3,16
7,1,349.1350,418.0153,3,23.3333,2.3469,3,14
7,1,137.1946,402.4367,3,16.6667,2.3469,3,11
7,1,443.4941,287.4106,3,25.2222,2.3469,3,19
7,1,219.2526,443.0955,3,18.0000,2.3469,3,13
7,1,324.0356,435.1909,3,13.1111,2.3469,3,8
7,1,399.2084,383.2348,3,13.6667,2.3469,3,9
7,1,61.1645,274.1977,3,18.7778,2.3469,3,12
7,1,338.1198,78.1484,3,8.2222,2.3469,3,5
7,1,365.1515,91.1919,3,5.7778,2.3469,3,4
7,1,58.2509,243.1909,3,9.7778,2.3469,3,7
7,1,446.2887,318.1138,3,20.7778,2.3469,3,14
7,1,424.2807,365.2565,3,12.0000,2.3469,3,7
7,1,299.1806,452.2609,3,13.4444,2.3469,3,8
7,1,246.1414,456.2730,3,12.5556,2.3469,3,10
7,1,425.2612,146.0746,3,8.3333,2.3469,3,4
7,1,66.1975,336.0335,3,8.6667,2.3469,3,5
7,1,166.3219,447.1157,3,18.4444,2.3469,3,11
7,1,377.0363,432.2096,3,15.4444,2.3469,3,9
7,1,448.4591,348.1032,3,23.0000,2.3469,3,16
7,1,193.4964,461.1577,3,39.3333,2.3469,3,28
7,1,352.0376,448.3237,3,15.7778,2.3469,3,11
7,1,273.3571,470.1696,3,16.0000,2.3469,3,11
7,1,402.3043,413.4730,3,21.1111,2.3469,3,16
7,1,221.2411,474.3732,3,12.2222,2.3469,3,8
7,1,427.2000,397.0455,3,11.4444,2.3469,3,8
7,1,327.2872,465.2137,3,7.7778,2.3469,3,6
7,1,451.4500,379.0276,3,12.4444,2.3469,3,8
7,1,249.1300,487.2982,3,15.8889,2.3469,3,9
7,1,302.1071,483.2479,3,10.8889,2.3469,3,6
7,1,40.2200,352.1000,3,9.3333,2.3469,3,5
7,1,404.3124,443.2581,3,13.4444,2.3469,3,9
7,1,102.2389,440.2028,3,3.7778,2.3469,3,5
7,1,380.0608,462.0684,3,10.3333,2.3469,3,8
7,1,429.2203,427.0396,3,21.5556,2.3469,3,13
7,1,354.1730,479.0319,3,23.8889,2.3469,3,15
7,1,276.3799,500.1808,3,15.3333,2.3469,3,10
7,1,329.1528,496.0142,3,13.6667,2.3469,3,8
8,1,255.7110,256.1277,3,197.7778,2.3469,3,192
8,1,229.4087,242.2534,3,185.3333,2.3469,3,140
8,1,284.1579,268.4194,3,199.2222,2.3469,3,159
8,1,281.5023,238.6206,3,186.1111,2.3469,3,125
8,1,231.4452,273.5095,3,135.5556,2.3469,3,103
8,1,254.4433,225.2948,3,83.3333,2.3469,3,67
8,1,259.4052,286.5190,3,155.7778,2.3469,3,114
8,1,308.3725,252.1553,3,198.7778,2.3469,3,155
8,1,279.3828,209.0888,3,208.5556,2.3469,3,161
8,1,227.3662,212.3205,3,69.5556,2.3469,3,56
8,1,287.0732,299.3240,3,181.1111,2.3469,3,135
8,1,203.4748,260.0321,3,211.4444,2.3469,3,171
8,1,233.4867,305.1831,3,205.6667,2.3469,3,166
8,1,262.2536,316.4129,3,91.2222,2.3469,3,72
8,1,202.4740,229.2188,3,79.2222,2.3469,3,64
8,1,206.3517,290.3878,3,99.5556,2.3469,3,80
8,1,252.1594,195.1983,3,28.1111,2.3469,3,21
8,1,307.0697,222.0300,3,174.4444,2.3469,3,125
8,1,311.4866,282.2870,3,86.6667,2.3469,3,72
8,1,177.2119,246.2485,3,85.8889,2.3469,3,62
8,1,179.1409,277.2692,3,89.1111,2.3469,3,62
8,1,304.1580,192.1652,3,81.0000,2.3469,3,57
8,1,336.3150,265.2442,3,68.0000,2.3469,3,54
8,1,314.2299,312.3398,3,74.7778,2.3469,3,56
8,1,277.0835,178.1017,3,13.5556,2.3469,3,11
8,1,289.5000,330.1200,3,80.7778,2.3469,3,53
8,1,209.0419,322.0369,3,69.3333,2.3469,3,48
8,1,334.3495,234.5239,3,135.0000,2.3469,3,99
8,1,224.2109,181.2802,3,9.7778,2.3469,3,6
8,1,199.2435,198.3394,3,11.2222,2.3469,3,9
8,1,236.3020,335.0062,3,56.0000,2.3469,3,39
8,1,174.3441,216.2251,3,12.7778,2.3469,3,9
8,1,181.3289,308.1240,3,84.5556,2.3469,3,61
8,1,339.3650,295.4737,3,100.4444,2.3469,3,84
8,1,331.4665,204.4829,3,126.6667,2.3469,3,108
8,1,249.2200,164.1504,3,9.4444,2.3469,3,6
8,1,264.4343,348.0446,3,118.3333,2.3469,3,83
8,1,152.1865,263.4729,3,66.6667,2.3469,3,48
8,1,361.0653,248.2789,3,103.4444,2.3469,3,73
8,1,302.0344,161.1247,3,17.4444,2.3469,3,11
8,1,211.1992,352.3938,3,108.3333,2.3469,3,80
8,1,317.1547,343.1968,3,71.5556,2.3469,3,51
8,1,154.0928,294.2398,3,92.0000,2.3469,3,61
8,1,183.4354,338.1863,3,39.1111,2.3469,3,30
8,1,329.2722,174.0645,3,13.6667,2.3469,3,8
8,1,359.1283,217.5597,3,63.1111,2.3469,3,44
8,1,341.4749,325.4376,3,44.7778,2.3469,3,37
8,1,239.1525,365.2506,3,43.0000,2.3469,3,33
8,1,363.5089,279.0425,3,31.4444,2.3469,3,22
8,1,292.1099,360.3761,3,38.2222,2.3469,3,28
8,1,356.1959,188.0811,3,37.8889,2.3469,3,25
8,1,156.2858,325.1815,3,71.4444,2.3469,3,53
8,1,366.4382,309.0855,3,49.0000,2.3469,3,37
8,1,267.0519,378.2216,3,46.1111,2.3469,3,33
8,1,386.3411,230.4680,3,38.5556,2.3469,3,32
8,1,186.3771,369.2060,3,26.1111,2.3469,3,20
8,1,214.2838,382.1246,3,31.0000,2.3469,3,23
8,1,389.1699,261.2288,3,39.4444,2.3469,3,26
8,1,319.1279,374.1566,3,37.6667,2.3469,3,26
8,1,344.1902,357.1564,3,26.7778,2.3469,3,17
8,1,130.1773,311.2959,3,78.8889,2.3469,3,54
8,1,383.3272,201.0259,3,42.5556,2.3469,3,32
8,1,159.2709,355.3541,3,37.0000,2.3469,3,28
8,1,241.4886,395.2247,3,29.0000,2.3469,3,20
8,1,294.3005,391.0118,3,45.0000,2.3469,3,32
8,1,391.4229,291.2576,3,28.4444,2.3469,3,22
8,1,369.3048,339.3713,3,28.8889,2.3469,3,20
8,1,131.3743,342.2628,3,77.4444,2.3469,3,54
8,1,394.1659,322.0476,3,33.7778,2.3469,3,24
8,1,269.0364,408.4472,3,40.3333,2.3469,3,28
8,1,189.5139,398.5168,3,39.5556,2.3469,3,26
8,1,414.4056,244.2107,3,34.0000,2.3469,3,26
8,1,410.3533,213.2769,3,10.1111,2.3469,3,10
8,1,347.1032,388.0199,3,34.3333,2.3469,3,22
8,1,416.1078,274.1597,3,37.8889,2.3469,3,25
8,1,161.2109,386.2184,3,36.4444,2.3469,3,25
8,1,216.4262,412.4421,3,26.5556,2.3469,3,21
8,1,372.1670,369.3198,3,19.6667,2.3469,3,14
8,1,322.1189,404.1311,3,12.3333,2.3469,3,9
8,1,134.2005,372.4102,3,47.3333,2.3469,3,32
8,1,396.3729,352.4098,3,25.1111,2.3469,3,19
8,1,419.0814,305.1726,3,45.2222,2.3469,3,29
8,1,243.2460,426.3668,3,21.0000,2.3469,3,15
8,1,231.4832,87.1016,3,28.5556,2.3469,3,20
8,1,296.3288,422.3950,3,18.8889,2.3469,3,16
8,1,285.0259,83.1881,3,23.1111,2.3469,3,15
8,1,154.0845,109.1256,3,9.4444,2.3469,3,5
8,1,179.1870,92.2222,3,10.0000,2.3469,3,7
8,1,439.3645,257.1481,3,22.0000,2.3469,3,15
8,1,272.0725,438.3098,3,9.7778,2.3469,3,7
8,1,422.3347,335.2307,3,23.3333,2.3469,3,18
8,1,257.0360,71.0180,3,11.2222,2.3469,3,7
8,1,81.1625,195.2760,3,13.6667,2.3469,3,10
8,1,163.3032,417.0657,3,29.8889,2.3469,3,20
8,1,374.2602,400.2574,3,16.7778,2.3469,3,11
8,1,191.0537,430.3806,3,22.0000,2.3469,3,16
8,1,349.1350,418.0153,3,23.3333,2.3469,3,14
8,1,137.1946,402.4367,3,16.6667,2.3469,3,11
8,1,443.4941,287.4106,3,25.2222,2.3469,3,19
8,1,219.2526,443.0955,3,18.0000,2.3469,3,13
8,1,324.0356,435.1909,3,13.1111,2.3469,3,8
8,1,399.2084,383.2348,3,13.6667,2.3469,3,9
8,1,61.1645,274.1977,3,18.7778,2.3469,3,12
8,1,338.1198,78.1484,3,8.2222,2.3469,3,5
8,1,365.1515,91.1919,3,5.7778,2.3469,3,4
8,1,58.2509,243.1909,3,9.7778,2.3469,3,7
8,1,446.2887,318.1138,3,20.7778,2.3469,3,14
8,1,424.2807,365.2565,3,12.0000,2.3469,3,7
8,1,299.1806,452.2609,3,13.4444,2.3469,3,8
8,1,246.1414,456.2730,3,12.5556,2.3469,3,10
8,1,425.2612,146.0746,3,8.3333,2.3469,3,4
8,1,66.1975,336.0335,3,8.6667,2.3469,3,5
8,1,166.3219,447.1157,3,18.4444,2.3469,3,11
8,1,377.0363,432.2096,3,15.4444,2.3469,3,9
8,1,448.4591,348.1032,3,23.0000,2.3469,3,16
8,1,193.4964,461.1577,3,39.3333,2.3469,3,28
8,1,352.0376,448.3237,3,15.7778,2.3469,3,11
8,1,273.3571,470.1696,3,16.0000,2.3469,3,11
8,1,402.3043,413.4730,3,21.1111,2.3469,3,16
8,1,221.2411,474.3732,3,12.2222,2.3469,3,8
8,1,427.2000,397.0455,3,11.4444,2.3469,3,8
8,1,327.2872,465.2137,3,7.7778,2.3469,3,6
8,1,451.4500,379.0276,3,12.4444,2.3469,3,8
8,1,249.1300,487.2982,3,15.8889,2.3469,3,9
8,1,302.1071,483.2479,3,10.8889,2.3469,3,6
8,1,40.2200,352.1000,3,9.3333,2.3469,3,5
8,1,404.3124,443.2581,3,13.4444,2.3469,3,9
8,1,102.2389,440.2028,3,3.7778,2.3469,3,5
8,1,380.0608,462.0684,3,10.3333,2.3469,3,8
8,1,429.2203,427.0396,3,21.5556,2.3469,3,13
8,1,354.1730,479.0319,3,23.8889,2.3469,3,15
8,1,276.3799,500.1808,3,15.3333,2.3469,3,10
8,1,329.1528,496.0142,3,13.6667,2.3469,3,8
9,1,255.7110,256.1277,3,197.7778,2.3469,3,192
9,1,229.4087,242.2534,3,185.3333,2.3469,3,140
9,1,284.1579,268.4194,3,199.2222,2.3469,3,159
9,1,281.5023,238.6206,3,186.1111,2.3469,3,125
9,1,231.4452,273.5095,3,135.5556,2.3469,3,103
9,1,254.4433,225.2948,3,83.3333,2.3469,3,67
9,1,259.4052,286.5190,3,155.7778,2.3469,3,114
9,1,308.3725,252.1553,3,198.7778,2.3469,3,155
9,1,279.3828,209.0888,3,208.5556,2.3469,3,161
9,1,227.3662,212.3205,3,69.5556,2.3469,3,56
9,1,287.0732,299.3240,3,181.1111,2.3469,3,135
9,1,203.4748,260.0321,3,211.4444,2.3469,3,171
9,1,233.4867,305.1831,3,205.6667,2.3469,3,166
9,1,262.2536,316.4129,3,91.2222,2.3469,3,72
9,1,202.4740,229.2188,3,79.2222,2.3469,3,64
9,1,206.3517,290.3878,3,99.5556,2.3469,3,80
9,1,252.1594,195.1983,3,28.1111,2.3469,3,21
9,1,307.0697,222.0300,3,174.4444,2.3469,3,125
9,1,311.4866,282.2870,3,86.6667,2.3469,3,72
9,1,177.2119,246.2485,3,85.8889,2.3469,3,62
9,1,179.1409,277.2692,3,89.1111,2.3469,3,62
9,1,304.1580,192.1652,3,81.0000,2.3469,3,57
9,1,336.3150,265.2442,3,68.0000,2.3469,3,54
9,1,314.2299,312.3398,3,74.7778,2.3469,3,56
9,1,277.0835,178.1017,3,13.5556,2.3469,3,11
9,1,289.5000,330.1200,3,80.7778,2.3469,3,53
9,1,209.0419,322.0369,3,69.3333,2.3469,3,48
9,1,334.3495,234.5239,3,135.0000,2.3469,3,99
9,1,224.2109,181.2802,3,9.7778,2.3469,3,6
9,1,199.2435,198.3394,3,11.2222,2.3469,3,9
9,1,236.3020,335.0062,3,56.0000,2.3469,3,39
9,1,174.3441,216.2251,3,12.7778,2.3469,3,9
9,1,181.3289,308.1240,3,84.5556,2.3469,3,61
9,1,339.3650,295.4737,3,100.4444,2.3469,3,84
9,1,331.4665,204.4829,3,126.6667,2.3469,3,108
9,1,249.2200,164.1504,3,9.4444,2.3469,3,6
9,1,264.4343,348.0446,3,118.3333,2.3469,3,83
9,1,152.1865,263.4729,3,66.6667,2.3469,3,48
9,1,361.0653,248.2789,3,103.4444,2.3469,3,73
9,1,302.0344,161.1247,3,17.4444,2.3469,3,11
9,1,211.1992,352.3938,3,108.3333,2.3469,3,80
9,1,317.1547,343.1968,3,71.5556,2.3469,3,51
9,1,154.0928,294.2398,3,92.0000,2.3469,3,61
9,1,183.4354,338.1863,3,39.1111,2.3469,3,30
9,1,329.2722,174.0645,3,13.6667,2.3469,3,8
9,1,359.1283,217.5597,3,63.1111,2.3469,3,44
9,1,341.4749,325.4376,3,44.7778,2.3469,3,37
9,1,239.1525,365.2506,3,43.0000,2.3469,3,33
9,1,363.5089,279.0425,3,31.4444,2.3469,3,22
9,1,292.1099,360.3761,3,38.2222,2.3469,3,28
9,1,356.1959,188.0811,3,37.8889,2.3469,3,25
9,1,156.2858,325.1815,3,71.4444,2.3469,3,53
9,1,366.4382,309.0855,3,49.0000,2.3469,3,37
9,1,267.0519,378.2216,3,46.1111,2.3469,3,33
9,1,386.3411,230.4680,3,38.5556,2.3469,3,32
9,1,186.3771,369.2060,3,26.1111,2.3469,3,20
9,1,214.2838,382.1246,3,31.0000,2.3469,3,23
9,1,389.1699,261.2288,3,39.4444,2.3469,3,26
9,1,319.1279,374.1566,3,37.6667,2.3469,3,26
9,1,344.1902,357.1564,3,26.7778,2.3469,3,17
9,1,130.1773,311.2959,3,78.8889,2.3469,3,54
9,1,383.3272,201.0259,3,42.5556,2.3469,3,32
9,1,159.2709,355.3541,3,37.0000,2.3469,3,28
9,1,241.4886,395.2247,3,29.0000,2.3469,3,20
9,1,294.3005,391.0118,3,45.0000,2.3469,3,32
9,1,391.4229,291.2576,3,28.4444,2.3469,3,22
9,1,369.3048,339.3713,3,28.8889,2.3469,3,20
9,1,131.3743,342.2628,3,77.4444,2.3469,3,54
9,1,394.1659,322.0476,3,33.7778,2.3469,3,24
9,1,269.0364,408.4472,3,40.3333,2.3469,3,28
9,1,189.5139,398.5168,3,39.5556,2.3469,3,26
9,1,414.4056,244.2107,3,34.0000,2.3469,3,26
9,1,410.3533,213.2769,3,10.1111,2.3469,3,10
9,1,347.1032,388.0199,3,34.3333,2.3469,3,22
9,1,416.1078,274.1597,3,37.8889,2.3469,3,25
9,1,161.2109,386.2184,3,36.4444,2.3469,3,25
9,1,216.4262,412.4421,3,26.5556,2.3469,3,21
9,1,372.1670,369.3198,3,19.6667,2.3469,3,14
9,1,322.1189,404.1311,3,12.3333,2.3469,3,9
9,1,134.2005,372.4102,3,47.3333,2.3469,3,32
9,1,396.3729,352.4098,3,25.1111,2.3469,3,19
9,1,419.0814,305.1726,3,45.2222,2.3469,3,29
9,1,243.2460,426.3668,3,21.0000,2.3469,3,15
9,1,231.4832,87.1016,3,28.5556,2.3469,3,20
9,1,296.3288,422.3950,3,18.8889,2.3469,3,16
9,1,285.0259,83.1881,3,23.1111,2.3469,3,15
9,1,154.0845,109.1256,3,9.4444,2.3469,3,5
9,1,179.1870,92.2222,3,10.0000,2.3469,3,7
9,1,439.3645,257.1481,3,22.0000,2.3469,3,15
9,1,272.0725,438.3098,3,9.7778,2.3469,3,7
9,1,422.3347,335.2307,3,23.3333,2.3469,3,18
9,1,257.0360,71.0180,3,11.2222,2.3469,3,7
9,1,81.1625,195.2760,3,13.6667,2.3469,3,10
9,1,163.3032,417.0657,3,29.8889,2.3469,3,20
9,1,374.2602,400.2574,3,16.7778,2.3469,3,11
9,1,191.0537,430.3806,3,22.0000,2.3469,3,16
9,1,349.1350,418.0153,3,23.3333,2.3469,3,14
9,1,137.1946,402.4367,3,16.6667,2.3469,3,11
9,1,443.4941,287.4106,3,25.2222,2.3469,3,19
9,1,219.2526,443.0955,3,18.0000,2.3469,3,13
9,1,324.0356,435.1909,3,13.1111,2.3469,3,8
9,1,399.2084,383.2348,3,13.6667,2.3469,3,9
9,1,61.1645,274.1977,3,18.7778,2.3469,3,12
9,1,338.1198,78.1484,3,8.2222,2.3469,3,5
9,1,365.1515,91.1919,3,5.7778,2.3469,3,4
9,1,58.2509,243.1909,3,9.7778,2.3469,3,7
9,1,446.2887,318.1138,3,20.7778,2.3469,3,14
9,1,424.2807,365.2565,3,12.0000,2.3469,3,7
9,1,299.1806,452.2609,3,13.4444,2.3469,3,8
9,1,246.1414,456.2730,3,12.5556,2.3469,3,10
9,1,425.2612,146.0746,3,8.3333,2.3469,3,4
9,1,66.1975,336.0335,3,8.6667,2.3469,3,5
9,1,166.3219,447.1157,3,18.4444,2.3469,3,11
9,1,377.0363,432.2096,3,15.4444,2.3469,3,9
9,1,448.4591,348.1032,3,23.0000,2.3469,3,16
9,1,193.4964,461.1577,3,39.3333,2.3469,3,28
9,1,352.0376,448.3237,3,15.7778,2.3469,3,11
9,1,273.3571,470.1696,3,16.0000,2.3469,3,11
9,1,402.3043,413.4730,3,21.1111,2.3469,3,16
9,1,221.2411,474.3732,3,12.2222,2.3469,3,8
9,1,427.2000,397.0455,3,11.4444,2.3469,3,8
9,1,327.2872,465.2137,3,7.7778,2.3469,3,6
9,1,451.4500,379.0276,3,12.4444,2.3469,3,8
9,1,249.1300,487.2982,3,15.8889,2.3469,3,9
9,1,302.1071,483.2479,3,10.8889,2.3469,3,6
9,1,40.2200,352.1000,3,9.3333,2.3469,3,5
9,1,404.3124,443.2581,3,13.4444,2.3469,3,9
9,1,102.2389,440.2028,3,3.7778,2.3469,3,5
9,1,380.0608,462.0684,3,10.3333,2.3469,3,8
9,1,429.2203,427.0396,3,21.5556,2.3469,3,13
9,1,354.1730,479.0319,3,23.8889,2.3469,3,15
9,1,276.3799,500.1808,3,15.3333,2.3469,3,10
9,1,329.1528,496.0142,3,13.6667,2.3469,3,8
10,1,255.7110,256.1277,3,197.7778,2.3469,3,192
10,1,229.4087,242.2534,3,185.3333,2.3469,3,140
10,1,284.1579,268.4194,3,199.2222,2.3469,3,159
10,1,281.5023,238.6206,3,186.1111,2.3469,3,125
10,1,231.4452,273.5095,3,135.5556,2.3469,3,103
10,1,254.4433,225.2948,3,83.3333,2.3469,3,67
10,1,259.4052,286.5190,3,155.7778,2.3469,3,114
10,1,308.3725,252.1553,3,198.7778,2.3469,3,155
10,1,279.3828,209.0888,3,208.5556,2.3469,3,161
10,1,227.3662,212.3205,3,69.5556,2.3469,3,56
10,1,287.0732,299.3240,3,181.1111,2.3469,3,135
10,1,203.4748,260.0321,3,211.4444,2.3469,3,171
10,1,233.4867,305.1831,3,205.6667,2.3469,3,166
10,1,262.2536,316.4129,3,91.2222,2.3469,3,72
10,1,202.4740,229.2188,3,79.2222,2.3469,3,64
10,1,206.3517,290.3878,3,99.5556,2.3469,3,80
10,1,252.1594,195.1983,3,28.1111,2.3469,3,21
10,1,307.0697,222.0300,3,174.4444,2.3469,3,125
10,1,311.4866,282.2870,3,86.6667,2.3469,3,72
10,1,177.2119,246.2485,3,85.8889,2.3469,3,62
10,1,179.1409,277.2692,3,89.1111,2.3469,3,62
10,1,304.1580,192.1652,3,81.0000,2.3469,3,57
10,1,336.3150,265.2442,3,68.0000,2.3469,3,54
10,1,314.2299,312.3398,3,74.7778,2.3469,3,56
10,1,277.0835,178.1017,3,13.5556,2.3469,3,11
10,1,289.5000,330.1200,3,80.7778,2.3469,3,53
10,1,209.0419,322.0369,3,69.3333,2.3469,3,48
10,1,334.3495,234.5239,3,135.0000,2.3469,3,99
10,1,224.2109,181.2802,3,9.7778,2.3469,3,6
10,1,199.2435,198.3394,3,11.2222,2.3469,3,9
10,1,236.3020,335.0062,3,56.0000,2.3469,3,39
10,1,174.3441,216.2251,3,12.7778,2.3469,3,9
10,1,181.3289,308.1240,3,84.5556,2.3469,3,61
10,1,339.3650,295.4737,3,100.4444,2.3469,3,84
10,1,331.4665,204.4829,3,126.6667,2.3469,3,108
10,1,249.2200,164.1504,3,9.4444,2.3469,3,6
10,1,264.4343,348.0446,3,118.3333,2.3469,3,83
10,1,152.1865,263.4729,3,66.6667,2.3469,3,48
10,1,361.0653,248.2789,3,103.4444,2.3469,3,73
10,1,302.0344,161.1247,3,17.4444,2.3469,3,11
10,1,211.1992,352.3938,3,108.3333,2.3469,3,80
10,1,317.1547,343.1968,3,71.5556,2.3469,3,51
10,1,154.0928,294.2398,3,92.0000,2.3469,3,61
10,1,183.4354,338.1863,3,39.1111,2.3469,3,30
10,1,329.2722,174.0645,3,13.6667,2.3469,3,8
10,1,359.1283,217.5597,3,63.1111,2.3469,3,44
10,1,341.4749,325.4376,3,44.7778,2.3469,3,37
10,1,239.1525,365.2506,3,43.0000,2.3469,3,33
10,1,363.5089,279.0425,3,31.4444,2.3469,3,22
10,1,292.1099,360.3761,3,38.2222,2.3469,3,28
10,1,356.1959,188.0811,3,37.8889,2.3469,3,25
10,1,156.2858,325.1815,3,71.4444,2.3469,3,53
10,1,366.4382,309.0855,3,49.0000,2.3469,3,37
10,1,267.0519,378.2216,3,46.1111,2.3469,3,33
10,1,386.3411,230.4680,3,38.5556,2.3469,3,32
10,1,186.3771,369.2060,3,26.1111,2.3469,3,20
10,1,214.2838,382.1246,3,31.0000,2.3469,3,23
10,1,389.1699,261.2288,3,39.4444,2.3469,3,26
10,1,319.1279,374.1566,3,37.6667,2.3469,3,26
10,1,344.1902,357.1564,3,26.7778,2.3469,3,17
10,1,130.1773,311.2959,3,78.8889,2.3469,3,54
10,1,383.3272,201.0259,3,42.5556,2.3469,3,32
10,1,159.2709,355.3541,3,37.0000,2.3469,3,28
10,1,241.4886,395.2247,3,29.0000,2.3469,3,20
10,1,294.3005,391.0118,3,45.0000,2.3469,3,32
10,1,391.4229,291.2576,3,28.4444,2.3469,3,22
10,1,369.3048,339.3713,3,28.8889,2.3469,3,20
10,1,131.3743,342.2628,3,77.4444,2.3469,3,54
10,1,394.1659,322.0476,3,33.7778,2.3469,3,24
10,1,269.0364,408.4472,3,40.3333,2.3469,3,28
10,1,189.5139,398.5168,3,39.5556,2.3469,3,26
10,1,414.4056,244.2107,3,34.0000,2.3469,3,26
10,1,410.3533,213.2769,3,10.1111,2.3469,3,10
10,1,347.1032,388.0199,3,34.3333,2.3469,3,22
10,1,416.1078,274.1597,3,37.8889,2.3469,3,25
10,1,161.2109,386.2184,3,36.4444,2.3469,3,25
10,1,216.4262,412.4421,3,26.5556,2.3469,3,21
10,1,372.1670,369.3198,3,19.6667,2.3469,3,14
10,1,322.1189,404.1311,3,12.3333,2.3469,3,9
10,1,134.2005,372.4102,3,47.3333,2.3469,3,32
10,1,396.3729,352.4098,3,25.1111,2.3469,3,19
10,1,419.0814,305.1726,3,45.2222,2.3469,3,29
10,1,243.2460,426.3668,3,21.0000,2.3469,3,15
10,1,231.4832,87.1016,3,28.5556,2.3469,3,20
10,1,296.3288,422.3950,3,18.8889,2.3469,3,16
10,1,285.0259,83.1881,3,23.1111,2.3469,3,15
10,1,154.0845,109.1256,3,9.4444,2.3469,3,5
10,1,179.1870,92.2222,3,10.0000,2.3469,3,7
10,1,439.3645,257.1481,3,22.0000,2.3469,3,15
10,1,272.0725,438.3098,3,9.7778,2.3469,3,7
10,1,422.3347,335.2307,3,23.3333,2.3469,3,18
10,1,257.0360,71.0180,3,11.2222,2.3469,3,7
10,1,81.1625,195.2760,3,13.6667,2.3469,3,10
10,1,163.3032,417.0657,3,29.8889,2.3469,3,20
10,1,374.2602,400.2574,3,16.7778,2.3469,3,11
10,1,191.0537,430.3806,3,22.0000,2.3469,3,16
10,1,349.1350,418.0153,3,23.3333,2.3469,3,14
10,1,137.1946,402.4367,3,16.6667,2.3469,3,11
10,1,443.4941,287.4106,3,25.2222,2.3469,3,19
10,1,219.2526,443.0955,3,18.0000,2.3469,3,13
10,1,324.0356,435.1909,3,13.1111,2.3469,3,8
10,1,399.2084,383.2348,3,13.6667,2.3469,3,9
10,1,61.1645,274.1977,3,18.7778,2.3469,3,12
10,1,338.1198,78.1484,3,8.2222,2.3469,3,5
10,1,365.1515,91.1919,3,5.7778,2.3469,3,4
10,1,58.2509,243.1909,3,9.7778,2.3469,3,7
10,1,446.2887,318.1138,3,20.7778,2.3469,3,14
10,1,424.2807,365.2565,3,12.0000,2.3469,3,7
10,1,299.1806,452.2609,3,13.4444,2.3469,3,8
10,1,246.1414,456.2730,3,12.5556,2.3469,3,10
10,1,425.2612,146.0746,3,8.3333,2.3469,3,4
10,1,66.1975,336.0335,3,8.6667,2.3469,3,5
10,1,166.3219,447.1157,3,18.4444,2.3469,3,11
10,1,377.0363,432.2096,3,15.4444,2.3469,3,9
10,1,448.4591,348.1032,3,23.0000,2.3469,3,16
10,1,193.4964,461.1577,3,39.3333,2.3469,3,28
10,1,352.0376,448.3237,3,15.7778,2.3469,3,11
10,1,273.3571,470.1696,3,16.0000,2.3469,3,11
10,1,402.3043,413.4730,3,21.1111,2.3469,3,16
10,1,221.2411,474.3732,3,12.2222,2.3469,3,8
10,1,427.2000,397.0455,3,11.4444,2.3469,3,8
10,1,327.2872,465.2137,3,7.7778,2.3469,3,6
10,1,451.4500,379.0276,3,12.4444,2.3469,3,8
10,1,249.1300,487.2982,3,15.8889,2.3469,3,9
10,1,302.1071,483.2479,3,10.8889,2.3469,3,6
10,1,40.2200,352.1000,3,9.3333,2.3469,3,5
10,1,404.3124,443.2581,3,13.4444,2.3469,3,9
10,1,102.2389,440.2028,3,3.7778,2.3469,3,5
10,1,380.0608,462.0684,3,10.3333,2.3469,3,8
10,1,429.2203,427.0396,3,21.5556,2.3469,3,13
10,1,354.1730,479.0319,3,23.8889,2.3469,3,15
10,1,276.3799,500.1808,3,15.3333,2.3469,3,10
10,1,329.1528,496.0142,3,13.6667,2.3469,3,8
1,2,255.7110,256.1277,3,197.7778,2.3469,3,192
1,2,229.4087,242.2534,3,185.3333,2.3469,3,140
1,2,284.1579,268.4194,3,199.2222,2.3469,3,159
1,2,281.5023,238.6206,3,186.1111,2.3469,3,125
1,2,231.4452,273.5095,3,135.5556,2.3469,3,103
1,2,254.4433,225.2948,3,83.3333,2.3469,3,67
1,2,259.4052,286.5190,3,155.7778,2.3469,3,114
1,2,308.3725,252.1553,3,198.7778,2.3469,3,155
1,2,279.3828,209.0888,3,208.5556,2.3469,3,161
1,2,227.3662,212.3205,3,69.5556,2.3469,3,56
1,2,287.0732,299.3240,3,181.1111,2.3469,3,135
1,2,203.4748,260.0321,3,211.4444,2.3469,3,171
1,2,233.4867,305.1831,3,205.6667,2.3469,3,166
1,2,262.2536,316.4129,3,91.2222,2.3469,3,72
1,2,202.4740,229.2188,3,79.2222,2.3469,3,64
1,2,206.3517,290.3878,3,99.5556,2.3469,3,80
1,2,252.1594,195.1983,3,28.1111,2.3469,3,21
1,2,307.0697,222.0300,3,174.4444,2.3469,3,125
1,2,311.4866,282.2870,3,86.6667,2.3469,3,72
1,2,177.2119,246.2485,3,85.8889,2.3469,3,62
1,2,179.1409,277.2692,3,89.1111,2.3469,3,62
1,2,304.1580,192.1652,3,81.0000,2.3469,3,57
1,2,336.3150,265.2442,3,68.0000,2.3469,3,54
1,2,314.2299,312.3398,3,74.7778,2.3469,3,56
1,2,277.0835,178.1017,3,13.5556,2.3469,3,11
1,2,289.5000,330.1200,3,80.7778,2.3469,3,53
1,2,209.0419,322.0369,3,69.3333,2.3469,3,48
1,2,334.3495,234.5239,3,135.0000,2.3469,3,99
1,2,224.2109,181.2802,3,9.7778,2.3469,3,6
1,2,199.2435,198.3394,3,11.2222,2.3469,3,9
1,2,236.3020,335.0062,3,56.0000,2.3469,3,39
1,2,174.3441,216.2251,3,12.7778,2.3469,3,9
1,2,181.3289,308.1240,3,84.5556,2.3469,3,61
1,2,339.3650,295.4737,3,100.4444,2.3469,3,84
1,2,331.4665,204.4829,3,126.6667,2.3469,3,108
1,2,249.2200,164.1504,3,9.4444,2.3469,3,6
1,2,264.4343,348.0446,3,118.3333,2.3469,3,83
1,2,152.1865,263.4729,3,66.6667,2.3469,3,48
1,2,361.0653,248.2789,3,103.4444,2.3469,3,73
1,2,302.0344,161.1247,3,17.4444,2.3469,3,11
1,2,211.1992,352.3938,3,108.3333,2.3469,3,80
1,2,317.1547,343.1968,3,71.5556,2.3469,3,51
1,2,154.0928,294.2398,3,92.0000,2.3469,3,61
1,2,183.4354,338.1863,3,39.1111,2.3469,3,30
1,2,329.2722,174.0645,3,13.6667,2.3469,3,8
1,2,359.1283,217.5597,3,63.1111,2.3469,3,44
1,2,341.4749,325.4376,3,44.7778,2.3469,3,37
1,2,239.1525,365.2506,3,43.0000,2.3469,3,33
1,2,363.5089,279.0425,3,31.4444,2.3469,3,22
1,2,292.1099,360.3761,3,38.2222,2.3469,3,28
1,2,356.1959,188.0811,3,37.8889,2.3469,3,25
1,2,156.2858,325.1815,3,71.4444,2.3469,3,53
1,2,366.4382,309.0855,3,49.0000,2.3469,3,37
1,2,267.0519,378.2216,3,46.1111,2.3469,3,33
1,2,386.3411,230.4680,3,38.5556,2.3469,3,32
1,2,186.3771,369.2060,3,26.1111,2.3469,3,20
1,2,214.2838,382.1246,3,31.0000,2.3469,3,23
1,2,389.1699,261.2288,3,39.4444,2.3469,3,26
1,2,319.1279,374.1566,3,37.6667,2.3469,3,26
1,2,344.1902,357.1564,3,26.7778,2.3469,3,17
1,2,130.1773,311.2959,3,78.8889,2.3469,3,54
1,2,383.3272,201.0259,3,42.5556,2.3469,3,32
1,2,159.2709,355.3541,3,37.0000,2.3469,3,28
1,2,241.4886,395.2247,3,29.0000,2.3469,3,20
1,2,294.3005,391.0118,3,45.0000,2.3469,3,32
1,2,391.4229,291.2576,3,28.4444,2.3469,3,22
1,2,369.3048,339.3713,3,28.8889,2.3469,3,20
1,2,131.3743,342.2628,3,77.4444,2.3469,3,54
1,2,394.1659,322.0476,3,33.7778,2.3469,3,24
1,2,269.0364,408.4472,3,40.3333,2.3469,3,28
1,2,189.5139,398.5168,3,39.5556,2.3469,3,26
1,2,414.4056,244.2107,3,34.0000,2.3469,3,26
1,2,410.3533,213.2769,3,10.1111,2.3469,3,10
1,2,347.1032,388.0199,3,34.3333,2.3469,3,22
1,2,416.1078,274.1597,3,37.8889,2.3469,3,25
1,2,161.2109,386.2184,3,36.4444,2.3469,3,25
1,2,216.4262,412.4421,3,26.5556,2.3469,3,21
1,2,372.1670,369.3198,3,19.6667,2.3469,3,14
1,2,322.1189,404.1311,3,12.3333,2.3469,3,9
1,2,134.2005,372.4102,3,47.3333,2.3469,3,32
1,2,396.3729,352.4098,3,25.1111,2.3469,3,19
1,2,419.0814,305.1726,3,45.2222,2.3469,3,29
1,2,243.2460,426.3668,3,21.0000,2.3469,3,15
1,2,231.4832,87.1016,3,28.5556,2.3469,3,20
1,2,296.3288,422.3950,3,18.8889,2.3469,3,16
1,2,285.0259,83.1881,3,23.1111,2.3469,3,15
1,2,154.0845,109.1256,3,9.4444,2.3469,3,5
1,2,179.1870,92.2222,3,10.0000,2.3469,3,7
1,2,439.3645,257.1481,3,22.0000,2.3469,3,15
1,2,272.0725,438.3098,3,9.7778,2.3469,3,7
1,2,422.3347,335.2307,3,23.3333,2.3469,3,18
1,2,257.0360,71.0180,3,11.2222,2.3469,3,7
1,2,81.1625,195.2760,3,13.6667,2.3469,3,10
1,2,163.3032,417.0657,3,29.8889,2.3469,3,20
1,2,374.2602,400.2574,3,16.7778,2.3469,3,11
1,2,191.0537,430.3806,3,22.0000,2.3469,3,16
1,2,349.1350,418.0153,3,23.3333,2.3469,3,14
1,2,137.1946,402.4367,3,16.6667,2.3469,3,11
1,2,443.4941,287.4106,3,25.2222,2.3469,3,19
1,2,219.2526,443.0955,3,18.0000,2.3469,3,13
1,2,324.0356,435.1909,3,13.1111,2.3469,3,8
1,2,399.2084,383.2348,3,13.6667,2.3469,3,9
1,2,61.1645,274.1977,3,18.7778,2.3469,3,12
1,2,338.1198,78.1484,3,8.2222,2.3469,3,5
1,2,365.1515,91.1919,3,5.7778,2.3469,3,4
1,2,58.2509,243.1909,3,9.7778,2.3469,3,7
1,2,446.2887,318.1138,3,20.7778,2.3469,3,14
1,2,424.2807,365.2565,3,12.0000,2.3469,3,7
1,2,299.1806,452.2609,3,13.4444,2.3469,3,8
1,2,246.1414,456.2730,3,12.5556,2.3469,3,10
1,2,425.2612,146.0746,3,8.3333,2.3469,3,4
1,2,66.1975,336.0335,3,8.6667,2.3469,3,5
1,2,166.3219,447.1157,3,18.4444,2.3469,3,11
1,2,377.0363,432.2096,3,15.4444,2.3469,3,9
1,2,448.4591,348.1032,3,23.0000,2.3469,3,16
1,2,193.4964,461.1577,3,39.3333,2.3469,3,28
1,2,352.0376,448.3237,3,15.7778,2.3469,3,11
1,2,273.3571,470.1696,3,16.0000,2.3469,3,11
1,2,402.3043,413.4730,3,21.1111,2.3469,3,16
1,2,221.2411,474.3732,3,12.2222,2.3469,3,8
1,2,427.2000,397.0455,3,11.4444,2.3469,3,8
1,2,327.2872,465.2137,3,7.7778,2.3469,3,6
1,2,451.4500,379.0276,3,12.4444,2.3469,3,8
1,2,249.1300,487.2982,3,15.8889,2.3469,3,9
1,2,302.1071,483.2479,3,10.8889,2.3469,3,6
1,2,40.2200,352.1000,3,9.3333,2.3469,3,5
1,2,404.3124,443.2581,3,13.4444,2.3469,3,9
1,2,102.2389,440.2028,3,3.7778,2.3469,3,5
1,2,380.0608,462.0684,3,10.3333,2.3469,3,8
1,2,429.2203,427.0396,3,21.5556,2.3469,3,13
1,2,354.1730,479.0319,3,23.8889,2.3469,3,15
1,2,276.3799,500.1808,3,15.3333,2.3469,3,10
1,2,329.1528,496.0142,3,13.6667,2.3469,3,8
2,2,255.7110,256.1277,3,197.7778,2.3469,3,192
2,2,229.4087,242.2534,3,185.3333,2.3469,3,140
2,2,284.1579,268.4194,3,199.2222,2.3469,3,159
2,2,281.5023,238.6206,3,186.1111,2.3469,3,125
2,2,231.4452,273.5095,3,135.5556,2.3469,3,103
2,2,254.4433,225.2948,3,83.3333,2.3469,3,67
2,2,259.4052,286.5190,3,155.7778,2.3469,3,114
2,2,308.3725,252.1553,3,198.7778,2.3469,3,155
2,2,279.3828,209.0888,3,208.5556,2.3469,3,161
2,2,227.3662,212.3205,3,69.5556,2.3469,3,56
2,2,287.0732,299.3240,3,181.1111,2.3469,3,135
2,2,203.4748,260.0321,3,211.4444,2.3469,3,171
2,2,233.4867,305.1831,3,205.6667,2.3469,3,166
2,2,262.2536,316.4129,3,91.2222,2.3469,3,72
2,2,202.4740,229.2188,3,79.2222,2.3469,3,64
2,2,206.3517,290.3878,3,99.5556,2.3469,3,80
2,2,252.1594,195.1983,3,28.1111,2.3469,3,21
2,2,307.0697,222.0300,3,174.4444,2.3469,3,125
2,2,311.4866,282.2870,3,86.6667,2.3469,3,72
2,2,177.2119,246.2485,3,85.8889,2.3469,3,62
2,2,179.1409,277.2692,3,89.1111,2.3469,3,62
2,2,304.1580,192.1652,3,81.0000,2.3469,3,57
2,2,336.3150,265.2442,3,68.0000,2.3469,3,54
2,2,314.2299,312.3398,3,74.7778,2.3469,3,56
2,2,277.0835,178.1017,3,13.5556,2.3469,3,11
2,2,289.5000,330.1200,3,80.7778,2.3469,3,53
2,2,209.0419,322.0369,3,69.3333,2.3469,3,48
2,2,334.3495,234.5239,3,135.0000,2.3469,3,99
2,2,224.2109,181.2802,3,9.7778,2.3469,3,6
2,2,199.2435,198.3394,3,11.2222,2.3469,3,9
2,2,236.3020,335.0062,3,56.0000,2.3469,3,39
2,2,174.3441,216.2251,3,12.7778,2.3469,3,9
2,2,181.3289,308.1240,3,84.5556,2.3469,3,61
2,2,339.3650,295.4737,3,100.4444,2.3469,3,84
2,2,331.4665,204.4829,3,126.6667,2.3469,3,108
2,2,249.2200,164.1504,3,9.4444,2.3469,3,6
2,2,264.4343,348.0446,3,118.3333,2.3469,3,83
2,2,152.1865,263.4729,3,66.6667,2.3469,3,48
2,2,361.0653,248.2789,3,103.4444,2.3469,3,73
2,2,302.0344,161.1247,3,17.4444,2.3469,3,11
2,2,211.1992,352.3938,3,108.3333,2.3469,3,80
2,2,317.1547,343.1968,3,71.5556,2.3469,3,51
2,2,154.0928,294.2398,3,92.0000,2.3469,3,61
2,2,183.4354,338.1863,3,39.1111,2.3469,3,30
2,2,329.2722,174.0645,3,13.6667,2.3469,3,8
2,2,359.1283,217.5597,3,63.1111,2.3469,3,44
2,2,341.4749,325.4376,3,44.7778,2.3469,3,37
2,2,239.1525,365.2506,3,43.0000,2.3469,3,33
2,2,363.5089,279.0425,3,31.4444,2.3469,3,22
2,2,292.1099,360.3761,3,38.2222,2.3469,3,28
2,2,356.1959,188.0811,3,37.8889,2.3469,3,25
2,2,156.2858,325.1815,3,71.4444,2.3469,3,53
2,2,366.4382,309.0855,3,49.0000,2.3469,3,37
2,2,267.0519,378.2216,3,46.1111,2.3469,3,33
2,2,386.3411,230.4680,3,38.5556,2.3469,3,32
2,2,186.3771,369.2060,3,26.1111,2.3469,3,20
2,2,214.2838,382.1246,3,31.0000,2.3469,3,23
2,2,389.1699,261.2288,3,39.4444,2.3469,3,26
2,2,319.1279,374.1566,3,37.6667,2.3469,3,26
2,2,344.1902,357.1564,3,26.7778,2.3469,3,17
2,2,130.1773,311.2959,3,78.8889,2.3469,3,54
2,2,383.3272,201.0259,3,42.5556,2.3469,3,32
2,2,159.2709,355.3541,3,37.0000,2.3469,3,28
2,2,241.4886,395.2247,3,29.0000,2.3469,3,20
2,2,294.3005,391.0118,3,45.0000,2.3469,3,32
2,2,391.4229,291.2576,3,28.4444,2.3469,3,22
2,2,369.3048,339.3713,3,28.8889,2.3469,3,20
2,2,131.3743,342.2628,3,77.4444,2.3469,3,54
2,2,394.1659,322.0476,3,33.7778,2.3469,3,24
2,2,269.0364,408.4472,3,40.3333,2.3469,3,28
2,2,189.5139,398.5168,3,39.5556,2.3469,3,26
2,2,414.4056,244.2107,3,34.0000,2.3469,3,26
2,2,410.3533,213.2769,3,10.1111,2.3469,3,10
2,2,347.1032,388.0199,3,34.3333,2.3469,3,22
2,2,416.1078,274.1597,3,37.8889,2.3469,3,25
2,2,161.2109,386.2184,3,36.4444,2.3469,3,25
2,2,216.4262,412.4421,3,26.5556,2.3469,3,21
2,2,372.1670,369.3198,3,19.6667,2.3469,3,14
2,2,322.1189,404.1311,3,12.3333,2.3469,3,9
2,2,134.2005,372.4102,3,47.3333,2.3469,3,32
2,2,396.3729,352.4098,3,25.1111,2.3469,3,19
2,2,419.0814,305.1726,3,45.2222,2.3469,3,29
2,2,243.2460,426.3668,3,21.0000,2.3469,3,15
2,2,231.4832,87.1016,3,28.5556,2.3469,3,20
2,2,296.3288,422.3950,3,18.8889,2.3469,3,16
2,2,285.0259,83.1881,3,23.1111,2.3469,3,15
2,2,154.0845,109.1256,3,9.4444,2.3469,3,5
2,2,179.1870,92.2222,3,10.0000,2.3469,3,7
2,2,439.3645,257.1481,3,22.0000,2.3469,3,15
2,2,272.0725,438.3098,3,9.7778,2.3469,3,7
2,2,422.3347,335.2307,3,23.3333,2.3469,3,18
2,2,257.0360,71.0180,3,11.2222,2.3469,3,7
2,2,81.1625,195.2760,3,13.6667,2.3469,3,10
2,2,163.3032,417.0657,3,29.8889,2.3469,3,20
2,2,374.2602,400.2574,3,16.7778,2.3469,3,11
2,2,191.0537,430.3806,3,22.0000,2.3469,3,16
2,2,349.1350,418.0153,3,23.3333,2.3469,3,14
2,2,137.1946,402.4367,3,16.6667,2.3469,3,11
2,2,443.4941,287.4106,3,25.2222,2.3469,3,19
2,2,219.2526,443.0955,3,18.0000,2.3469,3,13
2,2,324.0356,435.1909,3,13.1111,2.3469,3,8
2,2,399.2084,383.2348,3,13.6667,2.3469,3,9
2,2,61.1645,274.1977,3,18.7778,2.3469,3,12
2,2,338.1198,78.1484,3,8.2222,2.3469,3,5
2,2,365.1515,91.1919,3,5.7778,2.3469,3,4
2,2,58.2509,243.1909,3,9.7778,2.3469,3,7
2,2,446.2887,318.1138,3,20.7778,2.3469,3,14
2,2,424.2807,365.2565,3,12.0000,2.3469,3,7
2,2,299.1806,452.2609,3,13.4444,2.3469,3,8
2,2,246.1414,456.2730,3,12.5556,2.3469,3,10
2,2,425.2612,146.0746,3,8.3333,2.3469,3,4
2,2,66.1975,336.0335,3,8.6667,2.3469,3,5
2,2,166.3219,447.1157,3,18.4444,2.3469,3,11
2,2,377.0363,432.2096,3,15.4444,2.3469,3,9
2,2,448.4591,348.1032,3,23.0000,2.3469,3,16
2,2,193.4964,461.1577,3,39.3333,2.3469,3,28
2,2,352.0376,448.3237,3,15.7778,2.3469,3,11
2,2,273.3571,470.1696,3,16.0000,2.3469,3,11
2,2,402.3043,413.4730,3,21.1111,2.3469,3,16
2,2,221.2411,474.3732,3,12.2222,2.3469,3,8
2,2,427.2000,397.0455,3,11.4444,2.3469,3,8
2,2,327.2872,465.2137,3,7.7778,2.3469,3,6
2,2,451.4500,379.0276,3,12.4444,2.3469,3,8
2,2,249.1300,487.2982,3,15.8889,2.3469,3,9
2,2,302.1071,483.2479,3,10.8889,2.3469,3,6
2,2,40.2200,352.1000,3,9.3333,2.3469,3,5
2,2,404.3124,443.2581,3,13.4444,2.3469,3,9
2,2,102.2389,440.2028,3,3.7778,2.3469,3,5
2,2,380.0608,462.0684,3,10.3333,2.3469,3,8
2,2,429.2203,427.0396,3,21.5556,2.3469,3,13
2,2,354.1730,479.0319,3,23.8889,2.3469,3,15
2,2,276.3799,500.1808,3,15.3333,2.3469,3,10
2,2,329.1528,496.0142,3,13.6667,2.3469,3,8
3,2,255.7110,256.1277,3,197.7778,2.3469,3,192
3,2,229.4087,242.2534,3,185.3333,2.3469,3,140
3,2,284.1579,268.4194,3,199.2222,2.3469,3,159
3,2,281.5023,238.6206,3,186.1111,2.3469,3,125
3,2,231.4452,273.5095,3,135.5556,2.3469,3,103
3,2,254.4433,225.2948,3,83.3333,2.3469,3,67
3,2,259.4052,286.5190,3,155.7778,2.3469,3,114
3,2,308.3725,252.1553,3,198.7778,2.3469,3,155
3,2,279.3828,209.0888,3,208.5556,2.3469,3,161
3,2,227.3662,212.3205,3,69.5556,2.3469,3,56
3,2,287.0732,299.3240,3,181.1111,2.3469,3,135
3,2,203.4748,260.0321,3,211.4444,2.3469,3,171
3,2,233.4867,305.1831,3,205.6667,2.3469,3,166
3,2,262.2536,316.4129,3,91.2222,2.3469,3,72
3,2,202.4740,229.2188,3,79.2222,2.3469,3,64
3,2,206.3517,290.3878,3,99.5556,2.3469,3,80
3,2,252.1594,195.1983,3,28.1111,2.3469,3,21
3,2,307.0697,222.0300,3,174.4444,2.3469,3,125
3,2,311.4866,282.2870,3,86.6667,2.3469,3,72
3,2,177.2119,246.2485,3,85.8889,2.3469,3,62
3,2,179.1409,277.2692,3,89.1111,2.3469,3,62
3,2,304.1580,192.1652,3,81.0000,2.3469,3,57
3,2,336.3150,265.2442,3,68.0000,2.3469,3,54
3,2,314.2299,312.3398,3,74.7778,2.3469,3,56
3,2,277.0835,178.1017,3,13.5556,2.3469,3,11
3,2,289.5000,330.1200,3,80.7778,2.3469,3,53
3,2,209.0419,322.0369,3,69.3333,2.3469,3,48
3,2,334.3495,234.5239,3,135.0000,2.3469,3,99
3,2,224.2109,181.2802,3,9.7778,2.3469,3,6
3,2,199.2435,198.3394,3,11.2222,2.3469,3,9
3,2,236.3020,335.0062,3,56.0000,2.3469,3,39
3,2,174.3441,216.2251,3,12.7778,2.3469,3,9
3,2,181.3289,308.1240,3,84.5556,2.3469,3,61
3,2,339.3650,295.4737,3,100.4444,2.3469,3,84
3,2,331.4665,204.4829,3,126.6667,2.3469,3,108
3,2,249.2200,164.1504,3,9.4444,2.3469,3,6
3,2,264.4343,348.0446,3,118.3333,2.3469,3,83
3,2,152.1865,263.4729,3,66.6667,2.3469,3,48
3,2,361.0653,248.2789,3,103.4444,2.3469,3,73
3,2,302.0344,161.1247,3,17.4444,2.3469,3,11
3,2,211.1992,352.3938,3,108.3333,2.3469,3,80
3,2,317.1547,343.1968,3,71.5556,2.3469,3,51
3,2,154.0928,294.2398,3,92.0000,2.3469,3,61
3,2,183.4354,338.1863,3,39.1111,2.3469,3,30
3,2,329.2722,174.0645,3,13.6667,2.3469,3,8
3,2,359.1283,217.5597,3,63.1111,2.3469,3,44
3,2,341.4749,325.4376,3,44.7778,2.3469,3,37
3,2,239.1525,365.2506,3,43.0000,2.3469,3,33
3,2,363.5089,279.0425,3,31.4444,2.3469,3,22
3,2,292.1099,360.3761,3,38.2222,2.3469,3,28
3,2,356.1959,188.0811,3,37.8889,2.3469,3,25
3,2,156.2858,325.1815,3,71.4444,2.3469,3,53
3,2,366.4382,309.0855,3,49.0000,2.3469,3,37
3,2,267.0519,378.2216,3,46.1111,2.3469,3,33
3,2,386.3411,230.4680,3,38.5556,2.3469,3,32
3,2,186.3771,369.2060,3,26.1111,2.3469,3,20
3,2,214.2838,382.1246,3,31.0000,2.3469,3,23
3,2,389.1699,261.2288,3,39.4444,2.3469,3,26
3,2,319.1279,374.1566,3,37.6667,2.3469,3,26
3,2,344.1902,357.1564,3,26.7778,2.3469,3,17
3,2,130.1773,311.2959,3,78.8889,2.3469,3,54
3,2,383.3272,201.0259,3,42.5556,2.3469,3,32
3,2,159.2709,355.3541,3,37.0000,2.3469,3,28
3,2,241.4886,395.2247,3,29.0000,2.3469,3,20
3,2,294.3005,391.0118,3,45.0000,2.3469,3,32
3,2,391.4229,291.2576,3,28.4444,2.3469,3,22
3,2,369.3048,339.3713,3,28.8889,2.3469,3,20
3,2,131.3743,342.2628,3,77.4444,2.3469,3,54
3,2,394.1659,322.0476,3,33.7778,2.3469,3,24
3,2,269.0364,408.4472,3,40.3333,2.3469,3,28
3,2,189.5139,398.5168,3,39.5556,2.3469,3,26
3,2,414.4056,244.2107,3,34.0000,2.3469,3,26
3,2,410.3533,213.2769,3,10.1111,2.3469,3,10
3,2,347.1032,388.0199,3,34.3333,2.3469,3,22
3,2,416.1078,274.1597,3,37.8889,2.3469,3,25
3,2,161.2109,386.2184,3,36.4444,2.3469,3,25
3,2,216.4262,412.4421,3,26.5556,2.3469,3,21
3,2,372.1670,369.3198,3,19.6667,2.3469,3,14
3,2,322.1189,404.1311,3,12.3333,2.3469,3,9
3,2,134.2005,372.4102,3,47.3333,2.3469,3,32
3,2,396.3729,352.4098,3,25.1111,2.3469,3,19
3,2,419.0814,305.1726,3,45.2222,2.3469,3,29
3,2,243.2460,426.3668,3,21.0000,2.3469,3,15
3,2,231.4832,87.1016,3,28.5556,2.3469,3,20
3,2,296.3288,422.3950,3,18.8889,2.3469,3,16
3,2,285.0259,83.1881,3,23.1111,2.3469,3,15
3,2,154.0845,109.1256,3,9.4444,2.3469,3,5
3,2,179.1870,92.2222,3,10.0000,2.3469,3,7
3,2,439.3645,257.1481,3,22.0000,2.3469,3,15
3,2,272.0725,438.3098,3,9.7778,2.3469,3,7
3,2,422.3347,335.2307,3,23.3333,2.3469,3,18
3,2,257.0360,71.0180,3,11.2222,2.3469,3,7
3,2,81.1625,195.2760,3,13.6667,2.3469,3,10
3,2,163.3032,417.0657,3,29.8889,2.3469,3,20
3,2,374.2602,400.2574,3,16.7778,2.3469,3,11
3,2,191.0537,430.3806,3,22.0000,2.3469,3,16
3,2,349.1350,418.0153,3,23.3333,2.3469,3,14
3,2,137.1946,402.4367,3,16.6667,2.3469,3,11
3,2,443.4941,287.4106,3,25.2222,2.3469,3,19
3,2,219.2526,443.0955,3,18.0000,2.3469,3,13
3,2,324.0356,435.1909,3,13.1111,2.3469,3,8
3,2,399.2084,383.2348,3,13.6667,2.3469,3,9
3,2,61.1645,274.1977,3,18.7778,2.3469,3,12
3,2,338.1198,78.1484,3,8.2222,2.3469,3,5
3,2,365.1515,91.1919,3,5.7778,2.3469,3,4
3,2,58.2509,243.1909,3,9.7778,2.3469,3,7
3,2,446.2887,318.1138,3,20.7778,2.3469,3,14
3,2,424.2807,365.2565,3,12.0000,2.3469,3,7
3,2,299.1806,452.2609,3,13.4444,2.3469,3,8
3,2,246.1414,456.2730,3,12.5556,2.3469,3,10
3,2,425.2612,146.0746,3,8.3333,2.3469,3,4
3,2,66.1975,336.0335,3,8.6667,2.3469,3,5
3,2,166.3219,447.1157,3,18.4444,2.3469,3,11
3,2,377.0363,432.2096,3,15.4444,2.3469,3,9
3,2,448.4591,348.1032,3,23.0000,2.3469,3,16
3,2,193.4964,461.1577,3,39.3333,2.3469,3,28
3,2,352.0376,448.3237,3,15.7778,2.3469,3,11
3,2,273.3571,470.1696,3,16.0000,2.3469,3,11
3,2,402.3043,413.4730,3,21.1111,2.3469,3,16
3,2,221.2411,474.3732,3,12.2222,2.3469,3,8
3,2,427.2000,397.0455,3,11.4444,2.3469,3,8
3,2,327.2872,465.2137,3,7.7778,2.3469,3,6
3,2,451.4500,379.0276,3,12.4444,2.3469,3,8
3,2,249.1300,487.2982,3,15.8889,2.3469,3,9
3,2,302.1071,483.2479,3,10.8889,2.3469,3,6
3,2,40.2200,352.1000,3,9.3333,2.3469,3,5
3,2,404.3124,443.2581,3,13.4444,2.3469,3,9
3,2,102.2389,440.2028,3,3.7778,2.3469,3,5
3,2,380.0608,462.0684,3,10.3333,2.3469,3,8
3,2,429.2203,427.0396,3,21.5556,2.3469,3,13
3,2,354.1730,479.0319,3,23.8889,2.3469,3,15
3,2,276.3799,500.1808,3,15.3333,2.3469,3,10
3,2,329.1528,496.0142,3,13.6667,2.3469,3,8
4,2,255.7110,256.1277,3,197.7778,2.3469,3,192
4,2,229.4087,242.2534,3,185.3333,2.3469,3,140
4,2,284.1579,268.4194,3,199.2222,2.3469,3,159
4,2,281.5023,238.6206,3,186.1111,2.3469,3,125
4,2,231.4452,273.5095,3,135.5556,2.3469,3,103
4,2,254.4433,225.2948,3,83.3333,2.3469,3,67
4,2,259.4052,286.5190,3,155.7778,2.3469,3,114
4,2,308.3725,252.1553,3,198.7778,2.3469,3,155
4,2,279.3828,209.0888,3,208.5556,2.3469,3,161
4,2,227.3662,212.3205,3,69.5556,2.3469,3,56
4,2,287.0732,299.3240,3,181.1111,2.3469,3,135
4,2,203.4748,260.0321,3,211.4444,2.3469,3,171
4,2,233.4867,305.1831,3,205.6667,2.3469,3,166
4,2,262.2536,316.4129,3,91.2222,2.3469,3,72
4,2,202.4740,229.2188,3,79.2222,2.3469,3,64
4,2,206.3517,290.3878,3,99.5556,2.3469,3,80
4,2,252.1594,195.1983,3,28.1111,2.3469,3,21
4,2,307.0697,222.0300,3,174.4444,2.3469,3,125
4,2,311.4866,282.2870,3,86.6667,2.3469,3,72
4,2,177.2119,246.2485,3,85.8889,2.3469,3,62
4,2,179.1409,277.2692,3,89.1111,2.3469,3,62
4,2,304.1580,192.1652,3,81.0000,2.3469,3,57
4,2,336.3150,265.2442,3,68.0000,2.3469,3,54
4,2,314.2299,312.3398,3,74.7778,2.3469,3,56
4,2,277.0835,178.1017,3,13.5556,2.3469,3,11
4,2,289.5000,330.1200,3,80.7778,2.3469,3,53
4,2,209.0419,322.0369,3,69.3333,2.3469,3,48
4,2,334.3495,234.5239,3,135.0000,2.3469,3,99
4,2,224.2109,181.2802,3,9.7778,2.3469,3,6
4,2,199.2435,198.3394,3,11.2222,2.3469,3,9
4,2,236.3020,335.0062,3,56.0000,2.3469,3,39
4,2,174.3441,216.2251,3,12.7778,2.3469,3,9
4,2,181.3289,308.1240,3,84.5556,2.3469,3,61
4,2,339.3650,295.4737,3,100.4444,2.3469,3,84
4,2,331.4665,204.4829,3,126.6667,2.3469,3,108
4,2,249.2200,164.1504,3,9.4444,2.3469,3,6
4,2,264.4343,348.0446,3,118.3333,2.3469,3,83
4,2,152.1865,263.4729,3,66.6667,2.3469,3,48
4,2,361.0653,248.2789,3,103.4444,2.3469,3,73
4,2,302.0344,161.1247,3,17.4444,2.3469,3,11
4,2,211.1992,352.3938,3,108.3333,2.3469,3,80
4,2,317.1547,343.1968,3,71.5556,2.3469,3,51
4,2,154.0928,294.2398,3,92.0000,2.3469,3,61
4,2,183.4354,338.1863,3,39.1111,2.3469,3,30
4,2,329.2722,174.0645,3,13.6667,2.3469,3,8
4,2,359.1283,217.5597,3,63.1111,2.3469,3,44
4,2,341.4749,325.4376,3,44.7778,2.3469,3,37
4,2,239.1525,365.2506,3,43.0000,2.3469,3,33
4,2,363.5089,279.0425,3,31.4444,2.3469,3,22
4,2,292.1099,360.3761,3,38.2222,2.3469,3,28
4,2,356.1959,188.0811,3,37.8889,2.3469,3,25
4,2,156.2858,325.1815,3,71.4444,2.3469,3,53
4,2,366.4382,309.0855,3,49.0000,2.3469,3,37
4,2,267.0519,378.2216,3,46.1111,2.3469,3,33
4,2,386.3411,230.4680,3,38.5556,2.3469,3,32
4,2,186.3771,369.2060,3,26.1111,2.3469,3,20
4,2,214.2838,382.1246,3,31.0000,2.3469,3,23
4,2,389.1699,261.2288,3,39.4444,2.3469,3,26
4,2,319.1279,374.1566,3,37.6667,2.3469,3,26
4,2,344.1902,357.1564,3,26.7778,2.3469,3,17
4,2,130.1773,311.2959,3,78.8889,2.3469,3,54
4,2,383.3272,201.0259,3,42.5556,2.3469,3,32
4,2,159.2709,355.3541,3,37.0000,2.3469,3,28
4,2,241.4886,395.2247,3,29.0000,2.3469,3,20
4,2,294.3005,391.0118,3,45.0000,2.3469,3,32
4,2,391.4229,291.2576,3,28.4444,2.3469,3,22
4,2,369.3048,339.3713,3,28.8889,2.3469,3,20
4,2,131.3743,342.2628,3,77.4444,2.3469,3,54
4,2,394.1659,322.0476,3,33.7778,2.3469,3,24
4,2,269.0364,408.4472,3,40.3333,2.3469,3,28
4,2,189.5139,398.5168,3,39.5556,2.3469,3,26
4,2,414.4056,244.2107,3,34.0000,2.3469,3,26
4,2,410.3533,213.2769,3,10.1111,2.3469,3,10
4,2,347.1032,388.0199,3,34.3333,2.3469,3,22
4,2,416.1078,274.1597,3,37.8889,2.3469,3,25
4,2,161.2109,386.2184,3,36.4444,2.3469,3,25
4,2,216.4262,412.4421,3,26.5556,2.3469,3,21
4,2,372.1670,369.3198,3,19.6667,2.3469,3,14
4,2,322.1189,404.1311,3,12.3333,2.3469,3,9
4,2,134.2005,372.4102,3,47.3333,2.3469,3,32
4,2,396.3729,352.4098,3,25.1111,2.3469,3,19
4,2,419.0814,305.1726,3,45.2222,2.3469,3,29
4,2,243.2460,426.3668,3,21.0000,2.3469,3,15
4,2,231.4832,87.1016,3,28.5556,2.3469,3,20
4,2,296.3288,422.3950,3,18.8889,2.3469,3,16
4,2,285.0259,83.1881,3,23.1111,2.3469,3,15
4,2,154.0845,109.1256,3,9.4444,2.3469,3,5
4,2,179.1870,92.2222,3,10.0000,2.3469,3,7
4,2,439.3645,257.1481,3,22.0000,2.3469,3,15
4,2,272.0725,438.3098,3,9.7778,2.3469,3,7
4,2,422.3347,335.2307,3,23.3333,2.3469,3,18
4,2,257.0360,71.0180,3,11.2222,2.3469,3,7
4,2,81.1625,195.2760,3,13.6667,2.3469,3,10
4,2,163.3032,417.0657,3,29.8889,2.3469,3,20
4,2,374.2602,400.2574,3,16.7778,2.3469,3,11
4,2,191.0537,430.3806,3,22.0000,2.3469,3,16
4,2,349.1350,418.0153,3,23.3333,2.3469,3,14
4,2,137.1946,402.4367,3,16.6667,2.3469,3,11
4,2,443.4941,287.4106,3,25.2222,2.3469,3,19
4,2,219.2526,443.0955,3,18.0000,2.3469,3,13
4,2,324.0356,435.1909,3,13.1111,2.3469,3,8
4,2,399.2084,383.2348,3,13.6667,2.3469,3,9
4,2,61.1645,274.1977,3,18.7778,2.3469,3,12
4,2,338.1198,78.1484,3,8.2222,2.3469,3,5
4,2,365.1515,91.1919,3,5.7778,2.3469,3,4
4,2,58.2509,243.1909,3,9.7778,2.3469,3,7
4,2,446.2887,318.1138,3,20.7778,2.3469,3,14
4,2,424.2807,365.2565,3,12.0000,2.3469,3,7
4,2,299.1806,452.2609,3,13.4444,2.3469,3,8
4,2,246.1414,456.2730,3,12.5556,2.3469,3,10
4,2,425.2612,146.0746,3,8.3333,2.3469,3,4
4,2,66.1975,336.0335,3,8.6667,2.3469,3,5
4,2,166.3219,447.1157,3,18.4444,2.3469,3,11
4,2,377.0363,432.2096,3,15.4444,2.3469,3,9
4,2,448.4591,348.1032,3,23.0000,2.3469,3,16
4,2,193.4964,461.1574,3,39.3333,2.3469,3,27
4,2,352.0376,448.3237,3,15.7778,2.3469,3,11
4,2,273.3571,470.1696,3,16.0000,2.3469,3,11
4,2,402.3043,413.4730,3,21.1111,2.3469,3,16
4,2,221.2411,474.3732,3,12.2222,2.3469,3,8
4,2,427.2000,397.0455,3,11.4444,2.3469,3,8
4,2,327.2872,465.2137,3,7.7778,2.3469,3,6
4,2,451.4500,379.0276,3,12.4444,2.3469,3,8
4,2,249.1300,487.2982,3,15.8889,2.3469,3,9
4,2,302.1071,483.2479,3,10.8889,2.3469,3,6
4,2,40.2200,352.1000,3,9.3333,2.3469,3,5
4,2,404.3124,443.2581,3,13.4444,2.3469,3,9
4,2,102.2389,440.2028,3,3.7778,2.3469,3,5
4,2,380.0608,462.0684,3,10.3333,2.3469,3,8
4,2,429.2203,427.0396,3,21.5556,2.3469,3,13
4,2,354.1730,479.0319,3,23.8889,2.3469,3,15
4,2,276.3799,500.1808,3,15.3333,2.3469,3,10
4,2,329.1528,496.0142,3,13.6667,2.3469,3,8
5,2,255.7110,256.1277,3,197.7778,2.3456,3,192
5,2,229.4087,242.2534,3,185.3333,2.3456,3,140
5,2,284.1579,268.4194,3,199.2222,2.3456,3,159
5,2,281.5023,238.6206,3,186.1111,2.3456,3,125
5,2,231.4452,273.5095,3,135.5556,2.3456,3,103
5,2,254.4433,225.2948,3,83.3333,2.3456,3,67
5,2,259.4052,286.5190,3,155.7778,2.3456,3,114
5,2,308.3725,252.1553,3,198.7778,2.3456,3,155
5,2,279.3828,209.0888,3,208.5556,2.3456,3,161
5,2,227.3662,212.3205,3,69.5556,2.3456,3,56
5,2,287.0732,299.3240,3,181.1111,2.3456,3,135
5,2,203.4748,260.0321,3,211.4444,2.3456,3,171
5,2,233.4867,305.1831,3,205.6667,2.3456,3,166
5,2,262.2516,316.4115,3,91.2222,2.3456,3,72
5,2,202.4740,229.2188,3,79.2222,2.3456,3,64
5,2,206.3517,290.3878,3,99.5556,2.3456,3,80
5,2,252.1594,195.1983,3,28.1111,2.3456,3,21
5,2,307.0697,222.0300,3,174.4444,2.3456,3,125
5,2,311.4866,282.2870,3,86.6667,2.3456,3,72
5,2,177.2119,246.2485,3,85.8889,2.3456,3,62
5,2,179.1409,277.2692,3,89.1111,2.3456,3,62
5,2,304.1580,192.1652,3,81.0000,2.3456,3,57
5,2,336.3150,265.2442,3,68.0000,2.3456,3,54
5,2,314.2312,312.3401,3,74.7778,2.3456,3,56
5,2,277.0835,178.1017,3,13.5556,2.3456,3,11
5,2,289.5000,330.1200,3,80.7778,2.3456,3,53
5,2,209.0419,322.0369,3,69.3333,2.3456,3,48
5,2,334.3495,234.5239,3,135.0000,2.3456,3,99
5,2,224.2109,181.2802,3,9.7778,2.3456,3,6
5,2,199.2435,198.3394,3,11.2222,2.3456,3,9
5,2,236.3001,335.0051,3,56.0000,2.3456,3,39
5,2,174.3441,216.2251,3,12.7778,2.3456,3,9
5,2,181.3289,308.1240,3,84.5556,2.3456,3,61
5,2,339.3650,295.4737,3,100.4444,2.3456,3,84
5,2,331.4665,204.4829,3,126.6667,2.3456,3,108
5,2,249.2200,164.1504,3,9.4444,2.3456,3,6
5,2,264.4343,348.0446,3,118.3333,2.3456,3,83
5,2,152.1865,263.4729,3,66.6667,2.3456,3,48
5,2,361.0653,248.2789,3,103.4444,2.3456,3,73
5,2,302.0344,161.1247,3,17.4444,2.3456,3,11
5,2,211.1992,352.3938,3,108.3333,2.3456,3,80
5,2,317.1547,343.1968,3,71.5556,2.3456,3,51
5,2,154.0928,294.2398,3,92.0000,2.3456,3,61
5,2,183.4354,338.1863,3,39.1111,2.3456,3,30
5,2,329.2722,174.0645,3,13.6667,2.3456,3,8
5,2,359.1283,217.5597,3,63.1111,2.3456,3,44
5,2,341.4749,325.4376,3,44.7778,2.3456,3,37
5,2,239.1525,365.2506,3,43.0000,2.3456,3,33
5,2,363.5089,279.0425,3,31.4444,2.3456,3,22
5,2,292.1099,360.3761,3,38.2222,2.3456,3,28
5,2,356.1959,188.0811,3,37.8889,2.3456,3,25
5,2,156.2864,325.1828,3,71.4444,2.3456,3,53
5,2,366.4382,309.0855,3,49.0000,2.3456,3,37
5,2,267.0519,378.2216,3,46.1111,2.3456,3,33
5,2,386.3411,230.4680,3,38.5556,2.3456,3,32
5,2,186.3754,369.2033,3,26.1111,2.3456,3,20
5,2,214.2838,382.1246,3,31.0000,2.3456,3,23
5,2,389.1699,261.2288,3,39.4444,2.3456,3,26
5,2,319.1279,374.1566,3,37.6667,2.3456,3,26
5,2,344.1902,357.1564,3,26.7778,2.3456,3,17
5,2,130.1773,311.2959,3,78.8889,2.3456,3,54
5,2,383.3298,201.0293,3,42.5556,2.3456,3,32
5,2,159.2709,355.3541,3,37.0000,2.3456,3,28
5,2,241.4886,395.2247,3,29.0000,2.3456,3,20
5,2,294.3005,391.0118,3,45.0000,2.3456,3,32
5,2,391.4229,291.2576,3,28.4444,2.3456,3,22
5,2,369.3048,339.3713,3,28.8889,2.3456,3,20
5,2,131.3743,342.2628,3,77.4444,2.3456,3,54
5,2,394.1659,322.0476,3,33.7778,2.3456,3,24
5,2,269.0364,408.4472,3,40.3333,2.3456,3,28
5,2,189.5139,398.5168,3,39.5556,2.3456,3,26
5,2,414.4049,244.2105,3,34.0000,2.3456,3,26
5,2,410.3533,213.2769,3,10.1111,2.3456,3,10
5,2,347.1032,388.0199,3,34.3333,2.3456,3,22
5,2,416.1078,274.1597,3,37.8889,2.3456,3,25
5,2,161.2109,386.2184,3,36.4444,2.3456,3,25
5,2,216.4262,412.4421,3,26.5556,2.3456,3,21
5,2,372.1670,369.3198,3,19.6667,2.3456,3,14
5,2,322.1189,404.1311,3,12.3333,2.3456,3,9
5,2,134.2005,372.4102,3,47.3333,2.3456,3,32
5,2,396.3729,352.4098,3,25.1111,2.3456,3,19
5,2,419.0814,305.1726,3,45.2222,2.3456,3,29
5,2,243.2460,426.3668,3,21.0000,2.3456,3,15
5,2,231.4832,87.1016,3,28.5556,2.3456,3,20
5,2,296.3288,422.3950,3,18.8889,2.3456,3,16
5,2,285.0259,83.1881,3,23.1111,2.3456,3,15
5,2,154.0845,109.1256,3,9.4444,2.3456,3,5
5,2,179.1870,92.2222,3,10.0000,2.3456,3,7
5,2,439.3563,257.1471,3,21.5556,2.3456,3,15
5,2,272.0725,438.3098,3,9.7778,2.3456,3,7
5,2,422.3213,335.2309,3,22.5556,2.3456,3,17
5,2,257.0360,71.0180,3,11.2222,2.3456,3,7
5,2,81.1625,195.2760,3,13.6667,2.3456,3,10
5,2,191.0580,430.3697,3,21.2222,2.3456,3,16
5,2,163.3055,417.0645,3,29.0000,2.3456,3,19
5,2,374.2626,400.2626,3,16.6667,2.3456,3,11
5,2,349.1364,418.0178,3,22.5556,2.3456,3,14
5,2,137.2011,402.4332,3,16.4444,2.3456,3,11
5,2,443.4850,287.4178,3,24.5556,2.3456,3,18
5,2,219.2512,443.0915,3,17.8889,2.3456,3,13
5,2,324.0356,435.1909,3,13.1111,2.3456,3,8
5,2,399.2084,383.2348,3,13.6667,2.3456,3,9
5,2,61.1645,274.1977,3,18.7778,2.3456,3,12
5,2,338.1198,78.1484,3,8.2222,2.3456,3,5
5,2,365.1456,91.2013,3,5.7778,2.3456,3,4
5,2,58.2509,243.1909,3,9.7778,2.3456,3,7
5,2,446.2861,318.1147,3,20.2222,2.3456,3,14
5,2,424.2807,365.2565,3,12.0000,2.3456,3,7
5,2,299.1806,452.2609,3,13.4444,2.3456,3,8
5,2,246.1414,456.2730,3,12.5556,2.3456,3,10
5,2,425.2612,146.0746,3,8.3333,2.3456,3,4
5,2,66.1961,336.0267,3,8.6667,2.3456,3,5
5,2,166.3239,447.1169,3,18.1111,2.3456,3,11
5,2,377.0363,432.2096,3,15.4444,2.3456,3,9
5,2,448.4620,348.1102,3,22.4444,2.3456,3,16
5,2,193.4985,461.1526,3,38.3333,2.3456,3,27
5,2,402.3078,413.4663,3,20.7778,2.3456,3,16
5,2,352.0275,448.3275,3,15.7778,2.3456,3,11
5,2,273.3591,470.1702,3,15.7778,2.3456,3,11
5,2,221.2411,474.3732,3,12.2222,2.3456,3,8
5,2,427.1976,397.0519,3,11.4444,2.3456,3,8
5,2,327.2872,465.2137,3,7.7778,2.3456,3,6
5,2,451.4500,379.0276,3,12.4444,2.3456,3,8
5,2,249.1300,487.2982,3,15.8889,2.3456,3,9
5,2,302.1071,483.2479,3,10.8889,2.3456,3,6
5,2,40.2243,352.0990,3,9.3333,2.3456,3,5
5,2,404.3124,443.2581,3,13.4444,2.3456,3,9
5,2,102.2465,440.2047,3,3.6667,2.3456,3,5
5,2,380.0608,462.0684,3,10.3333,2.3456,3,8
5,2,429.2449,426.5299,3,21.2222,2.3456,3,13
5,2,354.1700,479.0327,3,23.4444,2.3456,3,15
5,2,276.3799,500.1808,3,15.3333,2.3456,3,10
5,2,329.1528,496.0142,3,13.6667,2.3456,3,8
6,2,256.1859,256.1327,3,197.3333,2.0125,3,189
6,2,229.4096,242.2546,3,185.2222,2.0125,3,141
6,2,284.1576,268.4191,3,199.1111,2.0125,3,159
6,2,281.4986,238.6198,3,160.6667,2.0125,3,125
6,2,231.4426,273.5109,3,135.5556,2.0125,3,103
6,2,254.4414,225.2941,3,83.2222,2.0125,3,67
6,2,259.3937,287.0015,3,155.7778,2.0125,3,114
6,2,308.3720,252.1555,3,198.6667,2.0125,3,155
6,2,279.3819,209.0889,3,208.2222,2.0125,3,161
6,2,227.3760,212.3287,3,69.4444,2.0125,3,56
6,2,287.0718,299.3254,3,180.8889,2.0125,3,135
6,2,203.4745,260.0312,3,211.4444,2.0125,3,171
6,2,233.4849,305.1842,3,205.4444,2.0125,3,166
6,2,262.2513,316.4150,3,91.2222,2.0125,3,72
6,2,202.4777,229.2210,3,79.1111,2.0125,3,64
6,2,206.3551,290.3870,3,99.5556,2.0125,3,80
6,2,311.4855,282.2899,3,86.6667,2.0125,3,73
6,2,252.1525,195.1951,3,28.1111,2.0125,3,22
6,2,307.0688,222.0293,3,174.4444,2.0125,3,125
6,2,177.2083,246.2482,3,85.6667,2.0125,3,62
6,2,179.1449,277.2753,3,88.7778,2.0125,3,61
6,2,304.1644,192.1633,3,80.8889,2.0125,3,57
6,2,336.3158,265.2445,3,68.0000,2.0125,3,54
6,2,314.2339,312.3356,3,74.7778,2.0125,3,56
6,2,277.0849,178.1034,3,13.2222,2.0125,3,11
6,2,289.5007,330.1176,3,80.7778,2.0125,3,53
6,2,209.0434,322.0388,3,69.1111,2.0125,3,47
6,2,334.3514,234.5233,3,135.0000,2.0125,3,98
6,2,224.2227,181.3158,3,9.5556,2.0125,3,6
6,2,199.2403,198.3445,3,11.1111,2.0125,3,8
6,2,236.2975,335.0019,3,55.6667,2.0125,3,38
6,2,174.3483,216.2096,3,12.6667,2.0125,3,9
6,2,331.4641,204.4834,3,126.3333,2.0125,3,108
6,2,181.3319,308.1250,3,84.5556,2.0125,3,61
6,2,339.3627,295.4781,3,100.4444,2.0125,3,83
6,2,249.2292,164.1496,3,9.4444,2.0125,3,6
6,2,264.4383,348.0440,3,118.0000,2.0125,3,83
6,2,152.1855,263.4748,3,66.5556,2.0125,3,48
6,2,361.0694,248.2819,3,103.2222,2.0125,3,74
6,2,302.0382,161.1429,3,17.3333,2.0125,3,11
6,2,211.2021,352.3919,3,108.3333,2.0125,3,80
6,2,317.1538,343.1928,3,71.5556,2.0125,3,51
6,2,154.0951,294.2398,3,91.5556,2.0125,3,61
6,2,183.4566,338.1871,3,39.1111,2.0125,3,30
6,2,329.2825,174.0822,3,13.5556,2.0125,3,8
6,2,292.1046,360.3676,3,38.2222,2.0125,3,28
6,2,359.1275,217.5694,3,62.7778,2.0125,3,44
6,2,341.4841,325.4342,3,44.5556,2.0125,3,37
6,2,239.1609,365.2618,3,43.0000,2.0125,3,34
6,2,363.5033,279.0582,3,31.0000,2.0125,3,22
6,2,356.2015,188.0711,3,37.7778,2.0125,3,25
6,2,156.2996,325.1887,3,71.4444,2.0125,3,53
6,2,366.4374,309.0788,3,49.0000,2.0125,3,37
6,2,267.0559,378.2240,3,45.7778,2.0125,3,32
6,2,126.2645,280.2452,3,7.0000,2.0125,3,4
6,2,386.3416,230.4673,3,38.4444,2.0125,3,32
6,2,186.3769,369.2240,3,26.0000,2.0125,3,20
6,2,214.2867,382.1271,3,30.6667,2.0125,3,23
6,2,389.1540,261.2273,3,39.4444,2.0125,3,27
6,2,319.1201,374.1616,3,37.6667,2.0125,3,26
6,2,344.2016,357.1573,3,26.3333,2.0125,3,17
6,2,130.1715,311.3038,3,78.8889,2.0125,3,53
6,2,383.3366,201.0281,3,42.4444,2.0125,3,32
6,2,159.2650,355.3562,3,36.7778,2.0125,3,28
6,2,241.4760,395.2191,3,28.6667,2.0125,3,21
6,2,294.3038,391.0064,3,45.0000,2.0125,3,32
6,2,391.4220,291.2605,3,28.4444,2.0125,3,22
6,2,369.2974,339.3833,3,28.8889,2.0125,3,20
6,2,131.3735,342.2653,3,77.4444,2.0125,3,54
6,2,394.1575,322.0496,3,33.7778,2.0125,3,24
6,2,269.0442,408.4442,3,40.3333,2.0125,3,28
6,2,189.5163,398.5192,3,38.8889,2.0125,3,25
6,2,414.3802,244.2113,3,34.0000,2.0125,3,26
6,2,410.3537,213.3003,3,10.1111,2.0125,3,10
6,2,347.1020,388.0184,3,34.3333,2.0125,3,22
6,2,416.1018,274.1681,3,37.8889,2.0125,3,25
6,2,161.2171,386.2407,3,35.8889,2.0125,3,25
6,2,216.4213,412.4558,3,26.2222,2.0125,3,21
6,2,372.1597,369.3016,3,19.6667,2.0125,3,15
6,2,322.1817,404.1178,3,12.1111,2.0125,3,9
6,2,134.2038,372.4046,3,47.3333,2.0125,3,31
6,2,396.3587,352.4006,3,25.1111,2.0125,3,19
6,2,419.0842,305.1573,3,45.2222,2.0125,3,29
6,2,231.4929,87.1087,3,28.5556,2.0125,3,20
6,2,243.2261,426.3976,3,20.4444,2.0125,3,16
6,2,296.3318,422.3871,3,18.5556,2.0125,3,16
6,2,285.0259,83.1881,3,23.1111,2.0125,3,15
6,2,154.1351,109.1282,3,9.4444,2.0125,3,5
6,2,179.1998,92.2711,3,10.0000,2.0125,3,7
6,2,439.3593,257.1448,3,21.3333,2.0125,3,14
6,2,272.0952,438.3498,3,9.7778,2.0125,3,7
6,2,422.3443,335.2206,3,22.1111,2.0125,3,17
6,2,257.0291,71.0400,3,11.2222,2.0125,3,7
6,2,81.1688,195.2681,3,13.5556,2.0125,3,9
6,2,163.2876,417.0647,3,28.4444,2.0125,3,19
6,2,374.2663,400.2475,3,16.1111,2.0125,3,12
6,2,191.0746,430.3676,3,20.6667,2.0125,3,15
6,2,349.1120,418.0094,3,22.3333,2.0125,3,13
6,2,137.1816,402.4270,3,16.2222,2.0125,3,11
6,2,443.4816,287.4245,3,24.3333,2.0125,3,18
6,2,219.2567,443.0847,3,17.2222,2.0125,3,12
6,2,399.2041,383.2891,3,13.0000,2.0125,3,9
6,2,324.0217,435.1800,3,12.5556,2.0125,3,9
6,2,61.1930,274.2049,3,18.3333,2.0125,3,12
6,2,338.1049,78.1645,3,8.2222,2.0125,3,5
6,2,365.1710,91.2275,3,5.7778,2.0125,3,4
6,2,58.2432,243.1995,3,9.7778,2.0125,3,7
6,2,446.2776,318.0958,3,20.0000,2.0125,3,14
6,2,424.2984,365.2654,3,11.6667,2.0125,3,7
6,2,299.1838,452.2350,3,13.2222,2.0125,3,8
6,2,246.1700,456.2883,3,12.5556,2.0125,3,10
6,2,425.2750,146.0725,3,8.3333,2.0125,3,4
6,2,393.1214,103.4948,3,7.3333,2.0125,3,4
6,2,166.3357,447.1095,3,17.5556,2.0125,3,11
6,2,448.4658,348.1141,3,22.1111,2.0125,3,16
6,2,377.0521,432.1957,3,14.8889,2.0125,3,8
6,2,193.4837,461.1536,3,37.6667,2.0125,3,26
6,2,273.3712,470.1794,3,15.3333,2.0125,3,10
6,2,352.0097,448.3499,3,15.2222,2.0125,3,11
6,2,402.3244,414.0400,3,18.8889,2.0125,3,15
6,2,221.2576,474.3582,3,12.2222,2.0125,3,8
6,2,427.2263,397.0307,3,11.2222,2.0125,3,7
6,2,327.3039,465.1990,3,7.7778,2.0125,3,6
6,2,451.4585,379.0354,3,12.4444,2.0125,3,8
6,2,249.1066,487.3103,3,15.6667,2.0125,3,10
6,2,302.0991,483.2134,3,10.8889,2.0125,3,6
6,2,40.2801,352.1240,3,9.3333,2.0125,3,5
6,2,404.3124,443.2581,3,13.3333,2.0125,3,9
6,2,102.2493,440.2099,3,3.6667,2.0125,3,5
6,2,380.0029,462.0675,3,10.3333,2.0125,3,8
6,2,429.2438,427.0582,3,20.8889,2.0125,3,13
6,2,354.1747,479.0190,3,23.0000,2.0125,3,15
6,2,276.3958,500.1771,3,15.1111,2.0125,3,10
6,2,329.1822,496.0527,3,12.6667,2.0125,3,8
7,2,256.1867,256.1326,3,197.0000,2.0009,3,190
7,2,281.4742,239.0934,3,160.4444,2.0009,3,125
7,2,229.4086,242.2560,3,185.2222,2.0009,3,141
7,2,284.1594,268.4178,3,199.0000,2.0009,3,158
7,2,231.4446,273.5128,3,135.3333,2.0009,3,103
7,2,254.4396,225.2941,3,83.2222,2.0009,3,67
7,2,259.3933,287.0016,3,155.7778,2.0009,3,114
7,2,308.3727,252.1557,3,198.4444,2.0009,3,155
7,2,279.3835,209.0886,3,208.2222,2.0009,3,161
7,2,227.3676,212.3270,3,69.3333,2.0009,3,55
7,2,287.0705,299.3255,3,180.6667,2.0009,3,135
7,2,203.4768,260.0319,3,211.1111,2.0009,3,171
7,2,233.4872,305.1849,3,205.1111,2.0009,3,165
7,2,262.2546,316.4234,3,90.8889,2.0009,3,72
7,2,202.4802,229.2231,3,79.0000,2.0009,3,65
7,2,206.3561,290.3858,3,99.5556,2.0009,3,80
7,2,311.4868,282.2872,3,86.5556,2.0009,3,73
7,2,252.1498,195.1880,3,27.8889,2.0009,3,21
7,2,307.0714,222.0298,3,174.3333,2.0009,3,125
7,2,177.2127,246.2551,3,85.5556,2.0009,3,62
7,2,179.1470,277.2740,3,88.7778,2.0009,3,61
7,2,304.1576,192.1634,3,80.6667,2.0009,3,56
7,2,336.3198,265.2448,3,67.7778,2.0009,3,54
7,2,314.2385,312.3391,3,74.7778,2.0009,3,57
7,2,277.1049,178.1221,3,13.2222,2.0009,3,11
7,2,289.5058,330.1209,3,80.5556,2.0009,3,54
7,2,209.0454,322.0369,3,68.4444,2.0009,3,47
7,2,334.3539,234.5257,3,134.8889,2.0009,3,98
7,2,199.2286,198.3361,3,11.1111,2.0009,3,8
7,2,236.2998,335.0068,3,55.6667,2.0009,3,38
7,2,224.2322,181.3096,3,9.3333,2.0009,3,7
7,2,174.3488,216.2126,3,12.3333,2.0009,3,8
7,2,331.4694,204.4857,3,126.3333,2.0009,3,109
7,2,181.3252,308.1323,3,84.5556,2.0009,3,61
7,2,339.3592,295.4778,3,100.4444,2.0009,3,83
7,2,249.2668,164.1612,3,9.1111,2.0009,3,6
7,2,264.4398,348.0383,3,117.8889,2.0009,3,83
7,2,152.1970,263.4803,3,66.2222,2.0009,3,48
7,2,361.0653,248.2795,3,102.7778,2.0009,3,74
7,2,302.0304,161.1376,3,17.1111,2.0009,3,11
7,2,211.2000,352.3909,3,108.3333,2.0009,3,80
7,2,317.1519,343.1932,3,71.5556,2.0009,3,51
7,2,154.1041,294.2378,3,91.1111,2.0009,3,60
7,2,341.4787,325.4471,3,44.5556,2.0009,3,38
7,2,359.1070,218.0239,3,62.6667,2.0009,3,43
7,2,183.4714,338.1874,3,39.1111,2.0009,3,30
7,2,292.0908,360.3959,3,38.2222,2.0009,3,28
7,2,239.1612,365.2625,3,42.7778,2.0009,3,34
7,2,363.4925,279.0522,3,28.3333,2.0009,3,22
7,2,329.2553,174.0581,3,13.3333,2.0009,3,8
7,2,356.1907,188.0832,3,37.5556,2.0009,3,25
7,2,156.2954,325.1926,3,71.4444,2.0009,3,53
7,2,366.4230,309.0747,3,49.0000,2.0009,3,37
7,2,267.0596,378.2144,3,45.6667,2.0009,3,32
7,2,126.2413,280.2093,3,7.0000,2.0009,3,4
7,2,386.3463,230.4803,3,38.4444,2.0009,3,32
7,2,186.3939,369.2380,3,25.2222,2.0009,3,20
7,2,214.2883,382.1365,3,30.3333,2.0009,3,23
7,2,389.1877,261.2330,3,39.4444,2.0009,3,27
7,2,319.1189,374.1687,3,37.5556,2.0009,3,26
7,2,344.1855,357.1844,3,25.8889,2.0009,3,17
7,2,130.1702,311.3039,3,78.5556,2.0009,3,53
7,2,159.2697,355.3597,3,36.2222,2.0009,3,28
7,2,383.3386,201.0256,3,42.3333,2.0009,3,31
7,2,241.4749,395.2125,3,28.3333,2.0009,3,21
7,2,294.3140,391.0081,3,45.0000,2.0009,3,32
7,2,391.4196,291.2611,3,28.4444,2.0009,3,22
7,2,369.3245,339.3987,3,28.8889,2.0009,3,21
7,2,131.3752,342.2686,3,77.4444,2.0009,3,53
7,2,269.0498,408.4276,3,40.3333,2.0009,3,28
7,2,394.1429,322.0535,3,33.7778,2.0009,3,24
7,2,189.5293,398.5030,3,38.7778,2.0009,3,25
7,2,414.3853,244.2047,3,34.0000,2.0009,3,26
7,2,410.3634,213.2919,3,10.1111,2.0009,3,9
7,2,347.0892,388.0154,3,34.3333,2.0009,3,22
7,2,216.4331,412.4535,3,25.5556,2.0009,3,21
7,2,416.0808,274.1782,3,37.8889,2.0009,3,25
7,2,161.2311,386.2435,3,35.7778,2.0009,3,24
7,2,372.1348,369.3086,3,19.6667,2.0009,3,14
7,2,322.2260,404.1154,3,11.4444,2.0009,3,8
7,2,134.1979,372.3993,3,47.3333,2.0009,3,31
7,2,396.3400,352.3887,3,25.1111,2.0009,3,19
7,2,419.0847,305.1585,3,44.8889,2.0009,3,29
7,2,231.5134,87.1306,3,33.3333,2.0009,3,20
7,2,243.2482,426.4087,3,20.0000,2.0009,3,16
7,2,296.3306,422.3953,3,18.2222,2.0009,3,16
7,2,285.0283,83.1990,3,23.1111,2.0009,3,15
7,2,154.1334,109.1427,3,9.4444,2.0009,3,5
7,2,179.1629,92.2829,3,9.8889,2.0009,3,7
7,2,439.4122,257.1667,3,20.8889,2.0009,3,14
7,2,272.0741,439.0665,3,11.0000,2.0009,3,6
7,2,422.3281,335.2175,3,21.6667,2.0009,3,16
7,2,257.0421,71.0641,3,11.2222,2.0009,3,7
7,2,81.1541,195.2469,3,13.3333,2.0009,3,9
7,2,191.1006,430.3729,3,20.5556,2.0009,3,15
7,2,163.2978,417.0623,3,27.4444,2.0009,3,18
7,2,374.2452,400.2198,3,15.8889,2.0009,3,11
7,2,349.1238,417.4029,3,19.6667,2.0009,3,13
7,2,137.1810,402.4348,3,15.5556,2.0009,3,11
7,2,219.2568,443.0720,3,17.0000,2.0009,3,12
7,2,443.4604,287.4416,3,23.6667,2.0009,3,17
7,2,399.2333,383.3306,3,12.2222,2.0009,3,8
7,2,324.0707,435.1754,3,12.0000,2.0009,3,8
7,2,61.2032,274.2018,3,17.8889,2.0009,3,12
7,2,338.1079,78.1850,3,8.2222,2.0009,3,5
7,2,58.2385,243.1998,3,9.7778,2.0009,3,7
7,2,446.3043,318.1223,3,19.7778,2.0009,3,14
7,2,246.2545,456.3600,3,11.2222,2.0009,3,9
7,2,424.2825,365.2527,3,11.2222,2.0009,3,7
7,2,299.2175,452.2579,3,12.6667,2.0009,3,8
7,2,425.2640,146.0888,3,8.3333,2.0009,3,4
7,2,166.3843,447.0964,3,17.3333,2.0009,3,10
7,2,377.0150,432.1637,3,14.8889,2.0009,3,8
7,2,448.5186,348.1193,3,23.7778,2.0009,3,16
7,2,193.4818,461.1316,3,37.0000,2.0009,3,26
7,2,352.0070,448.3331,3,14.6667,2.0009,3,10
7,2,273.3963,470.1555,3,14.6667,2.0009,3,11
7,2,402.3479,414.0472,3,18.6667,2.0009,3,14
7,2,221.2641,474.3512,3,12.0000,2.0009,3,8
7,2,327.2653,466.0224,3,7.8889,2.0009,3,6
7,2,427.2190,397.0407,3,11.0000,2.0009,3,7
7,2,451.4154,379.0448,3,12.2222,2.0009,3,8
7,2,302.0957,483.1435,3,10.8889,2.0009,3,6
7,2,249.1190,487.3264,3,15.3333,2.0009,3,10
7,2,41.0123,352.0936,3,11.2222,2.0009,3,5
7,2,404.3683,443.2238,3,13.1111,2.0009,3,9
7,2,379.4328,462.0703,3,8.5556,2.0009,3,8
7,2,429.2556,427.0183,3,20.6667,2.0009,3,12
7,2,354.1732,479.0098,3,22.7778,2.0009,3,15
7,2,276.3682,500.1603,3,15.0000,2.0009,3,10
7,2,329.1965,496.0704,3,12.5556,2.0009,3,7
8,2,256.1871,256.1328,3,197.0000,2.1758,3,190
8,2,281.4755,239.0931,3,160.4444,2.1758,3,125
8,2,229.4084,242.2570,3,185.1111,2.1758,3,141
8,2,284.1607,268.4182,3,198.8889,2.1758,3,158
8,2,231.4436,273.5124,3,135.2222,2.1758,3,103
8,2,254.4407,225.2951,3,83.1111,2.1758,3,67
8,2,259.3936,287.0003,3,155.7778,2.1758,3,114
8,2,308.3754,252.1585,3,198.4444,2.1758,3,155
8,2,279.3842,209.0898,3,208.2222,2.1758,3,161
8,2,227.3729,212.3270,3,69.2222,2.1758,3,55
8,2,287.0700,299.3262,3,180.6667,2.1758,3,135
8,2,203.4773,260.0323,3,211.1111,2.1758,3,171
8,2,233.4872,305.1839,3,205.0000,2.1758,3,165
8,2,262.2561,316.4231,3,90.8889,2.1758,3,72
8,2,202.4811,229.2206,3,78.8889,2.1758,3,65
8,2,206.3572,290.3862,3,99.5556,2.1758,3,80
8,2,311.4865,282.2875,3,86.4444,2.1758,3,73
8,2,252.1539,195.1822,3,27.7778,2.1758,3,21
8,2,307.0709,222.0295,3,174.3333,2.1758,3,125
8,2,177.2103,246.2550,3,85.5556,2.1758,3,62
8,2,179.1452,277.2804,3,88.5556,2.1758,3,61
8,2,304.1627,192.1714,3,80.6667,2.1758,3,56
8,2,224.2353,181.3151,3,9.2222,2.1758,3,7
8,2,336.3177,265.2458,3,67.7778,2.1758,3,54
8,2,314.2403,312.3389,3,74.7778,2.1758,3,57
8,2,277.0796,178.1248,3,13.2222,2.1758,3,11
8,2,289.5058,330.1209,3,80.4444,2.1758,3,54
8,2,209.0454,322.0400,3,68.4444,2.1758,3,47
8,2,334.3526,234.5261,3,134.7778,2.1758,3,98
8,2,199.2354,198.3412,3,11.1111,2.1758,3,8
8,2,236.2981,335.0019,3,55.6667,2.1758,3,38
8,2,174.3564,216.2195,3,12.3333,2.1758,3,8
8,2,331.4698,204.4850,3,126.3333,2.1758,3,109
8,2,181.3237,308.1334,3,84.5556,2.1758,3,61
8,2,339.3592,295.4778,3,100.4444,2.1758,3,83
8,2,249.2788,164.1673,3,9.1111,2.1758,3,6
8,2,264.4371,348.0395,3,117.8889,2.1758,3,83
8,2,152.1938,263.4806,3,66.2222,2.1758,3,48
8,2,361.0666,248.2788,3,102.7778,2.1758,3,74
8,2,302.0213,161.1463,3,17.1111,2.1758,3,11
8,2,211.2008,352.3892,3,108.3333,2.1758,3,81
8,2,317.1573,343.1968,3,71.5556,2.1758,3,51
8,2,154.1053,294.2388,3,91.1111,2.1758,3,60
8,2,341.4751,325.4491,3,44.5556,2.1758,3,38
8,2,359.1053,218.0239,3,62.6667,2.1758,3,43
8,2,183.4714,338.1874,3,39.1111,2.1758,3,30
8,2,292.0943,360.4041,3,38.2222,2.1758,3,28
8,2,239.1587,365.2610,3,42.7778,2.1758,3,34
8,2,363.4925,279.0522,3,28.3333,2.1758,3,22
8,2,329.2496,174.0644,3,13.3333,2.1758,3,8
8,2,356.1957,188.0894,3,37.5556,2.1758,3,25
8,2,156.2968,325.1877,3,71.4444,2.1758,3,53
8,2,366.4187,309.0745,3,49.0000,2.1758,3,38
8,2,267.0572,378.2128,3,45.6667,2.1758,3,32
8,2,386.3458,230.4767,3,38.4444,2.1758,3,32
8,2,186.3959,369.2394,3,25.2222,2.1758,3,20
8,2,214.2933,382.1338,3,30.1111,2.1758,3,23
8,2,389.1909,261.2370,3,39.2222,2.1758,3,27
8,2,319.1193,374.1691,3,37.4444,2.1758,3,26
8,2,344.1979,357.1691,3,25.8889,2.1758,3,18
8,2,130.1702,311.3039,3,78.5556,2.1758,3,53
8,2,159.2670,355.3615,3,36.2222,2.1758,3,28
8,2,383.3386,201.0256,3,42.3333,2.1758,3,31
8,2,241.4874,395.2062,3,28.2222,2.1758,3,21
8,2,294.3140,391.0081,3,45.0000,2.1758,3,32
8,2,391.4196,291.2611,3,28.4444,2.1758,3,22
8,2,369.3247,339.4045,3,28.8889,2.1758,3,21
8,2,131.3790,342.2707,3,77.3333,2.1758,3,53
8,2,269.0489,408.4257,3,40.3333,2.1758,3,28
8,2,394.1402,322.0543,3,33.7778,2.1758,3,24
8,2,189.5286,398.5015,3,38.7778,2.1758,3,26
8,2,414.3807,244.2067,3,34.0000,2.1758,3,26
8,2,410.3764,213.2731,3,10.0000,2.1758,3,9
8,2,347.0858,388.0127,3,34.3333,2.1758,3,22
8,2,216.4314,412.4502,3,25.5556,2.1758,3,21
8,2,416.0808,274.1782,3,37.8889,2.1758,3,25
8,2,161.2311,386.2435,3,35.7778,2.1758,3,24
8,2,372.1348,369.3086,3,19.6667,2.1758,3,14
8,2,322.2315,404.1190,3,11.3333,2.1758,3,8
8,2,134.2003,372.3999,3,47.3333,2.1758,3,31
8,2,396.3380,352.3858,3,25.1111,2.1758,3,19
8,2,419.0877,305.1583,3,44.8889,2.1758,3,29
8,2,232.0013,87.1434,3,33.3333,2.1758,3,20
8,2,243.2450,426.4048,3,20.0000,2.1758,3,16
8,2,296.3268,422.3992,3,18.1111,2.1758,3,15
8,2,285.0299,83.1885,3,23.1111,2.1758,3,15
8,2,154.1412,109.1366,3,9.3333,2.1758,3,5
8,2,179.0887,92.2660,3,9.8889,2.1758,3,6
8,2,439.4181,257.1748,3,20.6667,2.1758,3,14
8,2,271.4167,439.1016,3,8.8889,2.1758,3,6
8,2,422.3206,335.2341,3,20.8889,2.1758,3,16
8,2,81.1902,195.2913,3,12.1111,2.1758,3,9
8,2,257.0805,71.0858,3,10.8889,2.1758,3,7
8,2,191.1035,430.3671,3,19.7778,2.1758,3,15
8,2,163.3018,417.0772,3,26.6667,2.1758,3,18
8,2,349.1309,417.4040,3,19.4444,2.1758,3,14
8,2,374.2350,400.2186,3,15.6667,2.1758,3,11
8,2,137.1747,402.4363,3,15.2222,2.1758,3,10
8,2,443.4672,287.4376,3,23.3333,2.1758,3,17
8,2,219.2726,443.0540,3,16.8889,2.1758,3,12
8,2,324.0530,435.1802,3,11.6667,2.1758,3,8
8,2,399.2308,383.3370,3,12.1111,2.1758,3,8
8,2,61.2314,274.1775,3,17.4444,2.1758,3,11
8,2,338.0478,78.1730,3,8.2222,2.1758,3,5
8,2,58.2844,243.1920,3,8.6667,2.1758,3,6
8,2,446.3094,318.1391,3,19.2222,2.1758,3,13
8,2,424.2657,365.2874,3,10.8889,2.1758,3,6
8,2,299.1979,452.2686,3,12.5556,2.1758,3,8
8,2,246.2379,456.3736,3,10.7778,2.1758,3,8
8,2,66.2606,336.0985,3,7.7778,2.1758,3,4
8,2,166.3668,447.0974,3,17.0000,2.1758,3,10
8,2,377.0291,432.1437,3,14.6667,2.1758,3,8
8,2,448.5306,348.1184,3,23.0000,2.1758,3,15
8,2,193.4862,461.1297,3,36.3333,2.1758,3,25
8,2,352.0008,448.3025,3,14.6667,2.1758,3,10
8,2,273.3432,470.1592,3,14.3333,2.1758,3,10
8,2,402.3383,414.0358,3,18.4444,2.1758,3,14
8,2,221.2313,474.3116,3,10.8889,2.1758,3,7
8,2,427.1628,397.0549,3,10.8889,2.1758,3,7
8,2,327.2027,466.0676,3,7.4444,2.1758,3,6
8,2,249.1344,487.3262,3,14.8889,2.1758,3,10
8,2,452.0248,379.0363,3,12.3333,2.1758,3,7
8,2,302.0598,483.1047,3,10.7778,2.1758,3,6
8,2,40.1467,352.1413,3,8.3333,2.1758,3,4
8,2,404.2969,443.2765,3,11.8889,2.1758,3,8
8,2,379.3976,462.0562,3,8.4444,2.1758,3,7
8,2,429.2421,426.3997,3,15.5556,2.1758,3,12
8,2,354.1729,479.0674,3,22.3333,2.1758,3,14
8,2,276.3387,500.1677,3,13.8889,2.1758,3,9
8,2,329.1622,496.0363,3,12.2222,2.1758,3,7
9,2,256.1864,256.1325,3,197.0000,2.2170,3,190
9,2,281.4751,239.0941,3,160.4444,2.2170,3,125
9,2,229.4085,242.2550,3,185.2222,2.2170,3,141
9,2,284.1592,268.4180,3,199.0000,2.2170,3,158
9,2,231.4440,273.5135,3,135.3333,2.2170,3,103
9,2,254.4391,225.2945,3,83.2222,2.2170,3,67
9,2,259.3933,287.0016,3,155.7778,2.2170,3,114
9,2,308.3732,252.1554,3,198.4444,2.2170,3,155
9,2,279.3835,209.0886,3,208.2222,2.2170,3,161
9,2,227.3684,212.3272,3,69.3333,2.2170,3,56
9,2,287.0704,299.3260,3,180.6667,2.2170,3,135
9,2,203.4768,260.0319,3,211.2222,2.2170,3,171
9,2,233.4870,305.1855,3,205.2222,2.2170,3,165
9,2,262.2579,316.4208,3,90.8889,2.2170,3,72
9,2,202.4773,229.2234,3,79.0000,2.2170,3,65
9,2,206.3569,290.3868,3,99.5556,2.2170,3,80
9,2,311.4855,282.2881,3,86.5556,2.2170,3,73
9,2,252.1592,195.1981,3,27.8889,2.2170,3,21
9,2,307.0714,222.0298,3,174.3333,2.2170,3,125
9,2,177.2137,246.2525,3,85.5556,2.2170,3,62
9,2,179.1463,277.2734,3,88.7778,2.2170,3,61
9,2,304.1595,192.1630,3,80.6667,2.2170,3,56
9,2,336.3165,265.2416,3,67.8889,2.2170,3,54
9,2,314.2374,312.3407,3,74.7778,2.2170,3,57
9,2,277.1049,178.1221,3,13.2222,2.2170,3,11
9,2,289.5058,330.1209,3,80.5556,2.2170,3,54
9,2,209.0487,322.0376,3,68.6667,2.2170,3,47
9,2,334.3546,234.5248,3,135.0000,2.2170,3,98
9,2,199.2283,198.3333,3,11.1111,2.2170,3,8
9,2,236.2976,335.0075,3,55.6667,2.2170,3,38
9,2,224.2244,181.3017,3,9.4444,2.2170,3,7
9,2,174.3515,216.1964,3,12.3333,2.2170,3,8
9,2,331.4692,204.4861,3,126.3333,2.2170,3,109
9,2,181.3262,308.1322,3,84.5556,2.2170,3,61
9,2,339.3610,295.4794,3,100.4444,2.2170,3,83
9,2,249.2727,164.1673,3,9.1111,2.2170,3,6
9,2,264.4410,348.0386,3,117.8889,2.2170,3,83
9,2,152.1963,263.4803,3,66.2222,2.2170,3,48
9,2,361.0661,248.2795,3,102.8889,2.2170,3,74
9,2,302.0304,161.1376,3,17.1111,2.2170,3,11
9,2,196.1377,168.1280,3,5.3333,2.2170,3,5
9,2,211.2010,352.3907,3,108.3333,2.2170,3,80
9,2,317.1502,343.1929,3,71.5556,2.2170,3,51
9,2,154.1032,294.2393,3,91.1111,2.2170,3,60
9,2,341.4793,325.4466,3,44.5556,2.2170,3,38
9,2,359.1070,218.0239,3,62.6667,2.2170,3,43
9,2,183.4714,338.1874,3,39.1111,2.2170,3,30
9,2,292.0942,360.3871,3,38.2222,2.2170,3,28
9,2,239.1612,365.2625,3,42.8889,2.2170,3,34
9,2,363.4909,279.0583,3,28.3333,2.2170,3,22
9,2,329.2522,174.0659,3,13.3333,2.2170,3,8
9,2,356.1924,188.0856,3,37.5556,2.2170,3,25
9,2,156.2984,325.1929,3,71.4444,2.2170,3,53
9,2,366.4251,309.0723,3,49.0000,2.2170,3,37
9,2,267.0587,378.2151,3,45.6667,2.2170,3,32
9,2,126.2449,280.2217,3,7.0000,2.2170,3,4
9,2,386.3438,230.4797,3,38.4444,2.2170,3,32
9,2,186.3892,369.2414,3,25.4444,2.2170,3,20
9,2,214.2843,382.1377,3,30.3333,2.2170,3,23
9,2,389.1846,261.2355,3,39.4444,2.2170,3,27
9,2,319.1211,374.1662,3,37.5556,2.2170,3,26
9,2,344.1922,357.1748,3,26.0000,2.2170,3,17
9,2,130.1680,311.3008,3,78.5556,2.2170,3,53
9,2,159.2697,355.3597,3,36.3333,2.2170,3,28
9,2,383.3386,201.0256,3,42.3333,2.2170,3,31
9,2,241.4699,395.2180,3,28.3333,2.2170,3,21
9,2,294.3140,391.0081,3,45.0000,2.2170,3,32
9,2,391.4196,291.2611,3,28.4444,2.2170,3,22
9,2,369.3148,339.3991,3,28.8889,2.2170,3,21
9,2,131.3738,342.2680,3,77.4444,2.2170,3,53
9,2,269.0498,408.4276,3,40.3333,2.2170,3,28
9,2,394.1429,322.0535,3,33.7778,2.2170,3,24
9,2,189.5232,398.5015,3,38.7778,2.2170,3,25
9,2,414.3813,244.2053,3,34.0000,2.2170,3,26
9,2,410.3634,213.2919,3,10.1111,2.2170,3,9
9,2,347.0892,388.0154,3,34.3333,2.2170,3,22
9,2,416.0865,274.1709,3,37.8889,2.2170,3,25
9,2,161.2275,386.2406,3,35.7778,2.2170,3,24
9,2,216.4308,412.4536,3,25.5556,2.2170,3,21
9,2,372.1387,369.3042,3,19.6667,2.2170,3,14
9,2,322.2102,404.1226,3,11.4444,2.2170,3,8
9,2,134.1979,372.3993,3,47.3333,2.2170,3,31
9,2,396.3400,352.3887,3,25.1111,2.2170,3,19
9,2,419.0842,305.1637,3,44.8889,2.2170,3,29
9,2,232.0049,87.1516,3,33.3333,2.2170,3,20
9,2,243.2497,426.4135,3,20.0000,2.2170,3,16
9,2,296.3306,422.3953,3,18.2222,2.2170,3,16
9,2,285.0344,83.1789,3,23.1111,2.2170,3,15
9,2,179.0881,92.2217,3,9.7778,2.2170,3,6
9,2,439.3803,257.1728,3,20.4444,2.2170,3,14
9,2,272.0588,439.0568,3,10.7778,2.2170,3,6
9,2,422.3288,335.2190,3,20.7778,2.2170,3,16
9,2,256.2917,71.1229,3,8.4444,2.2170,3,6
9,2,81.2811,195.2662,3,12.0000,2.2170,3,9
9,2,163.3305,417.0716,3,26.2222,2.2170,3,18
9,2,374.2611,400.2300,3,15.5556,2.2170,3,10
9,2,191.0856,430.3648,3,19.7778,2.2170,3,14
9,2,349.1289,417.4082,3,19.1111,2.2170,3,13
9,2,137.1367,402.3947,3,15.1111,2.2170,3,9
9,2,443.4499,287.4329,3,23.1111,2.2170,3,17
9,2,219.2581,443.0627,3,16.6667,2.2170,3,12
9,2,399.1804,383.3411,3,12.0000,2.2170,3,8
9,2,324.0321,435.1707,3,11.6667,2.2170,3,7
9,2,61.2245,274.1336,3,16.7778,2.2170,3,11
9,2,58.2796,243.1713,3,8.6667,2.2170,3,6
9,2,446.2720,318.1255,3,19.1111,2.2170,3,13
9,2,246.2604,456.3541,3,10.6667,2.2170,3,8
9,2,424.2580,365.2752,3,10.4444,2.2170,3,6
9,2,299.2143,452.2334,3,12.6667,2.2170,3,8
9,2,66.1518,336.0209,3,7.5556,2.2170,3,4
9,2,166.4068,447.1095,3,16.8889,2.2170,3,10
9,2,377.0165,432.1209,3,14.3333,2.2170,3,8
9,2,448.5142,348.1108,3,22.7778,2.2170,3,14
9,2,193.4776,461.1314,3,35.6667,2.2170,3,25
9,2,351.4072,448.2783,3,13.8889,2.2170,3,9
9,2,273.3325,470.1296,3,14.3333,2.2170,3,10
9,2,402.3286,414.0012,3,18.3333,2.2170,3,14
9,2,221.2234,474.2925,3,10.5556,2.2170,3,7
9,2,427.1008,397.0068,3,10.6667,2.2170,3,7
9,2,327.2343,466.0097,3,7.0000,2.2170,3,5
9,2,452.0218,379.0256,3,12.1111,2.2170,3,7
9,2,302.1347,483.1644,3,9.6667,2.2170,3,5
9,2,249.1017,487.3069,3,14.0000,2.2170,3,8
9,2,40.3109,352.1934,3,8.3333,2.2170,3,4
9,2,404.2772,443.2579,3,11.8889,2.2170,3,8
9,2,379.3720,462.0400,3,8.3333,2.2170,3,7
9,2,429.2857,426.3943,3,14.4444,2.2170,3,12
9,2,354.1737,479.0434,3,21.1111,2.2170,3,13
9,2,276.3844,500.1466,3,13.4444,2.2170,3,9
9,2,329.1680,496.0586,3,11.2222,2.2170,3,7
10,2,256.1865,256.1325,3,197.0000,2.1491,3,189
10,2,281.4754,239.0954,3,160.4444,2.1491,3,125
10,2,229.4089,242.2545,3,185.2222,2.1491,3,141
10,2,284.1587,268.4177,3,199.0000,2.1491,3,159
10,2,231.4438,273.5128,3,135.3333,2.1491,3,103
10,2,254.4399,225.2946,3,83.2222,2.1491,3,67
10,2,259.3933,287.0016,3,155.7778,2.1491,3,114
10,2,308.3725,252.1561,3,198.5556,2.1491,3,155
10,2,279.3846,209.0890,3,208.2222,2.1491,3,162
10,2,227.3689,212.3264,3,69.3333,2.1491,3,56
10,2,287.0707,299.3259,3,180.7778,2.1491,3,135
10,2,203.4762,260.0313,3,211.3333,2.1491,3,171
10,2,233.4863,305.1857,3,205.2222,2.1491,3,165
10,2,262.2579,316.4194,3,91.2222,2.1491,3,72
10,2,202.4789,229.2240,3,79.0000,2.1491,3,64
10,2,206.3544,290.3879,3,99.5556,2.1491,3,80
10,2,311.4849,282.2892,3,86.5556,2.1491,3,73
10,2,252.1620,195.1908,3,27.8889,2.1491,3,21
10,2,307.0710,222.0309,3,174.3333,2.1491,3,125
10,2,177.2120,246.2540,3,85.6667,2.1491,3,62
10,2,179.1448,277.2748,3,88.7778,2.1491,3,61
10,2,304.1631,192.1624,3,80.7778,2.1491,3,56
10,2,336.3182,265.2416,3,67.8889,2.1491,3,54
10,2,314.2358,312.3375,3,74.7778,2.1491,3,57
10,2,277.1011,178.1198,3,13.2222,2.1491,3,11
10,2,289.5018,330.1217,3,80.7778,2.1491,3,53
10,2,209.0489,322.0397,3,68.6667,2.1491,3,47
10,2,334.3535,234.5240,3,135.0000,2.1491,3,98
10,2,224.2226,181.2847,3,9.4444,2.1491,3,6
10,2,199.2540,198.3402,3,11.1111,2.1491,3,8
10,2,236.2993,335.0077,3,55.6667,2.1491,3,38
10,2,174.3443,216.2082,3,12.4444,2.1491,3,9
10,2,331.4665,204.4859,3,126.3333,2.1491,3,109
10,2,181.3329,308.1259,3,84.5556,2.1491,3,61
10,2,339.3615,295.4785,3,100.4444,2.1491,3,83
10,2,249.2554,164.1619,3,9.1111,2.1491,3,6
10,2,264.4393,348.0397,3,117.8889,2.1491,3,83
10,2,152.1930,263.4783,3,66.3333,2.1491,3,48
10,2,301.4666,161.1511,3,14.4444,2.1491,3,11
10,2,361.0662,248.2807,3,103.0000,2.1491,3,74
10,2,196.1390,168.0867,3,5.3333,2.1491,3,5
10,2,211.2015,352.3927,3,108.3333,2.1491,3,80
10,2,317.1489,343.1916,3,71.5556,2.1491,3,51
10,2,154.0975,294.2406,3,91.4444,2.1491,3,61
10,2,341.4814,325.4344,3,44.5556,2.1491,3,38
10,2,359.1115,218.0262,3,62.6667,2.1491,3,43
10,2,183.4621,338.1826,3,39.1111,2.1491,3,30
10,2,329.2751,174.0779,3,13.3333,2.1491,3,8
10,2,292.0937,360.3828,3,38.2222,2.1491,3,28
10,2,239.1602,365.2629,3,43.0000,2.1491,3,34
10,2,363.4942,279.0631,3,28.3333,2.1491,3,22
10,2,356.1918,188.0755,3,37.6667,2.1491,3,25
10,2,156.2971,325.1912,3,71.4444,2.1491,3,53
10,2,366.4263,309.0794,3,49.0000,2.1491,3,37
10,2,267.0561,378.2156,3,45.6667,2.1491,3,32
10,2,386.3416,230.4786,3,38.4444,2.1491,3,32
10,2,126.2655,280.2458,3,7.0000,2.1491,3,4
10,2,186.3788,369.2333,3,25.5556,2.1491,3,20
10,2,214.2855,382.1335,3,30.4444,2.1491,3,23
10,2,389.1608,261.2168,3,39.4444,2.1491,3,27
10,2,319.1224,374.1640,3,37.6667,2.1491,3,26
10,2,344.2066,357.1680,3,26.1111,2.1491,3,17
10,2,130.1700,311.3021,3,78.5556,2.1491,3,53
10,2,383.3430,201.0243,3,42.3333,2.1491,3,32
10,2,159.2697,355.3597,3,36.4444,2.1491,3,28
10,2,241.4775,395.2242,3,28.5556,2.1491,3,21
10,2,294.3113,391.0089,3,45.0000,2.1491,3,32
10,2,391.4196,291.2611,3,28.4444,2.1491,3,22
10,2,369.3003,339.3989,3,28.8889,2.1491,3,20
10,2,131.3708,342.2682,3,77.4444,2.1491,3,53
10,2,269.0520,408.4316,3,40.3333,2.1491,3,28
10,2,394.1429,322.0535,3,33.7778,2.1491,3,24
10,2,189.5216,398.5089,3,38.7778,2.1491,3,25
10,2,414.3845,244.2000,3,34.0000,2.1491,3,26
10,2,410.3620,213.2922,3,10.1111,2.1491,3,9
10,2,347.0960,388.0169,3,34.3333,2.1491,3,22
10,2,416.0954,274.1718,3,37.8889,2.1491,3,25
10,2,161.2147,386.2354,3,35.7778,2.1491,3,24
10,2,216.4279,412.4538,3,25.8889,2.1491,3,21
10,2,372.1524,369.3042,3,19.6667,2.1491,3,15
10,2,322.2039,404.1157,3,11.6667,2.1491,3,8
10,2,134.1966,372.4039,3,47.3333,2.1491,3,31
10,2,396.3439,352.3897,3,25.1111,2.1491,3,19
10,2,419.0830,305.1641,3,45.1111,2.1491,3,29
10,2,232.0049,87.1516,3,33.3333,2.1491,3,20
10,2,243.2312,426.4085,3,20.1111,2.1491,3,15
10,2,296.3300,422.3882,3,18.3333,2.1491,3,16
10,2,285.0297,83.1621,3,23.1111,2.1491,3,15
10,2,152.4609,109.0355,3,5.0000,2.1491,3,4
10,2,179.2447,92.2890,3,8.6667,2.1491,3,6
10,2,439.3980,257.1607,3,19.2222,2.1491,3,13
10,2,272.0647,439.0291,3,11.0000,2.1491,3,6
10,2,422.3218,335.2094,3,20.4444,2.1491,3,15
10,2,256.3111,71.0955,3,8.2222,2.1491,3,6
10,2,81.1749,195.2332,3,11.7778,2.1491,3,8
10,2,163.3200,417.0695,3,25.8889,2.1491,3,17
10,2,374.2485,400.1792,3,15.3333,2.1491,3,10
10,2,191.0579,430.3646,3,19.6667,2.1491,3,14
10,2,349.1187,417.3965,3,18.6667,2.1491,3,12
10,2,137.1655,402.3908,3,14.6667,2.1491,3,10
10,2,219.2579,443.0551,3,16.2222,2.1491,3,12
10,2,443.4134,287.4340,3,22.5556,2.1491,3,16
10,2,399.1872,383.3156,3,11.5556,2.1491,3,7
10,2,324.0234,435.1811,3,11.4444,2.1491,3,7
10,2,61.1910,274.1910,3,16.4444,2.1491,3,11
10,2,338.0648,78.1406,3,7.3333,2.1491,3,4
10,2,58.2149,243.2068,3,8.6667,2.1491,3,6
10,2,446.2628,318.1327,3,19.0000,2.1491,3,13
10,2,246.2459,456.2838,3,10.6667,2.1491,3,8
10,2,424.1962,365.2532,3,10.4444,2.1491,3,6
10,2,299.1995,452.2469,3,12.1111,2.1491,3,7
10,2,425.2064,146.0679,3,7.3333,2.1491,3,4
10,2,393.0698,104.2037,3,7.6667,2.1491,3,4
10,2,66.2036,335.1427,3,5.3333,2.1491,3,4
10,2,166.2827,447.0764,3,16.5556,2.1491,3,10
10,2,376.3940,432.0583,3,11.1111,2.1491,3,8
10,2,449.0060,348.1659,3,22.1111,2.1491,3,14
10,2,193.4686,461.1174,3,35.0000,2.1491,3,24
10,2,351.3891,448.2353,3,13.6667,2.1491,3,9
10,2,273.3585,470.0675,3,14.3333,2.1491,3,9
10,2,402.2882,413.4217,3,18.5556,2.1491,3,13
10,2,427.1606,397.0382,3,10.6667,2.1491,3,7
10,2,221.2355,474.3678,3,10.5556,2.1491,3,7
10,2,327.2677,465.2810,3,6.6667,2.1491,3,5
10,2,249.1063,487.2663,3,13.7778,2.1491,3,9
10,2,452.0432,379.0188,3,12.0000,2.1491,3,7
10,2,302.0704,483.1723,3,9.3333,2.1491,3,5
10,2,40.2966,352.1893,3,8.1111,2.1491,3,4
10,2,404.2583,443.2670,3,11.7778,2.1491,3,8
10,2,380.1167,462.0867,3,8.8889,2.1491,3,6
10,2,429.2263,427.0535,3,18.7778,2.1491,3,12
10,2,354.1949,479.0128,3,20.7778,2.1491,3,13
10,2,276.3701,500.1445,3,13.4444,2.1491,3,9
10,2,329.2143,496.0873,3,11.1111,2.1491,3,7
1,3,256.1871,256.1330,3,197.0000,1.9586,3,190
1,3,281.4757,239.0930,3,160.4444,1.9586,3,125
1,3,229.4087,242.2564,3,185.1111,1.9586,3,141
1,3,284.1605,268.4177,3,198.8889,1.9586,3,158
1,3,231.4434,273.5128,3,135.3333,1.9586,3,103
1,3,254.4407,225.2951,3,83.1111,1.9586,3,67
1,3,259.3936,287.0003,3,155.7778,1.9586,3,114
1,3,308.3755,252.1576,3,198.4444,1.9586,3,155
1,3,279.3834,209.0890,3,208.2222,1.9586,3,161
1,3,227.3679,212.3259,3,69.2222,1.9586,3,55
1,3,287.0700,299.3262,3,180.6667,1.9586,3,135
1,3,203.4777,260.0318,3,211.1111,1.9586,3,171
1,3,233.4866,305.1843,3,205.0000,1.9586,3,165
1,3,262.2561,316.4231,3,90.8889,1.9586,3,72
1,3,202.4798,229.2220,3,79.0000,1.9586,3,65
1,3,206.3573,290.3865,3,99.5556,1.9586,3,80
1,3,311.4871,282.2877,3,86.5556,1.9586,3,73
1,3,252.1503,195.1877,3,27.7778,1.9586,3,21
1,3,307.0709,222.0295,3,174.3333,1.9586,3,125
1,3,177.2112,246.2562,3,85.5556,1.9586,3,62
1,3,179.1457,277.2801,3,88.6667,1.9586,3,61
1,3,304.1627,192.1714,3,80.6667,1.9586,3,56
1,3,224.2317,181.3113,3,9.2222,1.9586,3,7
1,3,336.3200,265.2449,3,67.7778,1.9586,3,54
1,3,314.2418,312.3389,3,74.7778,1.9586,3,57
1,3,277.0925,178.1171,3,13.2222,1.9586,3,11
1,3,289.5058,330.1209,3,80.5556,1.9586,3,54
1,3,209.0463,322.0387,3,68.4444,1.9586,3,47
1,3,334.3524,234.5259,3,134.8889,1.9586,3,98
1,3,199.2354,198.3412,3,11.1111,1.9586,3,8
1,3,236.2998,335.0068,3,55.6667,1.9586,3,38
1,3,174.3517,216.2217,3,12.3333,1.9586,3,8
1,3,331.4698,204.4850,3,126.3333,1.9586,3,109
1,3,181.3241,308.1319,3,84.5556,1.9586,3,61
1,3,339.3592,295.4778,3,100.4444,1.9586,3,83
1,3,249.2737,164.1624,3,9.1111,1.9586,3,6
1,3,264.4383,348.0387,3,117.8889,1.9586,3,83
1,3,152.1970,263.4803,3,66.2222,1.9586,3,48
1,3,361.0662,248.2784,3,102.7778,1.9586,3,74
1,3,302.0213,161.1463,3,17.1111,1.9586,3,11
1,3,211.2008,352.3892,3,108.3333,1.9586,3,80
1,3,317.1573,343.1968,3,71.5556,1.9586,3,51
1,3,154.1041,294.2378,3,91.1111,1.9586,3,60
1,3,341.4751,325.4491,3,44.5556,1.9586,3,38
1,3,359.1070,218.0239,3,62.6667,1.9586,3,43
1,3,183.4714,338.1874,3,39.1111,1.9586,3,30
1,3,292.0961,360.4016,3,38.2222,1.9586,3,28
1,3,239.1587,365.2610,3,42.7778,1.9586,3,34
1,3,363.4925,279.0522,3,28.3333,1.9586,3,22
1,3,329.2553,174.0581,3,13.3333,1.9586,3,8
1,3,356.1938,188.0868,3,37.5556,1.9586,3,25
1,3,156.2968,325.1877,3,71.4444,1.9586,3,53
1,3,366.4230,309.0747,3,49.0000,1.9586,3,38
1,3,267.0582,378.2136,3,45.6667,1.9586,3,32
1,3,126.2398,280.2339,3,7.0000,1.9586,3,4
1,3,386.3463,230.4803,3,38.4444,1.9586,3,32
1,3,186.3994,369.2430,3,25.2222,1.9586,3,20
1,3,214.2917,382.1334,3,30.2222,1.9586,3,23
1,3,389.1897,261.2372,3,39.3333,1.9586,3,27
1,3,319.1189,374.1687,3,37.5556,1.9586,3,26
1,3,344.1940,357.1776,3,25.8889,1.9586,3,18
1,3,130.1702,311.3039,3,78.5556,1.9586,3,53
1,3,159.2670,355.3615,3,36.2222,1.9586,3,28
1,3,383.3386,201.0256,3,42.3333,1.9586,3,31
1,3,241.4840,395.2059,3,28.3333,1.9586,3,21
1,3,294.3140,391.0081,3,45.0000,1.9586,3,32
1,3,391.4196,291.2611,3,28.4444,1.9586,3,22
1,3,369.3208,339.3960,3,28.8889,1.9586,3,21
1,3,131.3751,342.2714,3,77.4444,1.9586,3,53
1,3,269.0489,408.4257,3,40.3333,1.9586,3,28
1,3,394.1419,322.0568,3,33.7778,1.9586,3,24
1,3,189.5286,398.5000,3,38.7778,1.9586,3,25
1,3,414.3836,244.2069,3,34.0000,1.9586,3,26
1,3,410.3764,213.2731,3,10.0000,1.9586,3,9
1,3,347.0858,388.0127,3,34.3333,1.9586,3,22
1,3,216.4314,412.4502,3,25.5556,1.9586,3,21
1,3,416.0808,274.1782,3,37.8889,1.9586,3,25
1,3,161.2311,386.2435,3,35.7778,1.9586,3,24
1,3,372.1348,369.3086,3,19.6667,1.9586,3,14
1,3,322.2315,404.1190,3,11.3333,1.9586,3,8
1,3,134.2003,372.3999,3,47.3333,1.9586,3,31
1,3,396.3400,352.3887,3,25.1111,1.9586,3,19
1,3,419.0906,305.1585,3,44.8889,1.9586,3,29
1,3,232.0049,87.1516,3,33.3333,1.9586,3,20
1,3,243.2441,426.4073,3,20.0000,1.9586,3,15
1,3,296.3290,422.4033,3,18.2222,1.9586,3,16
1,3,285.0778,83.1663,3,22.1111,1.9586,3,14
1,3,152.3965,109.0556,3,4.7778,1.9586,3,4
1,3,179.2109,92.2730,3,8.6667,1.9586,3,6
1,3,439.3909,257.1571,3,18.7778,1.9586,3,13
1,3,272.0671,439.0752,3,10.1111,1.9586,3,6
1,3,422.3233,335.2305,3,20.1111,1.9586,3,15
1,3,256.3795,71.1110,3,8.2222,1.9586,3,6
1,3,81.1755,195.2252,3,11.7778,1.9586,3,8
1,3,163.3322,417.0849,3,25.3333,1.9586,3,17
1,3,374.2658,400.1733,3,15.0000,1.9586,3,10
1,3,191.0901,430.3399,3,18.8889,1.9586,3,14
1,3,349.1223,417.3809,3,18.3333,1.9586,3,12
1,3,137.1626,402.3858,3,14.4444,1.9586,3,10
1,3,219.2329,443.0677,3,16.1111,1.9586,3,11
1,3,443.4071,287.4301,3,22.2222,1.9586,3,16
1,3,399.2051,383.2694,3,11.4444,1.9586,3,7
1,3,324.0742,435.1784,3,11.2222,1.9586,3,7
1,3,61.1919,274.1904,3,16.3333,1.9586,3,10
1,3,338.0504,78.1585,3,7.3333,1.9586,3,4
1,3,58.2551,243.1893,3,8.6667,1.9586,3,6
1,3,446.2808,318.1420,3,18.3333,1.9586,3,12
1,3,246.1961,456.3311,3,10.6667,1.9586,3,7
1,3,424.1760,365.2489,3,10.4444,1.9586,3,6
1,3,299.1858,452.2684,3,11.7778,1.9586,3,7
1,3,425.2194,146.0556,3,7.3333,1.9586,3,4
1,3,393.0478,104.2594,3,7.6667,1.9586,3,5
1,3,66.2337,335.1544,3,5.0000,1.9586,3,4
1,3,166.2961,447.0858,3,15.7778,1.9586,3,9
1,3,448.4901,348.1447,3,19.4444,1.9586,3,14
1,3,376.4018,432.0482,3,11.1111,1.9586,3,8
1,3,193.4490,461.1319,3,33.4444,1.9586,3,23
1,3,351.3931,448.2305,3,13.4444,1.9586,3,9
1,3,273.3592,470.0499,3,14.1111,1.9586,3,9
1,3,402.2933,413.4295,3,18.1111,1.9586,3,13
1,3,427.2173,397.0655,3,10.2222,1.9586,3,6
1,3,221.2267,474.3613,3,10.5556,1.9586,3,7
1,3,327.2646,465.2422,3,6.6667,1.9586,3,5
1,3,249.0912,487.2628,3,13.6667,1.9586,3,9
1,3,452.0432,379.0188,3,12.0000,1.9586,3,7
1,3,302.0517,483.1478,3,9.3333,1.9586,3,6
1,3,404.2825,443.2456,3,11.6667,1.9586,3,8
1,3,379.4865,462.1300,3,7.3333,1.9586,3,7
1,3,429.2684,426.5016,3,18.6667,1.9586,3,12
1,3,354.1964,479.0168,3,20.5556,1.9586,3,13
1,3,276.3634,500.1407,3,13.4444,1.9586,3,10
1,3,329.2066,496.0640,3,11.1111,1.9586,3,6
2,3,256.1867,256.1328,3,197.0000,1.9317,3,190
2,3,281.4755,239.0931,3,160.4444,1.9317,3,125
2,3,229.4095,242.2585,3,185.1111,1.9317,3,141
2,3,284.1607,268.4182,3,198.8889,1.9317,3,158
2,3,231.4434,273.5132,3,135.2222,1.9317,3,103
2,3,254.4407,225.2951,3,83.1111,1.9317,3,67
2,3,259.4062,286.5199,3,155.7778,1.9317,3,114
2,3,308.3749,252.1585,3,198.4444,1.9317,3,155
2,3,279.3842,209.0898,3,208.2222,1.9317,3,161
2,3,227.3729,212.3270,3,69.2222,1.9317,3,55
2,3,287.0700,299.3262,3,180.6667,1.9317,3,135
2,3,203.4773,260.0323,3,211.1111,1.9317,3,171
2,3,233.4877,305.1843,3,205.0000,1.9317,3,165
2,3,262.2534,316.4225,3,90.8889,1.9317,3,72
2,3,202.4811,229.2206,3,78.8889,1.9317,3,65
2,3,206.3565,290.3871,3,99.5556,1.9317,3,80
2,3,311.4865,282.2875,3,86.4444,1.9317,3,73
2,3,252.1539,195.1822,3,27.7778,1.9317,3,21
2,3,307.0709,222.0295,3,174.3333,1.9317,3,125
2,3,177.2102,246.2543,3,85.5556,1.9317,3,62
2,3,179.1460,277.2816,3,88.4444,1.9317,3,61
2,3,304.1635,192.1719,3,80.6667,1.9317,3,56
2,3,224.2353,181.3151,3,9.2222,1.9317,3,7
2,3,336.3172,265.2460,3,67.7778,1.9317,3,54
2,3,314.2403,312.3389,3,74.7778,1.9317,3,57
2,3,277.0796,178.1248,3,13.2222,1.9317,3,11
2,3,289.5073,330.1197,3,80.4444,1.9317,3,54
2,3,209.0454,322.0400,3,68.4444,1.9317,3,47
2,3,334.3526,234.5261,3,134.7778,1.9317,3,98
2,3,199.2354,198.3412,3,11.1111,1.9317,3,8
2,3,236.2999,335.0002,3,55.6667,1.9317,3,38
2,3,174.3564,216.2195,3,12.3333,1.9317,3,8
2,3,331.4705,204.4839,3,126.3333,1.9317,3,109
2,3,181.3237,308.1334,3,84.5556,1.9317,3,61
2,3,339.3576,295.4815,3,100.4444,1.9317,3,83
2,3,249.2788,164.1673,3,9.1111,1.9317,3,6
2,3,264.4371,348.0395,3,117.8889,1.9317,3,83
2,3,152.1938,263.4806,3,66.2222,1.9317,3,48
2,3,361.0666,248.2788,3,102.7778,1.9317,3,74
2,3,302.0166,161.1405,3,17.1111,1.9317,3,11
2,3,211.2008,352.3892,3,108.3333,1.9317,3,81
2,3,317.1600,343.1992,3,71.5556,1.9317,3,51
2,3,154.1058,294.2404,3,91.1111,1.9317,3,60
2,3,341.4751,325.4491,3,44.5556,1.9317,3,38
2,3,359.1053,218.0239,3,62.6667,1.9317,3,43
2,3,183.4714,338.1874,3,39.1111,1.9317,3,30
2,3,292.0912,360.4072,3,38.2222,1.9317,3,28
2,3,239.1599,365.2634,3,42.6667,1.9317,3,34
2,3,363.4925,279.0522,3,28.3333,1.9317,3,22
2,3,329.2544,174.0636,3,13.3333,1.9317,3,9
2,3,356.1957,188.0894,3,37.5556,1.9317,3,25
2,3,156.2968,325.1877,3,71.4444,1.9317,3,53
2,3,366.4177,309.0722,3,49.0000,1.9317,3,38
2,3,267.0572,378.2128,3,45.6667,1.9317,3,32
2,3,386.3458,230.4767,3,38.4444,1.9317,3,32
2,3,186.3950,369.2434,3,25.2222,1.9317,3,20
2,3,214.2933,382.1338,3,30.1111,1.9317,3,23
2,3,389.1989,261.2350,3,39.2222,1.9317,3,27
2,3,319.1234,374.1687,3,37.3333,1.9317,3,26
2,3,344.1979,357.1691,3,25.8889,1.9317,3,18
2,3,130.1702,311.3039,3,78.5556,1.9317,3,53
2,3,159.2670,355.3615,3,36.2222,1.9317,3,28
2,3,383.3390,201.0273,3,42.3333,1.9317,3,31
2,3,241.4874,395.2062,3,28.2222,1.9317,3,21
2,3,294.3140,391.0081,3,45.0000,1.9317,3,32
2,3,391.4196,291.2611,3,28.4444,1.9317,3,22
2,3,369.3247,339.4045,3,28.7778,1.9317,3,21
2,3,131.3790,342.2707,3,77.3333,1.9317,3,53
2,3,269.0489,408.4257,3,40.3333,1.9317,3,28
2,3,394.1402,322.0543,3,33.7778,1.9317,3,24
2,3,189.5286,398.5015,3,38.7778,1.9317,3,26
2,3,414.3807,244.2067,3,34.0000,1.9317,3,26
2,3,410.3791,213.2661,3,10.0000,1.9317,3,9
2,3,347.0832,388.0139,3,34.3333,1.9317,3,22
2,3,216.4314,412.4502,3,25.5556,1.9317,3,21
2,3,416.0808,274.1782,3,37.8889,1.9317,3,25
2,3,161.2311,386.2435,3,35.7778,1.9317,3,24
2,3,372.1284,369.3054,3,19.6667,1.9317,3,14
2,3,322.2254,404.1236,3,11.3333,1.9317,3,8
2,3,134.2003,372.3999,3,47.3333,1.9317,3,31
2,3,396.3380,352.3858,3,25.1111,1.9317,3,19
2,3,419.0864,305.1649,3,44.5556,1.9317,3,29
2,3,232.0044,87.1504,3,33.3333,1.9317,3,20
2,3,243.2580,426.4079,3,20.0000,1.9317,3,15
2,3,296.3211,422.4040,3,18.1111,1.9317,3,15
2,3,285.0394,83.1909,3,22.1111,1.9317,3,14
2,3,179.2082,92.2468,3,8.5556,1.9317,3,5
2,3,439.3431,257.1726,3,18.3333,1.9317,3,12
2,3,271.3884,439.1505,3,8.1111,1.9317,3,5
2,3,422.2917,335.2303,3,19.5556,1.9317,3,15
2,3,257.0372,71.0950,3,9.5556,1.9317,3,5
2,3,81.1519,195.2226,3,11.7778,1.9317,3,8
2,3,191.1044,430.3817,3,18.7778,1.9317,3,14
2,3,163.3497,417.0737,3,24.8889,1.9317,3,17
2,3,349.1240,417.3708,3,18.1111,1.9317,3,13
2,3,374.2415,400.2252,3,14.6667,1.9317,3,9
2,3,137.2714,402.4033,3,13.8889,1.9317,3,8
2,3,219.2107,443.0587,3,15.6667,1.9317,3,11
2,3,443.5070,287.4055,3,24.2222,1.9317,3,15
2,3,399.1854,383.1913,3,11.2222,1.9317,3,7
2,3,324.1102,435.0920,3,11.1111,1.9317,3,7
2,3,61.1879,274.1805,3,15.8889,1.9317,3,10
2,3,338.0738,78.1392,3,7.2222,1.9317,3,4
2,3,58.1996,243.1815,3,8.8889,1.9317,3,6
2,3,446.2521,318.0855,3,17.1111,1.9317,3,12
2,3,246.1291,456.2534,3,10.4444,1.9317,3,7
2,3,424.1795,365.1050,3,10.3333,1.9317,3,6
2,3,299.1267,452.2308,3,11.1111,1.9317,3,6
2,3,425.1973,146.0541,3,7.4444,1.9317,3,4
2,3,393.0819,104.2288,3,7.6667,1.9317,3,5
2,3,66.2199,335.1443,3,5.2222,1.9317,3,4
2,3,166.3462,447.0719,3,15.2222,1.9317,3,9
2,3,377.0833,432.1567,3,12.7778,1.9317,3,7
2,3,448.4577,348.1423,3,19.1111,1.9317,3,13
2,3,193.4794,461.1429,3,32.7778,1.9317,3,22
2,3,273.4011,470.1979,3,13.0000,1.9317,3,10
2,3,351.4078,448.4007,3,12.0000,1.9317,3,9
2,3,402.2781,413.4190,3,18.0000,1.9317,3,13
2,3,327.2489,465.1822,3,6.6667,1.9317,3,5
2,3,221.2231,474.3512,3,10.2222,1.9317,3,7
2,3,427.2419,397.0228,3,9.3333,1.9317,3,7
2,3,249.1250,487.2839,3,13.5556,1.9317,3,9
2,3,452.0515,379.0404,3,11.8889,1.9317,3,7
2,3,302.0569,483.1287,3,9.3333,1.9317,3,6
2,3,404.3478,443.1558,3,11.4444,1.9317,3,7
2,3,380.0045,462.0318,3,8.6667,1.9317,3,7
2,3,429.2737,426.4791,3,14.1111,1.9317,3,10
2,3,354.1964,479.0168,3,20.2222,1.9317,3,13
2,3,276.3571,500.1250,3,13.4444,1.9317,3,10
2,3,329.2256,496.0650,3,10.7778,1.9317,3,6
3,3,256.1866,256.1332,3,197.0000,1.9400,3,190
3,3,259.4052,286.5174,3,155.4444,1.9400,3,114
3,3,281.4775,239.0923,3,160.4444,1.9400,3,125
3,3,229.4115,242.2563,3,184.8889,1.9400,3,141
3,3,284.1584,268.4192,3,198.7778,1.9400,3,158
3,3,231.4452,273.5134,3,135.2222,1.9400,3,103
3,3,254.4433,225.2974,3,83.1111,1.9400,3,67
3,3,308.3758,252.1579,3,198.4444,1.9400,3,155
3,3,279.3836,209.0885,3,208.2222,1.9400,3,161
3,3,227.3743,212.3252,3,69.2222,1.9400,3,56
3,3,287.0701,299.3246,3,180.5556,1.9400,3,135
3,3,203.4782,260.0303,3,211.1111,1.9400,3,171
3,3,233.4878,305.1842,3,204.8889,1.9400,3,165
3,3,262.2547,316.4222,3,90.8889,1.9400,3,72
3,3,202.4779,229.2186,3,78.8889,1.9400,3,65
3,3,206.3590,290.3845,3,99.4444,1.9400,3,80
3,3,311.4835,282.2877,3,86.4444,1.9400,3,73
3,3,252.1519,195.1836,3,27.7778,1.9400,3,21
3,3,307.0722,222.0293,3,174.2222,1.9400,3,125
3,3,177.2151,246.2545,3,85.5556,1.9400,3,62
3,3,179.1483,277.2777,3,88.4444,1.9400,3,61
3,3,304.1635,192.1719,3,80.5556,1.9400,3,56
3,3,224.2415,181.3242,3,9.2222,1.9400,3,7
3,3,336.3209,265.2490,3,67.5556,1.9400,3,54
3,3,314.2398,312.3405,3,74.6667,1.9400,3,57
3,3,277.0702,178.1381,3,13.0000,1.9400,3,11
3,3,289.5109,330.1240,3,80.2222,1.9400,3,54
3,3,209.0494,322.0344,3,68.3333,1.9400,3,47
3,3,334.3523,234.5245,3,134.6667,1.9400,3,99
3,3,199.2403,198.3590,3,11.0000,1.9400,3,8
3,3,236.3127,334.4506,3,47.3333,1.9400,3,38
3,3,174.3629,216.2462,3,12.1111,1.9400,3,8
3,3,331.4710,204.4867,3,126.3333,1.9400,3,109
3,3,181.3198,308.1345,3,84.5556,1.9400,3,62
3,3,339.3565,295.4817,3,100.4444,1.9400,3,83
3,3,250.0118,164.1594,3,9.2222,1.9400,3,6
3,3,264.4386,348.0374,3,117.8889,1.9400,3,83
3,3,152.1970,263.4826,3,66.0000,1.9400,3,48
3,3,361.0659,248.2765,3,102.5556,1.9400,3,74
3,3,302.0419,161.1649,3,17.1111,1.9400,3,11
3,3,211.1982,352.3878,3,108.3333,1.9400,3,81
3,3,317.1667,343.2037,3,71.5556,1.9400,3,51
3,3,150.1827,233.1267,3,7.2222,1.9400,3,5
3,3,154.1088,294.2400,3,91.1111,1.9400,3,60
3,3,341.4671,325.4436,3,44.5556,1.9400,3,37
3,3,359.1054,218.0248,3,62.6667,1.9400,3,43
3,3,183.4732,338.1879,3,39.1111,1.9400,3,30
3,3,329.2554,174.0612,3,13.1111,1.9400,3,8
3,3,292.0895,360.4122,3,38.2222,1.9400,3,29
3,3,239.1574,365.2679,3,42.4444,1.9400,3,34
3,3,363.4934,279.0490,3,28.3333,1.9400,3,22
3,3,356.1890,188.0892,3,37.5556,1.9400,3,25
3,3,156.2921,325.1939,3,71.4444,1.9400,3,54
3,3,366.4166,309.0715,3,49.0000,1.9400,3,38
3,3,267.0624,378.2062,3,45.6667,1.9400,3,32
3,3,386.3440,230.4790,3,38.4444,1.9400,3,32
3,3,214.3000,382.1310,3,30.0000,1.9400,3,23
3,3,186.3945,369.2353,3,25.1111,1.9400,3,20
3,3,389.2031,261.2293,3,38.7778,1.9400,3,27
3,3,319.1122,374.1752,3,37.3333,1.9400,3,26
3,3,344.1819,357.1642,3,25.8889,1.9400,3,18
3,3,130.1796,311.2980,3,78.5556,1.9400,3,53
3,3,383.3323,201.0343,3,42.3333,1.9400,3,31
3,3,159.2673,355.3649,3,36.1111,1.9400,3,28
3,3,241.4958,395.2047,3,28.1111,1.9400,3,21
3,3,369.3410,339.3984,3,28.5556,1.9400,3,21
3,3,294.3133,391.0056,3,45.0000,1.9400,3,32
3,3,391.4211,291.2578,3,28.3333,1.9400,3,22
3,3,131.3803,342.2702,3,77.1111,1.9400,3,53
3,3,269.0495,408.4164,3,40.3333,1.9400,3,29
3,3,394.1422,322.0484,3,33.6667,1.9400,3,25
3,3,189.5425,398.5030,3,38.7778,1.9400,3,26
3,3,414.3830,244.2040,3,34.0000,1.9400,3,26
3,3,410.3657,213.2662,3,10.0000,1.9400,3,9
3,3,347.0986,388.0248,3,34.0000,1.9400,3,22
3,3,216.4377,412.4500,3,25.5556,1.9400,3,21
3,3,416.0747,274.1716,3,37.8889,1.9400,3,25
3,3,161.2341,386.2380,3,35.7778,1.9400,3,24
3,3,372.1240,369.3233,3,19.6667,1.9400,3,14
3,3,322.2222,404.1291,3,11.3333,1.9400,3,8
3,3,134.1986,372.4018,3,47.0000,1.9400,3,31
3,3,396.3396,352.3780,3,25.1111,1.9400,3,20
3,3,419.0867,305.1643,3,44.3333,1.9400,3,29
3,3,243.2655,426.4048,3,20.0000,1.9400,3,15
3,3,231.5000,87.1079,3,33.2222,1.9400,3,21
3,3,296.3403,422.3939,3,18.1111,1.9400,3,15
3,3,285.0447,83.1742,3,22.1111,1.9400,3,14
3,3,179.1472,92.2186,3,8.5556,1.9400,3,5
3,3,439.3419,257.1505,3,17.8889,1.9400,3,12
3,3,272.0551,439.1102,3,9.5556,1.9400,3,5
3,3,422.2880,335.2409,3,19.3333,1.9400,3,14
3,3,81.1501,195.2176,3,11.5556,1.9400,3,8
3,3,257.0228,71.0809,3,9.5556,1.9400,3,5
3,3,163.3498,417.0585,3,24.4444,1.9400,3,16
3,3,374.2488,400.2587,3,14.2222,1.9400,3,9
3,3,191.1126,430.3833,3,18.5556,1.9400,3,13
3,3,349.1232,417.3682,3,17.8889,1.9400,3,12
3,3,137.2932,402.3994,3,13.4444,1.9400,3,8
3,3,443.4796,287.4102,3,20.4444,1.9400,3,15
3,3,219.1984,443.0639,3,15.2222,1.9400,3,11
3,3,399.1854,383.1913,3,11.2222,1.9400,3,7
3,3,324.1294,435.0982,3,11.0000,1.9400,3,7
3,3,61.1863,274.1775,3,15.7778,1.9400,3,10
3,3,338.0865,78.1490,3,7.2222,1.9400,3,4
3,3,58.2034,243.1229,3,8.8889,1.9400,3,6
3,3,446.2250,318.0774,3,17.0000,1.9400,3,12
3,3,246.1230,456.2637,3,10.2222,1.9400,3,8
3,3,424.1651,365.0780,3,10.2222,1.9400,3,6
3,3,299.1403,452.2213,3,11.0000,1.9400,3,6
3,3,393.0754,104.2318,3,7.6667,1.9400,3,4
3,3,166.3458,447.0814,3,14.8889,1.9400,3,9
3,3,448.4560,348.1429,3,18.7778,1.9400,3,13
3,3,377.0610,432.1260,3,12.6667,1.9400,3,8
3,3,193.4808,461.1402,3,32.0000,1.9400,3,22
3,3,273.3798,470.1867,3,12.4444,1.9400,3,9
3,3,351.4261,448.3865,3,12.0000,1.9400,3,9
3,3,402.3062,414.0065,3,16.3333,1.9400,3,12
3,3,427.1998,397.0121,3,9.3333,1.9400,3,7
3,3,221.2231,474.3512,3,10.2222,1.9400,3,7
3,3,327.2517,465.2223,3,6.6667,1.9400,3,5
3,3,249.1300,487.2834,3,13.3333,1.9400,3,8
3,3,452.0463,379.0299,3,11.7778,1.9400,3,7
3,3,302.0725,483.1192,3,9.3333,1.9400,3,6
3,3,404.3407,443.1926,3,11.1111,1.9400,3,8
3,3,379.4507,462.0469,3,7.3333,1.9400,3,7
3,3,429.2729,426.4452,3,14.0000,1.9400,3,10
3,3,354.1953,479.0208,3,19.8889,1.9400,3,12
3,3,276.3530,500.1317,3,13.1111,1.9400,3,9
3,3,329.2140,496.0700,3,10.7778,1.9400,3,6
4,3,256.1864,256.1331,3,197.0000,1.8161,3,190
4,3,259.4050,286.5181,3,155.4444,1.8161,3,114
4,3,281.4765,239.0941,3,160.4444,1.8161,3,125
4,3,229.4115,242.2563,3,184.8889,1.8161,3,141
4,3,284.1581,268.4202,3,198.7778,1.8161,3,158
4,3,231.4452,273.5134,3,135.2222,1.8161,3,103
4,3,254.4433,225.2974,3,83.0000,1.8161,3,67
4,3,308.3758,252.1579,3,198.4444,1.8161,3,155
4,3,279.3831,209.0888,3,208.2222,1.8161,3,161
4,3,227.3746,212.3247,3,69.1111,1.8161,3,56
4,3,287.0712,299.3257,3,180.5556,1.8161,3,135
4,3,203.4781,260.0311,3,211.0000,1.8161,3,171
4,3,233.4884,305.1848,3,204.7778,1.8161,3,165
4,3,262.2541,316.4230,3,90.8889,1.8161,3,72
4,3,202.4788,229.2191,3,78.7778,1.8161,3,65
4,3,206.3603,290.3865,3,99.4444,1.8161,3,81
4,3,311.4846,282.2892,3,86.4444,1.8161,3,73
4,3,252.1522,195.1839,3,27.7778,1.8161,3,21
4,3,307.0716,222.0293,3,174.2222,1.8161,3,125
4,3,177.2175,246.2537,3,85.5556,1.8161,3,62
4,3,179.1469,277.2780,3,88.4444,1.8161,3,61
4,3,304.1637,192.1741,3,80.5556,1.8161,3,56
4,3,224.2340,181.3277,3,9.2222,1.8161,3,7
4,3,336.3194,265.2496,3,67.5556,1.8161,3,54
4,3,314.2400,312.3407,3,74.6667,1.8161,3,57
4,3,277.0793,178.1296,3,13.0000,1.8161,3,11
4,3,289.5117,330.1252,3,80.2222,1.8161,3,54
4,3,209.0471,322.0379,3,68.3333,1.8161,3,48
4,3,334.3520,234.5243,3,134.5556,1.8161,3,99
4,3,199.2430,198.3696,3,11.0000,1.8161,3,8
4,3,236.3150,334.4486,3,47.3333,1.8161,3,38
4,3,174.3608,216.2589,3,12.1111,1.8161,3,9
4,3,331.4702,204.4876,3,126.3333,1.8161,3,109
4,3,181.3177,308.1344,3,84.5556,1.8161,3,62
4,3,339.3565,295.4829,3,100.4444,1.8161,3,84
4,3,250.0155,164.1728,3,9.2222,1.8161,3,6
4,3,264.4386,348.0375,3,117.8889,1.8161,3,83
4,3,152.1981,263.4842,3,66.0000,1.8161,3,48
4,3,361.0652,248.2766,3,102.4444,1.8161,3,74
4,3,302.0509,161.1621,3,17.1111,1.8161,3,11
4,3,211.1988,352.3868,3,108.3333,1.8161,3,81
4,3,317.1701,343.2023,3,71.3333,1.8161,3,51
4,3,150.1827,233.1267,3,7.2222,1.8161,3,5
4,3,154.1088,294.2400,3,91.1111,1.8161,3,60
4,3,341.4660,325.4409,3,44.5556,1.8161,3,37
4,3,359.1035,218.0232,3,62.6667,1.8161,3,44
4,3,183.4732,338.1879,3,39.1111,1.8161,3,30
4,3,329.2509,174.0632,3,13.0000,1.8161,3,8
4,3,292.0870,360.4127,3,38.1111,1.8161,3,29
4,3,239.1627,365.2654,3,42.4444,1.8161,3,34
4,3,363.4950,279.0449,3,28.3333,1.8161,3,22
4,3,356.1909,188.0874,3,37.4444,1.8161,3,25
4,3,156.2921,325.1939,3,71.4444,1.8161,3,54
4,3,366.4166,309.0715,3,49.0000,1.8161,3,38
4,3,267.0622,378.2038,3,45.6667,1.8161,3,32
4,3,386.3456,230.4819,3,38.4444,1.8161,3,32
4,3,214.3006,382.1301,3,30.0000,1.8161,3,23
4,3,186.3945,369.2353,3,25.1111,1.8161,3,21
4,3,389.2031,261.2381,3,38.7778,1.8161,3,27
4,3,319.1141,374.1685,3,37.1111,1.8161,3,26
4,3,344.1805,357.1639,3,25.8889,1.8161,3,18
4,3,130.1763,311.2982,3,78.5556,1.8161,3,53
4,3,383.3355,201.0311,3,42.3333,1.8161,3,31
4,3,159.2644,355.3648,3,36.1111,1.8161,3,28
4,3,391.4236,291.2450,3,28.1111,1.8161,3,23
4,3,241.5000,395.2079,3,31.2222,1.8161,3,21
4,3,369.3387,339.4007,3,28.5556,1.8161,3,21
4,3,294.3132,391.0042,3,45.0000,1.8161,3,32
4,3,131.3803,342.2702,3,77.1111,1.8161,3,53
4,3,269.0492,408.4144,3,40.3333,1.8161,3,29
4,3,394.1468,322.0507,3,33.5556,1.8161,3,25
4,3,189.5433,398.5030,3,38.7778,1.8161,3,26
4,3,414.3778,244.2084,3,34.0000,1.8161,3,26
4,3,410.3734,213.2674,3,9.7778,1.8161,3,9
4,3,347.1145,388.0356,3,33.6667,1.8161,3,22
4,3,216.4417,412.4507,3,25.5556,1.8161,3,21
4,3,416.0722,274.1700,3,37.8889,1.8161,3,25
4,3,161.2345,386.2345,3,35.7778,1.8161,3,24
4,3,372.1167,369.3202,3,19.6667,1.8161,3,14
4,3,322.2213,404.1361,3,11.3333,1.8161,3,8
4,3,134.1971,372.4005,3,47.0000,1.8161,3,31
4,3,396.3396,352.3780,3,25.1111,1.8161,3,20
4,3,419.0869,305.1647,3,44.2222,1.8161,3,29
4,3,243.2673,426.4045,3,20.0000,1.8161,3,15
4,3,231.4954,87.0982,3,28.4444,1.8161,3,21
4,3,296.3353,422.3950,3,18.1111,1.8161,3,15
4,3,285.0479,83.1725,3,22.1111,1.8161,3,14
4,3,179.1472,92.2186,3,8.5556,1.8161,3,5
4,3,439.3467,257.1470,3,17.6667,1.8161,3,11
4,3,272.0447,439.1021,3,9.5556,1.8161,3,5
4,3,422.2683,335.2455,3,18.8889,1.8161,3,14
4,3,257.0228,71.0809,3,9.5556,1.8161,3,5
4,3,81.1435,195.2148,3,11.4444,1.8161,3,8
4,3,163.3347,417.0575,3,23.8889,1.8161,3,16
4,3,191.1151,430.3831,3,17.8889,1.8161,3,13
4,3,349.1024,417.3657,3,17.2222,1.8161,3,11
4,3,374.2432,400.2686,3,13.6667,1.8161,3,9
4,3,137.2981,402.3971,3,13.3333,1.8161,3,8
4,3,219.1982,443.0828,3,14.2222,1.8161,3,10
4,3,443.4914,287.4143,3,19.7778,1.8161,3,14
4,3,399.1937,383.2194,3,10.8889,1.8161,3,7
4,3,324.1232,435.0919,3,11.0000,1.8161,3,7
4,3,61.1844,274.1830,3,15.5556,1.8161,3,10
4,3,338.0865,78.1490,3,7.2222,1.8161,3,4
4,3,58.1695,243.1220,3,8.8889,1.8161,3,6
4,3,446.2368,318.0897,3,16.4444,1.8161,3,12
4,3,246.1262,456.2613,3,10.2222,1.8161,3,8
4,3,424.1598,365.0724,3,10.2222,1.8161,3,7
4,3,299.1376,452.2228,3,10.8889,1.8161,3,6
4,3,393.0754,104.2318,3,7.6667,1.8161,3,4
4,3,66.2171,335.1555,3,5.2222,1.8161,3,4
4,3,166.3279,447.0990,3,14.7778,1.8161,3,9
4,3,377.0679,432.1152,3,12.4444,1.8161,3,8
4,3,448.4541,348.1435,3,18.4444,1.8161,3,14
4,3,193.4795,461.1343,3,31.1111,1.8161,3,21
4,3,351.4231,448.3681,3,11.8889,1.8161,3,9
4,3,273.3901,470.1832,3,12.3333,1.8161,3,9
4,3,402.3079,414.0316,3,15.5556,1.8161,3,12
4,3,427.1800,397.0178,3,9.3333,1.8161,3,7
4,3,221.2241,474.3402,3,10.2222,1.8161,3,7
4,3,327.2408,465.2500,3,6.5556,1.8161,3,5
4,3,249.1460,487.3175,3,13.2222,1.8161,3,8
4,3,452.0463,379.0299,3,11.7778,1.8161,3,7
4,3,302.0690,483.1108,3,9.3333,1.8161,3,6
4,3,404.3555,443.2091,3,10.8889,1.8161,3,8
4,3,380.0023,462.0162,3,8.5556,1.8161,3,6
4,3,429.2642,426.4366,3,13.8889,1.8161,3,10
4,3,354.1864,479.0086,3,19.4444,1.8161,3,12
4,3,276.3528,500.1359,3,13.1111,1.8161,3,9
4,3,329.1902,496.0676,3,10.7778,1.8161,3,6
5,3,256.1876,256.1329,3,197.0000,1.7931,3,190
5,3,281.4766,239.0988,3,160.2222,1.7931,3,125
5,3,229.4110,242.2562,3,184.8889,1.7931,3,141
5,3,284.1589,268.4206,3,198.7778,1.7931,3,158
5,3,231.4488,273.5134,3,135.0000,1.7931,3,103
5,3,254.4427,225.2982,3,83.0000,1.7931,3,67
5,3,259.4089,286.5192,3,155.4444,1.7931,3,113
5,3,203.4790,260.0319,3,210.7778,1.7931,3,171
5,3,308.3766,252.1572,3,198.4444,1.7931,3,155
5,3,279.3837,209.0883,3,207.8889,1.7931,3,161
5,3,227.3746,212.3292,3,69.1111,1.7931,3,56
5,3,287.0722,299.3261,3,180.4444,1.7931,3,135
5,3,233.4893,305.1838,3,204.7778,1.7931,3,166
5,3,262.2506,316.4225,3,90.8889,1.7931,3,73
5,3,202.4820,229.2253,3,78.7778,1.7931,3,64
5,3,206.3595,290.3888,3,99.3333,1.7931,3,81
5,3,311.4859,282.2903,3,86.2222,1.7931,3,73
5,3,252.1546,195.1967,3,27.5556,1.7931,3,21
5,3,307.0727,222.0278,3,174.2222,1.7931,3,125
5,3,177.2120,246.2528,3,85.4444,1.7931,3,63
5,3,179.1488,277.2788,3,88.4444,1.7931,3,61
5,3,304.1635,192.1740,3,80.5556,1.7931,3,56
5,3,224.2559,181.3272,3,9.1111,1.7931,3,7
5,3,336.3207,265.2512,3,67.4444,1.7931,3,54
5,3,314.2391,312.3390,3,74.4444,1.7931,3,57
5,3,277.0725,178.1203,3,12.8889,1.7931,3,11
5,3,289.5081,330.1267,3,80.0000,1.7931,3,53
5,3,209.0498,322.0340,3,68.3333,1.7931,3,48
5,3,334.3535,234.5264,3,134.4444,1.7931,3,99
5,3,199.2273,198.3617,3,10.8889,1.7931,3,8
5,3,236.3115,334.4467,3,47.3333,1.7931,3,38
5,3,174.3402,216.2337,3,12.0000,1.7931,3,9
5,3,331.4709,204.4862,3,126.3333,1.7931,3,109
5,3,181.3178,308.1375,3,84.3333,1.7931,3,61
5,3,339.3561,295.4838,3,100.4444,1.7931,3,84
5,3,250.0168,164.2052,3,9.2222,1.7931,3,6
5,3,264.4386,348.0375,3,117.8889,1.7931,3,83
5,3,152.1988,263.4862,3,66.0000,1.7931,3,49
5,3,361.0637,248.2767,3,102.4444,1.7931,3,74
5,3,302.0519,161.1585,3,17.1111,1.7931,3,11
5,3,211.2018,352.3830,3,108.3333,1.7931,3,81
5,3,317.1717,343.2029,3,71.0000,1.7931,3,51
5,3,150.1944,233.1059,3,7.2222,1.7931,3,5
5,3,154.1102,294.2401,3,91.1111,1.7931,3,61
5,3,341.4622,325.4427,3,44.5556,1.7931,3,37
5,3,359.1042,218.0215,3,62.6667,1.7931,3,44
5,3,183.4642,338.2012,3,39.1111,1.7931,3,30
5,3,329.2405,174.0862,3,13.0000,1.7931,3,8
5,3,292.0843,360.4163,3,37.8889,1.7931,3,29
5,3,239.1704,365.2642,3,42.2222,1.7931,3,34
5,3,363.4799,279.0393,3,28.3333,1.7931,3,22
5,3,356.1946,188.0894,3,37.4444,1.7931,3,26
5,3,156.2941,325.1934,3,71.4444,1.7931,3,54
5,3,366.4288,309.0767,3,49.0000,1.7931,3,38
5,3,267.0613,378.1952,3,45.6667,1.7931,3,32
5,3,386.3467,230.4894,3,38.4444,1.7931,3,32
5,3,214.2955,382.1317,3,30.0000,1.7931,3,23
5,3,186.4084,369.2397,3,25.1111,1.7931,3,21
5,3,389.2061,261.2421,3,38.4444,1.7931,3,27
5,3,319.1251,374.1649,3,36.7778,1.7931,3,26
5,3,344.1809,357.1570,3,25.8889,1.7931,3,18
5,3,130.1840,311.3038,3,78.5556,1.7931,3,53
5,3,383.3387,201.0291,3,42.3333,1.7931,3,31
5,3,159.2668,355.3709,3,36.1111,1.7931,3,28
5,3,241.5051,395.2012,3,31.2222,1.7931,3,21
5,3,369.3373,339.3969,3,28.2222,1.7931,3,21
5,3,294.3294,390.4405,3,40.6667,1.7931,3,32
5,3,391.4205,291.2205,3,27.5556,1.7931,3,22
5,3,131.3853,342.2740,3,76.8889,1.7931,3,53
5,3,269.0521,408.4125,3,40.3333,1.7931,3,29
5,3,394.1846,322.0541,3,33.0000,1.7931,3,25
5,3,189.5487,398.5008,3,38.7778,1.7931,3,26
5,3,414.3886,244.2052,3,34.0000,1.7931,3,26
5,3,347.1391,388.0477,3,33.3333,1.7931,3,22
5,3,410.3826,213.2974,3,9.7778,1.7931,3,9
5,3,216.4488,412.4405,3,25.5556,1.7931,3,21
5,3,416.0682,274.1712,3,37.8889,1.7931,3,25
5,3,161.2338,386.2213,3,35.7778,1.7931,3,24
5,3,372.1292,369.3254,3,19.6667,1.7931,3,14
5,3,322.2010,404.1512,3,11.3333,1.7931,3,8
5,3,134.1987,372.4057,3,46.8889,1.7931,3,31
5,3,396.3565,352.4154,3,25.0000,1.7931,3,20
5,3,419.0945,305.1706,3,44.2222,1.7931,3,29
5,3,243.2623,426.3932,3,20.0000,1.7931,3,16
5,3,231.4944,87.0976,3,28.2222,1.7931,3,20
5,3,296.3305,422.3858,3,18.1111,1.7931,3,15
5,3,285.0492,83.1654,3,22.1111,1.7931,3,15
5,3,153.1789,109.0053,3,6.2222,1.7931,3,4
5,3,179.0819,92.2284,3,8.5556,1.7931,3,5
5,3,271.3549,439.0893,3,7.8889,1.7931,3,5
5,3,422.2674,335.2589,3,18.6667,1.7931,3,14
5,3,439.3488,257.1405,3,17.2222,1.7931,3,11
5,3,257.0438,71.0723,3,9.4444,1.7931,3,5
5,3,81.1352,195.2153,3,11.4444,1.7931,3,8
5,3,163.3213,417.0507,3,23.5556,1.7931,3,16
5,3,374.2683,400.2700,3,13.0000,1.7931,3,8
5,3,191.1220,430.4046,3,17.8889,1.7931,3,13
5,3,349.1126,417.3489,3,17.0000,1.7931,3,11
5,3,137.2763,402.3891,3,13.2222,1.7931,3,9
5,3,219.2147,443.1066,3,14.0000,1.7931,3,10
5,3,443.4837,287.4362,3,19.6667,1.7931,3,14
5,3,399.2134,383.2803,3,9.8889,1.7931,3,6
5,3,324.1194,435.0951,3,10.5556,1.7931,3,6
5,3,61.2102,274.1682,3,15.3333,1.7931,3,10
5,3,338.1241,78.1434,3,7.2222,1.7931,3,4
5,3,58.1946,243.1199,3,7.8889,1.7931,3,5
5,3,446.2345,318.0944,3,16.4444,1.7931,3,12
5,3,424.1559,365.0774,3,10.0000,1.7931,3,6
5,3,299.0992,452.2174,3,10.7778,1.7931,3,6
5,3,246.1048,456.2425,3,10.1111,1.7931,3,8
5,3,393.0874,104.2049,3,7.6667,1.7931,3,4
5,3,66.1576,335.1875,3,5.2222,1.7931,3,4
5,3,166.3527,447.0771,3,14.6667,1.7931,3,9
5,3,377.0648,432.1051,3,12.3333,1.7931,3,7
5,3,448.4342,348.1228,3,17.8889,1.7931,3,13
5,3,193.4900,461.1325,3,30.5556,1.7931,3,21
5,3,351.4026,448.3333,3,11.6667,1.7931,3,8
5,3,273.3713,470.1772,3,12.2222,1.7931,3,9
5,3,402.3375,414.0551,3,15.4444,1.7931,3,11
5,3,427.1488,397.0190,3,9.3333,1.7931,3,6
5,3,327.2500,466.0283,3,6.7778,1.7931,3,5
5,3,221.2238,474.3389,3,10.0000,1.7931,3,6
5,3,452.0067,378.2793,3,9.7778,1.7931,3,7
5,3,249.1310,487.3321,3,12.8889,1.7931,3,8
5,3,302.0526,483.1284,3,9.2222,1.7931,3,6
5,3,40.1530,352.1066,3,8.2222,1.7931,3,4
5,3,404.3469,443.2694,3,10.3333,1.7931,3,7
5,3,379.3998,462.0455,3,7.3333,1.7931,3,6
5,3,429.2622,426.4186,3,13.4444,1.7931,3,10
5,3,354.1631,479.0643,3,18.8889,1.7931,3,12
5,3,276.3111,500.0733,3,13.0000,1.7931,3,9
5,3,329.1758,496.0789,3,10.5556,1.7931,3,6
6,3,256.1877,256.1331,3,197.0000,1.7823,3,190
6,3,281.4766,239.0988,3,160.2222,1.7823,3,125
6,3,231.4483,273.5132,3,135.0000,1.7823,3,103
6,3,229.4117,242.2563,3,184.8889,1.7823,3,141
6,3,284.1589,268.4206,3,198.7778,1.7823,3,158
6,3,254.4418,225.2975,3,83.0000,1.7823,3,67
6,3,259.4083,286.5209,3,155.4444,1.7823,3,113
6,3,203.4790,260.0319,3,210.7778,1.7823,3,171
6,3,308.3766,252.1572,3,198.4444,1.7823,3,155
6,3,279.3837,209.0883,3,207.8889,1.7823,3,161
6,3,227.3746,212.3292,3,69.1111,1.7823,3,56
6,3,287.0722,299.3261,3,180.4444,1.7823,3,135
6,3,233.4895,305.1836,3,204.7778,1.7823,3,166
6,3,262.2505,316.4213,3,90.8889,1.7823,3,73
6,3,202.4820,229.2253,3,78.7778,1.7823,3,64
6,3,206.3595,290.3888,3,99.3333,1.7823,3,81
6,3,311.4859,282.2903,3,86.2222,1.7823,3,73
6,3,252.1546,195.1967,3,27.5556,1.7823,3,21
6,3,307.0726,222.0272,3,174.2222,1.7823,3,125
6,3,177.2120,246.2528,3,85.4444,1.7823,3,63
6,3,179.1488,277.2788,3,88.4444,1.7823,3,61
6,3,304.1635,192.1740,3,80.5556,1.7823,3,56
6,3,224.2559,181.3272,3,9.1111,1.7823,3,7
6,3,336.3217,265.2496,3,67.4444,1.7823,3,54
6,3,314.2391,312.3390,3,74.4444,1.7823,3,57
6,3,277.0725,178.1203,3,12.8889,1.7823,3,11
6,3,289.5107,330.1222,3,80.0000,1.7823,3,53
6,3,209.0498,322.0340,3,68.3333,1.7823,3,48
6,3,334.3535,234.5264,3,134.4444,1.7823,3,99
6,3,199.2343,198.3634,3,10.8889,1.7823,3,8
6,3,236.3115,334.4467,3,47.3333,1.7823,3,38
6,3,174.3402,216.2337,3,12.0000,1.7823,3,9
6,3,331.4702,204.4865,3,126.3333,1.7823,3,109
6,3,181.3178,308.1387,3,84.3333,1.7823,3,61
6,3,339.3561,295.4838,3,100.4444,1.7823,3,84
6,3,250.0168,164.2052,3,9.2222,1.7823,3,6
6,3,264.4386,348.0375,3,117.8889,1.7823,3,83
6,3,152.1983,263.4886,3,66.0000,1.7823,3,49
6,3,361.0637,248.2767,3,102.4444,1.7823,3,74
6,3,302.0519,161.1585,3,17.1111,1.7823,3,11
6,3,211.2018,352.3830,3,108.3333,1.7823,3,81
6,3,317.1717,343.2029,3,71.0000,1.7823,3,51
6,3,150.1944,233.1059,3,7.2222,1.7823,3,5
6,3,154.1102,294.2401,3,91.1111,1.7823,3,61
6,3,341.4622,325.4427,3,44.5556,1.7823,3,37
6,3,359.1058,218.0200,3,62.6667,1.7823,3,44
6,3,183.4629,338.2035,3,39.1111,1.7823,3,30
6,3,329.2405,174.0862,3,13.0000,1.7823,3,8
6,3,292.0821,360.4143,3,37.8889,1.7823,3,29
6,3,239.1704,365.2642,3,42.2222,1.7823,3,34
6,3,363.4799,279.0393,3,28.3333,1.7823,3,22
6,3,356.1910,188.0835,3,37.4444,1.7823,3,26
6,3,156.2941,325.1934,3,71.4444,1.7823,3,54
6,3,366.4288,309.0767,3,49.0000,1.7823,3,38
6,3,267.0613,378.1952,3,45.6667,1.7823,3,32
6,3,386.3467,230.4894,3,38.4444,1.7823,3,32
6,3,214.2955,382.1317,3,30.0000,1.7823,3,23
6,3,186.4084,369.2397,3,25.1111,1.7823,3,21
6,3,389.2066,261.2390,3,38.4444,1.7823,3,27
6,3,319.1251,374.1649,3,36.7778,1.7823,3,26
6,3,344.1809,357.1570,3,25.8889,1.7823,3,18
6,3,130.1840,311.3038,3,78.5556,1.7823,3,53
6,3,383.3387,201.0291,3,42.3333,1.7823,3,31
6,3,159.2668,355.3709,3,36.1111,1.7823,3,28
6,3,241.5051,395.2012,3,31.2222,1.7823,3,21
6,3,369.3373,339.3969,3,28.2222,1.7823,3,21
6,3,294.3294,390.4405,3,40.6667,1.7823,3,32
6,3,391.4160,291.2251,3,27.5556,1.7823,3,22
6,3,131.3853,342.2740,3,76.8889,1.7823,3,53
6,3,269.0521,408.4125,3,40.3333,1.7823,3,29
6,3,394.1873,322.0575,3,33.0000,1.7823,3,25
6,3,189.5487,398.5008,3,38.7778,1.7823,3,26
6,3,414.3886,244.2052,3,34.0000,1.7823,3,26
6,3,347.1391,388.0477,3,33.3333,1.7823,3,22
6,3,410.3826,213.2974,3,9.7778,1.7823,3,9
6,3,216.4488,412.4380,3,25.5556,1.7823,3,21
6,3,416.0682,274.1712,3,37.8889,1.7823,3,25
6,3,161.2338,386.2213,3,35.7778,1.7823,3,24
6,3,372.1292,369.3254,3,19.6667,1.7823,3,14
6,3,322.2010,404.1512,3,11.3333,1.7823,3,8
6,3,134.1987,372.4057,3,46.8889,1.7823,3,31
6,3,396.3552,352.4086,3,25.0000,1.7823,3,20
6,3,419.0778,305.1781,3,44.2222,1.7823,3,29
6,3,243.2623,426.3932,3,20.0000,1.7823,3,15
6,3,231.4934,87.0872,3,28.1111,1.7823,3,20
6,3,296.3321,422.3804,3,18.1111,1.7823,3,15
6,3,285.0420,83.1324,3,22.1111,1.7823,3,15
6,3,154.0053,108.2196,3,7.5556,1.7823,3,4
6,3,179.0472,92.1813,3,8.5556,1.7823,3,5
6,3,271.3864,439.0295,3,7.8889,1.7823,3,5
6,3,422.2631,335.2546,3,18.3333,1.7823,3,14
6,3,439.3250,257.1159,3,17.2222,1.7823,3,11
6,3,256.3178,71.0850,3,8.3333,1.7823,3,6
6,3,81.2228,195.2744,3,10.4444,1.7823,3,7
6,3,163.2817,417.0506,3,22.8889,1.7823,3,15
6,3,374.2047,400.2258,3,12.8889,1.7823,3,9
6,3,191.1084,430.3094,3,16.6667,1.7823,3,13
6,3,349.1011,417.3218,3,16.0000,1.7823,3,10
6,3,137.2179,403.0182,3,14.6667,1.7823,3,9
6,3,443.4591,287.4259,3,19.2222,1.7823,3,14
6,3,219.2720,443.0484,3,13.8889,1.7823,3,10
6,3,399.2375,383.3395,3,9.8889,1.7823,3,6
6,3,324.0112,435.1769,3,9.5556,1.7823,3,7
6,3,61.1818,274.1169,3,14.3333,1.7823,3,9
6,3,338.1850,78.0475,3,6.5556,1.7823,3,4
6,3,58.2182,243.2045,3,7.8889,1.7823,3,5
6,3,446.2168,318.0944,3,16.2222,1.7823,3,12
6,3,246.1600,456.3322,3,9.1111,1.7823,3,7
6,3,424.2346,365.1706,3,9.3333,1.7823,3,5
6,3,299.2205,452.3013,3,9.8889,1.7823,3,6
6,3,66.2241,336.0544,3,6.8889,1.7823,3,4
6,3,166.3610,447.0997,3,14.3333,1.7823,3,9
6,3,376.4083,432.0958,3,9.6667,1.7823,3,7
6,3,449.0062,348.2046,3,18.8889,1.7823,3,12
6,3,193.4826,461.1174,3,30.2222,1.7823,3,21
6,3,351.4059,448.3044,3,11.6667,1.7823,3,8
6,3,273.3220,470.1515,3,12.1111,1.7823,3,9
6,3,402.3271,414.0160,3,15.4444,1.7823,3,11
6,3,427.1253,396.3537,3,8.1111,1.7823,3,6
6,3,327.1755,466.0787,3,6.1111,1.7823,3,4
6,3,221.1689,474.2651,3,9.0000,1.7823,3,6
6,3,451.4214,379.0350,3,9.6667,1.7823,3,6
6,3,249.1832,487.3244,3,12.1111,1.7823,3,8
6,3,302.0855,483.1675,3,9.1111,1.7823,3,6
6,3,404.2592,443.2340,3,10.3333,1.7823,3,7
6,3,380.0568,462.0684,3,8.5556,1.7823,3,6
6,3,429.2243,426.4396,3,13.4444,1.7823,3,11
6,3,354.1476,479.1086,3,18.0000,1.7823,3,11
6,3,276.3324,500.1648,3,12.0000,1.7823,3,8
6,3,329.1876,496.1074,3,9.5556,1.7823,3,6
7,3,256.1885,256.1338,3,197.0000,1.7376,3,190
7,3,281.4766,239.0988,3,160.2222,1.7376,3,125
7,3,229.4123,242.2564,3,184.7778,1.7376,3,141
7,3,284.1589,268.4206,3,198.7778,1.7376,3,158
7,3,231.4475,273.5128,3,135.0000,1.7376,3,102
7,3,254.4426,225.2955,3,83.0000,1.7376,3,67
7,3,259.4076,286.5218,3,155.4444,1.7376,3,113
7,3,203.4790,260.0319,3,210.7778,1.7376,3,171
7,3,308.3766,252.1572,3,198.4444,1.7376,3,155
7,3,279.3837,209.0883,3,207.8889,1.7376,3,161
7,3,227.3735,212.3316,3,69.1111,1.7376,3,56
7,3,287.0722,299.3261,3,180.4444,1.7376,3,135
7,3,233.4896,305.1836,3,204.7778,1.7376,3,166
7,3,262.2544,316.4199,3,90.8889,1.7376,3,73
7,3,202.4820,229.2265,3,78.6667,1.7376,3,64
7,3,206.3595,290.3888,3,99.3333,1.7376,3,81
7,3,311.4859,282.2903,3,86.2222,1.7376,3,73
7,3,252.1622,195.2027,3,27.5556,1.7376,3,21
7,3,307.0722,222.0268,3,174.2222,1.7376,3,125
7,3,177.2126,246.2567,3,85.4444,1.7376,3,63
7,3,179.1477,277.2777,3,88.4444,1.7376,3,62
7,3,304.1645,192.1746,3,80.5556,1.7376,3,56
7,3,224.2619,181.3225,3,9.1111,1.7376,3,7
7,3,336.3248,265.2508,3,67.4444,1.7376,3,54
7,3,314.2400,312.3382,3,74.4444,1.7376,3,57
7,3,277.0778,178.1228,3,12.8889,1.7376,3,11
7,3,289.5107,330.1228,3,79.8889,1.7376,3,53
7,3,209.0498,322.0340,3,68.3333,1.7376,3,48
7,3,334.3535,234.5264,3,134.4444,1.7376,3,99
7,3,199.2343,198.3634,3,10.8889,1.7376,3,8
7,3,236.3115,334.4467,3,47.3333,1.7376,3,38
7,3,174.3431,216.2224,3,12.0000,1.7376,3,9
7,3,331.4707,204.4858,3,126.3333,1.7376,3,109
7,3,181.3178,308.1387,3,84.3333,1.7376,3,61
7,3,339.3546,295.4843,3,100.4444,1.7376,3,84
7,3,250.0047,164.1968,3,9.2222,1.7376,3,6
7,3,264.4383,348.0372,3,117.8889,1.7376,3,83
7,3,152.1983,263.4886,3,66.0000,1.7376,3,49
7,3,361.0646,248.2772,3,102.4444,1.7376,3,74
7,3,302.0597,161.1626,3,17.1111,1.7376,3,11
7,3,211.2018,352.3830,3,108.3333,1.7376,3,81
7,3,317.1717,343.2029,3,71.0000,1.7376,3,51
7,3,150.2170,233.0957,3,7.2222,1.7376,3,5
7,3,154.1112,294.2428,3,91.1111,1.7376,3,61
7,3,341.4632,325.4432,3,44.5556,1.7376,3,37
7,3,359.1058,218.0200,3,62.6667,1.7376,3,44
7,3,183.4623,338.2065,3,39.1111,1.7376,3,30
7,3,329.2441,174.0612,3,13.0000,1.7376,3,8
7,3,292.0818,360.4149,3,37.7778,1.7376,3,29
7,3,239.1695,365.2661,3,42.1111,1.7376,3,34
7,3,363.4799,279.0393,3,28.3333,1.7376,3,22
7,3,356.1949,188.0822,3,37.4444,1.7376,3,26
7,3,156.2928,325.1946,3,71.3333,1.7376,3,54
7,3,366.4301,309.0829,3,49.0000,1.7376,3,38
7,3,267.0614,378.1954,3,45.6667,1.7376,3,32
7,3,386.3517,230.4935,3,38.4444,1.7376,3,32
7,3,214.2924,382.1315,3,30.0000,1.7376,3,23
7,3,186.4141,369.2328,3,25.1111,1.7376,3,21
7,3,389.2086,261.2425,3,38.4444,1.7376,3,27
7,3,319.1251,374.1649,3,36.7778,1.7376,3,26
7,3,344.1781,357.1573,3,25.8889,1.7376,3,18
7,3,130.1840,311.3038,3,78.5556,1.7376,3,53
7,3,383.3397,201.0298,3,42.3333,1.7376,3,31
7,3,159.2671,355.3701,3,36.1111,1.7376,3,28
7,3,241.5051,395.2012,3,31.2222,1.7376,3,21
7,3,369.3373,339.3969,3,28.2222,1.7376,3,21
7,3,294.3294,390.4405,3,40.6667,1.7376,3,32
7,3,391.4216,291.2228,3,27.4444,1.7376,3,22
7,3,131.3853,342.2740,3,76.8889,1.7376,3,53
7,3,269.0521,408.4125,3,40.3333,1.7376,3,29
7,3,394.1926,322.0617,3,32.8889,1.7376,3,25
7,3,189.5487,398.5008,3,38.7778,1.7376,3,26
7,3,414.3914,244.2022,3,34.0000,1.7376,3,26
7,3,347.1391,388.0477,3,33.3333,1.7376,3,22
7,3,410.3824,213.2923,3,9.7778,1.7376,3,9
7,3,216.4454,412.4355,3,25.5556,1.7376,3,21
7,3,416.0682,274.1712,3,37.8889,1.7376,3,25
7,3,161.2367,386.2234,3,35.7778,1.7376,3,24
7,3,372.1299,369.3275,3,19.6667,1.7376,3,14
7,3,322.1938,404.1589,3,11.3333,1.7376,3,8
7,3,134.2011,372.4050,3,46.7778,1.7376,3,31
7,3,396.3532,352.3958,3,25.1111,1.7376,3,20
7,3,419.0778,305.1781,3,44.2222,1.7376,3,29
7,3,243.2644,426.3978,3,20.0000,1.7376,3,16
7,3,231.4953,87.0945,3,28.0000,1.7376,3,20
7,3,296.3321,422.3804,3,18.1111,1.7376,3,15
7,3,285.0359,83.1507,3,22.1111,1.7376,3,15
7,3,154.0120,108.2360,3,7.3333,1.7376,3,4
7,3,179.0485,92.1624,3,8.5556,1.7376,3,5
7,3,439.3217,257.1246,3,16.5556,1.7376,3,11
7,3,272.0907,438.2744,3,7.4444,1.7376,3,5
7,3,422.2790,335.2678,3,17.6667,1.7376,3,13
7,3,257.0611,71.0812,3,9.2222,1.7376,3,5
7,3,81.2209,195.2674,3,10.1111,1.7376,3,7
7,3,163.2842,417.0640,3,22.4444,1.7376,3,15
7,3,374.2050,400.2320,3,12.5556,1.7376,3,9
7,3,191.0960,430.3322,3,15.8889,1.7376,3,12
7,3,349.0676,417.3397,3,15.1111,1.7376,3,10
7,3,137.1862,403.0185,3,14.4444,1.7376,3,9
7,3,219.2844,443.0489,3,13.5556,1.7376,3,9
7,3,443.4452,287.4191,3,18.7778,1.7376,3,13
7,3,324.0418,435.1799,3,9.4444,1.7376,3,6
7,3,399.2133,384.0089,3,10.1111,1.7376,3,6
7,3,61.1783,274.1468,3,13.6667,1.7376,3,9
7,3,338.1861,78.0570,3,6.2222,1.7376,3,4
7,3,58.2317,243.2156,3,7.4444,1.7376,3,5
7,3,446.2139,318.1084,3,15.6667,1.7376,3,11
7,3,424.2800,365.1626,3,8.8889,1.7376,3,5
7,3,299.1836,452.3097,3,9.5556,1.7376,3,6
7,3,246.1437,456.3368,3,8.6667,1.7376,3,7
7,3,66.2112,336.0642,3,6.6667,1.7376,3,4
7,3,166.3223,447.1010,3,14.1111,1.7376,3,8
7,3,377.0031,432.1164,3,11.7778,1.7376,3,6
7,3,449.0092,348.1803,3,18.5556,1.7376,3,11
7,3,193.4719,461.1126,3,29.3333,1.7376,3,20
7,3,352.0037,448.3081,3,12.1111,1.7376,3,8
7,3,273.3314,470.1552,3,11.8889,1.7376,3,9
7,3,402.3431,414.0492,3,14.7778,1.7376,3,11
7,3,221.1682,474.2788,3,8.8889,1.7376,3,5
7,3,427.1009,396.3254,3,7.8889,1.7376,3,5
7,3,327.1425,466.0750,3,5.6667,1.7376,3,4
7,3,249.1920,487.3090,3,11.7778,1.7376,3,8
7,3,452.0391,379.0285,3,10.4444,1.7376,3,7
7,3,302.0965,483.1931,3,8.8889,1.7376,3,6
7,3,404.2545,443.2264,3,9.8889,1.7376,3,6
7,3,380.0802,462.0731,3,8.4444,1.7376,3,6
7,3,429.2012,426.4499,3,13.2222,1.7376,3,11
7,3,354.1315,479.1062,3,17.7778,1.7376,3,11
7,3,276.3327,500.1506,3,11.6667,1.7376,3,8
7,3,329.1868,496.1018,3,9.3333,1.7376,3,6
8,3,256.1876,256.1328,3,197.0000,1.6930,3,190
8,3,281.4789,239.0980,3,160.1111,1.6930,3,125
8,3,229.4125,242.2561,3,184.6667,1.6930,3,141
8,3,284.1600,268.4216,3,198.6667,1.6930,3,158
8,3,231.4523,273.5121,3,135.0000,1.6930,3,102
8,3,254.4444,225.2969,3,82.7778,1.6930,3,68
8,3,259.3974,287.0038,3,155.4444,1.6930,3,113
8,3,203.4783,260.0322,3,210.7778,1.6930,3,171
8,3,308.3753,252.1580,3,198.3333,1.6930,3,155
8,3,279.3846,209.0883,3,207.7778,1.6930,3,161
8,3,227.3751,212.3309,3,68.8889,1.6930,3,56
8,3,287.0716,299.3273,3,180.4444,1.6930,3,135
8,3,233.4888,305.1839,3,204.7778,1.6930,3,166
8,3,262.2553,316.4232,3,90.8889,1.6930,3,73
8,3,202.4835,229.2214,3,78.6667,1.6930,3,64
8,3,206.3601,290.3895,3,99.1111,1.6930,3,81
8,3,311.4897,282.2904,3,86.1111,1.6930,3,73
8,3,252.1658,195.1990,3,27.5556,1.6930,3,21
8,3,307.0913,221.5818,3,174.0000,1.6930,3,125
8,3,177.2118,246.2508,3,85.3333,1.6930,3,63
8,3,179.1508,277.2770,3,88.4444,1.6930,3,62
8,3,199.2457,198.3662,3,10.7778,1.6930,3,8
8,3,304.1627,192.1693,3,80.4444,1.6930,3,56
8,3,224.2539,181.3293,3,9.1111,1.6930,3,7
8,3,336.3246,265.2534,3,67.3333,1.6930,3,54
8,3,314.2395,312.3401,3,74.2222,1.6930,3,57
8,3,277.0712,178.1177,3,12.8889,1.6930,3,11
8,3,289.5107,330.1174,3,79.7778,1.6930,3,53
8,3,209.0493,322.0275,3,68.3333,1.6930,3,48
8,3,334.3537,234.5327,3,134.2222,1.6930,3,99
8,3,236.3177,334.4532,3,47.3333,1.6930,3,38
8,3,174.3474,216.2404,3,11.8889,1.6930,3,9
8,3,331.4734,204.4863,3,126.3333,1.6930,3,109
8,3,181.3192,308.1371,3,84.0000,1.6930,3,61
8,3,339.3551,295.4845,3,100.4444,1.6930,3,84
8,3,250.0163,164.1902,3,9.2222,1.6930,3,6
8,3,264.4361,348.0373,3,117.8889,1.6930,3,83
8,3,152.1954,263.4935,3,65.8889,1.6930,3,49
8,3,361.0640,248.2761,3,102.4444,1.6930,3,74
8,3,302.0653,161.1500,3,17.1111,1.6930,3,12
8,3,211.2013,352.3830,3,108.3333,1.6930,3,81
8,3,317.1689,343.2123,3,70.6667,1.6930,3,50
8,3,150.2049,233.0874,3,7.2222,1.6930,3,5
8,3,154.1112,294.2437,3,91.1111,1.6930,3,61
8,3,341.4725,325.4451,3,44.5556,1.6930,3,37
8,3,359.1104,218.0124,3,62.6667,1.6930,3,44
8,3,183.4486,338.2210,3,38.8889,1.6930,3,30
8,3,329.2799,174.0616,3,12.7778,1.6930,3,9
8,3,292.0862,360.4141,3,37.6667,1.6930,3,29
8,3,239.1649,365.2640,3,42.0000,1.6930,3,34
8,3,363.4840,279.0315,3,28.3333,1.6930,3,22
8,3,356.1996,188.0800,3,37.3333,1.6930,3,26
8,3,156.2908,325.1932,3,71.1111,1.6930,3,54
8,3,366.4445,309.0851,3,48.8889,1.6930,3,38
8,3,267.0579,378.2060,3,45.6667,1.6930,3,33
8,3,386.3509,230.4923,3,38.4444,1.6930,3,33
8,3,214.2963,382.1206,3,30.0000,1.6930,3,22
8,3,186.4104,369.2347,3,25.1111,1.6930,3,21
8,3,389.2087,261.2450,3,38.4444,1.6930,3,26
8,3,319.1327,374.1653,3,36.6667,1.6930,3,26
8,3,344.1747,357.1590,3,25.8889,1.6930,3,18
8,3,130.1754,311.3024,3,78.5556,1.6930,3,53
8,3,383.3372,201.0274,3,42.2222,1.6930,3,32
8,3,159.2720,355.3728,3,36.1111,1.6930,3,28
8,3,241.5068,395.2052,3,31.2222,1.6930,3,21
8,3,369.3330,339.4102,3,28.0000,1.6930,3,21
8,3,294.3270,390.4393,3,40.6667,1.6930,3,33
8,3,391.4216,291.2231,3,27.4444,1.6930,3,22
8,3,131.3859,342.2734,3,76.7778,1.6930,3,53
8,3,269.0524,408.4098,3,40.3333,1.6930,3,29
8,3,394.1903,322.0597,3,32.7778,1.6930,3,24
8,3,189.5534,398.5053,3,38.7778,1.6930,3,26
8,3,414.4101,244.2109,3,33.6667,1.6930,3,26
8,3,347.1372,388.0401,3,33.3333,1.6930,3,22
8,3,410.3880,213.2971,3,9.5556,1.6930,3,10
8,3,216.4585,412.4336,3,25.5556,1.6930,3,21
8,3,416.0651,274.1631,3,37.8889,1.6930,3,25
8,3,161.2373,386.2239,3,35.7778,1.6930,3,24
8,3,322.1452,404.1672,3,11.3333,1.6930,3,8
8,3,372.1533,369.3382,3,19.6667,1.6930,3,14
8,3,134.2015,372.4083,3,46.6667,1.6930,3,31
8,3,396.3671,352.4207,3,24.7778,1.6930,3,20
8,3,419.0823,305.1735,3,44.2222,1.6930,3,29
8,3,243.2600,426.3836,3,20.0000,1.6930,3,16
8,3,231.4914,87.1135,3,27.6667,1.6930,3,20
8,3,296.3457,422.3736,3,18.1111,1.6930,3,15
8,3,285.0387,83.1451,3,22.1111,1.6930,3,15
8,3,154.0106,108.2128,3,7.3333,1.6930,3,5
8,3,179.0443,92.1477,3,8.4444,1.6930,3,6
8,3,439.3238,257.1153,3,16.3333,1.6930,3,12
8,3,272.0948,438.2635,3,7.4444,1.6930,3,6
8,3,422.2682,335.2656,3,17.2222,1.6930,3,13
8,3,257.0611,71.0812,3,9.2222,1.6930,3,5
8,3,81.2024,195.2639,3,10.1111,1.6930,3,7
8,3,163.2774,417.0481,3,21.6667,1.6930,3,14
8,3,374.1971,400.2135,3,12.3333,1.6930,3,9
8,3,191.0986,430.3384,3,15.6667,1.6930,3,12
8,3,349.0890,417.3558,3,15.0000,1.6930,3,9
8,3,137.1994,403.0150,3,14.0000,1.6930,3,8
8,3,443.4348,287.4109,3,18.4444,1.6930,3,13
8,3,219.2736,443.0473,3,13.3333,1.6930,3,10
8,3,399.2442,383.2673,3,9.4444,1.6930,3,6
8,3,324.0270,435.1328,3,9.3333,1.6930,3,6
8,3,61.2020,274.1465,3,13.6667,1.6930,3,9
8,3,58.2237,243.2055,3,7.4444,1.6930,3,5
8,3,446.2485,318.1387,3,15.4444,1.6930,3,11
8,3,246.1437,456.3314,3,8.6667,1.6930,3,6
8,3,424.3072,365.2301,3,8.7778,1.6930,3,5
8,3,299.1689,452.3209,3,9.1111,1.6930,3,5
8,3,66.2302,336.0582,3,6.7778,1.6930,3,4
8,3,166.2823,447.0982,3,13.7778,1.6930,3,8
8,3,376.3910,432.1026,3,9.3333,1.6930,3,6
8,3,449.0088,348.1842,3,17.8889,1.6930,3,11
8,3,193.4744,461.1209,3,28.7778,1.6930,3,20
8,3,352.0159,448.2767,3,11.7778,1.6930,3,8
8,3,273.3337,470.1106,3,11.6667,1.6930,3,8
8,3,402.3336,414.0326,3,14.7778,1.6930,3,11
8,3,221.1605,474.2605,3,8.7778,1.6930,3,5
8,3,427.0932,396.3182,3,7.7778,1.6930,3,5
8,3,327.1624,466.0550,3,5.6667,1.6930,3,4
8,3,452.0577,379.0367,3,10.4444,1.6930,3,7
8,3,302.1187,483.2904,3,8.5556,1.6930,3,6
8,3,249.2075,487.3063,3,11.7778,1.6930,3,8
8,3,404.2641,443.2319,3,9.8889,1.6930,3,6
8,3,380.0884,462.1053,3,8.1111,1.6930,3,6
8,3,429.2038,426.4983,3,12.3333,1.6930,3,10
8,3,354.1270,479.1055,3,17.3333,1.6930,3,11
8,3,276.3439,500.1524,3,11.6667,1.6930,3,7
8,3,329.2007,496.1311,3,9.2222,1.6930,3,5
9,3,256.1883,256.1329,3,197.0000,1.6853,3,190
9,3,281.4774,239.0986,3,160.1111,1.6853,3,125
9,3,229.4119,242.2557,3,184.6667,1.6853,3,141
9,3,284.1596,268.4210,3,198.6667,1.6853,3,158
9,3,231.4505,273.5129,3,135.0000,1.6853,3,102
9,3,254.4428,225.2971,3,82.7778,1.6853,3,68
9,3,259.3961,287.0022,3,155.4444,1.6853,3,113
9,3,203.4789,260.0312,3,210.7778,1.6853,3,171
9,3,308.3762,252.1576,3,198.4444,1.6853,3,155
9,3,279.3838,209.0885,3,207.8889,1.6853,3,161
9,3,227.3726,212.3324,3,69.1111,1.6853,3,56
9,3,287.0719,299.3269,3,180.4444,1.6853,3,135
9,3,233.4896,305.1836,3,204.7778,1.6853,3,166
9,3,262.2573,316.4228,3,90.8889,1.6853,3,73
9,3,202.4836,229.2237,3,78.6667,1.6853,3,64
9,3,206.3584,290.3899,3,99.2222,1.6853,3,81
9,3,311.4864,282.2902,3,86.1111,1.6853,3,73
9,3,252.1664,195.1943,3,27.5556,1.6853,3,21
9,3,307.0705,222.0283,3,174.0000,1.6853,3,125
9,3,177.2121,246.2556,3,85.3333,1.6853,3,63
9,3,179.1461,277.2763,3,88.4444,1.6853,3,62
9,3,199.2357,198.3631,3,10.7778,1.6853,3,8
9,3,304.1642,192.1719,3,80.4444,1.6853,3,56
9,3,224.2418,181.3184,3,9.1111,1.6853,3,7
9,3,336.3250,265.2527,3,67.4444,1.6853,3,54
9,3,314.2400,312.3382,3,74.4444,1.6853,3,57
9,3,277.0712,178.1177,3,12.8889,1.6853,3,11
9,3,289.5103,330.1203,3,79.8889,1.6853,3,53
9,3,209.0468,322.0306,3,68.3333,1.6853,3,48
9,3,334.3537,234.5310,3,134.3333,1.6853,3,99
9,3,236.3123,334.4476,3,47.3333,1.6853,3,38
9,3,174.3452,216.2374,3,11.8889,1.6853,3,9
9,3,331.4716,204.4864,3,126.3333,1.6853,3,109
9,3,181.3161,308.1369,3,84.2222,1.6853,3,61
9,3,339.3546,295.4843,3,100.4444,1.6853,3,84
9,3,250.0076,164.1851,3,9.2222,1.6853,3,6
9,3,264.4371,348.0365,3,117.8889,1.6853,3,83
9,3,152.1975,263.4935,3,65.8889,1.6853,3,49
9,3,361.0675,248.2759,3,102.4444,1.6853,3,74
9,3,302.0571,161.1630,3,17.1111,1.6853,3,12
9,3,211.2018,352.3830,3,108.3333,1.6853,3,81
9,3,317.1730,343.2031,3,70.8889,1.6853,3,51
9,3,150.1929,233.0734,3,7.2222,1.6853,3,5
9,3,154.1086,294.2430,3,91.1111,1.6853,3,61
9,3,341.4679,325.4426,3,44.5556,1.6853,3,37
9,3,359.1098,218.0141,3,62.6667,1.6853,3,44
9,3,183.4533,338.2098,3,39.0000,1.6853,3,30
9,3,329.2778,174.0519,3,12.8889,1.6853,3,9
9,3,292.0818,360.4149,3,37.7778,1.6853,3,29
9,3,239.1647,365.2663,3,42.1111,1.6853,3,34
9,3,363.4849,279.0348,3,28.3333,1.6853,3,22
9,3,356.1971,188.0820,3,37.4444,1.6853,3,26
9,3,156.2923,325.1933,3,71.2222,1.6853,3,54
9,3,366.4383,309.0837,3,49.0000,1.6853,3,38
9,3,267.0598,378.1967,3,45.6667,1.6853,3,33
9,3,386.3498,230.4923,3,38.4444,1.6853,3,32
9,3,214.2927,382.1322,3,30.0000,1.6853,3,22
9,3,186.4079,369.2384,3,25.1111,1.6853,3,21
9,3,389.2083,261.2415,3,38.4444,1.6853,3,27
9,3,319.1310,374.1635,3,36.7778,1.6853,3,26
9,3,344.1781,357.1573,3,25.8889,1.6853,3,18
9,3,130.1802,311.3028,3,78.5556,1.6853,3,53
9,3,383.3396,201.0283,3,42.2222,1.6853,3,31
9,3,159.2691,355.3730,3,36.1111,1.6853,3,28
9,3,241.5051,395.2012,3,31.2222,1.6853,3,21
9,3,369.3347,339.4115,3,28.2222,1.6853,3,21
9,3,294.3270,390.4393,3,40.6667,1.6853,3,33
9,3,391.4263,291.2225,3,27.4444,1.6853,3,22
9,3,131.3855,342.2757,3,76.7778,1.6853,3,53
9,3,269.0521,408.4125,3,40.3333,1.6853,3,29
9,3,394.1929,322.0638,3,32.7778,1.6853,3,25
9,3,189.5479,398.5000,3,38.7778,1.6853,3,26
9,3,414.4038,244.2055,3,33.6667,1.6853,3,26
9,3,347.1435,388.0455,3,33.3333,1.6853,3,22
9,3,410.3786,213.2880,3,9.5556,1.6853,3,9
9,3,216.4454,412.4355,3,25.5556,1.6853,3,21
9,3,416.0650,274.1681,3,37.8889,1.6853,3,25
9,3,161.2394,386.2191,3,35.7778,1.6853,3,24
9,3,372.1462,369.3303,3,19.6667,1.6853,3,14
9,3,322.1806,404.1605,3,11.3333,1.6853,3,8
9,3,134.1984,372.4041,3,46.6667,1.6853,3,31
9,3,396.3573,352.4049,3,25.0000,1.6853,3,20
9,3,419.0778,305.1781,3,44.2222,1.6853,3,29
9,3,243.2651,426.3940,3,20.0000,1.6853,3,16
9,3,231.4818,87.1262,3,27.8889,1.6853,3,20
9,3,296.3321,422.3804,3,18.1111,1.6853,3,15
9,3,285.0459,83.1428,3,22.1111,1.6853,3,15
9,3,153.1995,108.1917,3,6.1111,1.6853,3,5
9,3,179.1430,92.2517,3,7.4444,1.6853,3,6
9,3,439.2864,257.1068,3,16.1111,1.6853,3,11
9,3,272.0687,438.2701,3,7.1111,1.6853,3,5
9,3,422.2484,335.2652,3,17.0000,1.6853,3,12
9,3,257.0022,71.2080,3,8.2222,1.6853,3,5
9,3,81.2169,195.2149,3,9.8889,1.6853,3,7
9,3,163.2746,417.0160,3,20.8889,1.6853,3,14
9,3,374.1860,400.2114,3,12.2222,1.6853,3,8
9,3,191.0986,430.3414,3,15.3333,1.6853,3,12
9,3,349.0844,417.3298,3,14.5556,1.6853,3,9
9,3,137.1607,403.0278,3,13.8889,1.6853,3,8
9,3,443.4379,287.4177,3,18.0000,1.6853,3,13
9,3,219.2571,443.0580,3,12.7778,1.6853,3,9
9,3,399.2140,383.2419,3,9.3333,1.6853,3,5
9,3,324.0221,435.1463,3,9.3333,1.6853,3,6
9,3,61.2526,274.1735,3,13.5556,1.6853,3,9
9,3,58.1441,243.1015,3,7.2222,1.6853,3,4
9,3,446.2215,318.1012,3,15.2222,1.6853,3,11
9,3,246.1347,456.3126,3,8.5556,1.6853,3,5
9,3,299.1868,452.3166,3,9.1111,1.6853,3,5
9,3,424.2761,365.2354,3,8.3333,1.6853,3,5
9,3,166.2225,447.0940,3,13.0000,1.6853,3,7
9,3,377.0208,432.0875,3,11.4444,1.6853,3,6
9,3,449.0178,348.1657,3,17.6667,1.6853,3,11
9,3,193.4596,461.1035,3,28.0000,1.6853,3,19
9,3,402.3006,413.4464,3,15.1111,1.6853,3,11
9,3,351.3721,448.2519,3,11.0000,1.6853,3,8
9,3,273.3271,470.0697,3,11.6667,1.6853,3,7
9,3,427.0939,396.3028,3,6.7778,1.6853,3,5
9,3,327.2540,465.1720,3,5.4444,1.6853,3,4
9,3,221.2026,474.2330,3,8.5556,1.6853,3,5
9,3,452.0173,378.2792,3,8.4444,1.6853,3,5
9,3,249.0611,487.2412,3,11.5556,1.6853,3,7
9,3,302.0838,483.1508,3,8.1111,1.6853,3,5
9,3,404.2992,443.2201,3,9.8889,1.6853,3,7
9,3,380.0809,462.0809,3,7.5556,1.6853,3,6
9,3,429.2801,426.4568,3,11.8889,1.6853,3,9
9,3,354.1823,479.0008,3,16.8889,1.6853,3,10
9,3,276.3355,500.1266,3,11.4444,1.6853,3,8
9,3,329.1936,496.0588,3,9.2222,1.6853,3,5
10,3,256.1882,256.1331,3,197.0000,1.5872,3,190
10,3,281.4807,239.0981,3,160.1111,1.5872,3,126
10,3,229.4132,242.2567,3,184.6667,1.5872,3,140
10,3,284.1597,268.4213,3,198.5556,1.5872,3,158
10,3,231.4507,273.5140,3,134.8889,1.5872,3,103
10,3,254.4476,225.2956,3,82.6667,1.5872,3,68
10,3,259.3956,287.0028,3,155.4444,1.5872,3,113
10,3,203.4782,260.0329,3,210.6667,1.5872,3,171
10,3,308.3762,252.1578,3,198.2222,1.5872,3,156
10,3,279.3847,209.0872,3,207.6667,1.5872,3,161
10,3,227.3781,212.3278,3,68.8889,1.5872,3,56
10,3,287.0707,299.3273,3,180.4444,1.5872,3,135
10,3,233.4889,305.1843,3,204.7778,1.5872,3,166
10,3,262.2546,316.4265,3,90.8889,1.5872,3,73
10,3,202.4799,229.2211,3,78.5556,1.5872,3,64
10,3,206.3606,290.3901,3,99.0000,1.5872,3,80
10,3,311.4891,282.2870,3,86.1111,1.5872,3,73
10,3,252.1615,195.2079,3,27.4444,1.5872,3,21
10,3,307.0904,221.5821,3,174.0000,1.5872,3,125
10,3,177.2168,246.2491,3,85.2222,1.5872,3,63
10,3,179.1481,277.2736,3,88.4444,1.5872,3,62
10,3,199.2140,198.4047,3,10.6667,1.5872,3,8
10,3,304.1689,192.1762,3,80.3333,1.5872,3,57
10,3,336.3232,265.2536,3,67.2222,1.5872,3,54
10,3,314.2456,312.3428,3,74.1111,1.5872,3,56
10,3,277.0964,178.1464,3,12.8889,1.5872,3,11
10,3,289.5129,330.1158,3,79.7778,1.5872,3,53
10,3,209.0444,322.0342,3,68.3333,1.5872,3,48
10,3,334.3545,234.5336,3,134.1111,1.5872,3,99
10,3,224.2517,181.3307,3,9.1111,1.5872,3,7
10,3,236.3270,334.4650,3,47.3333,1.5872,3,39
10,3,174.3674,216.2133,3,11.8889,1.5872,3,9
10,3,331.4725,204.4849,3,126.3333,1.5872,3,109
10,3,181.3230,308.1339,3,83.8889,1.5872,3,61
10,3,339.3564,295.4857,3,100.4444,1.5872,3,84
10,3,250.0058,164.1769,3,9.2222,1.5872,3,6
10,3,264.4344,348.0370,3,117.8889,1.5872,3,83
10,3,152.1948,263.4906,3,65.8889,1.5872,3,49
10,3,361.0653,248.2830,3,102.4444,1.5872,3,74
10,3,302.0585,161.1448,3,17.1111,1.5872,3,12
10,3,211.2052,352.3954,3,108.3333,1.5872,3,81
10,3,317.1698,343.2171,3,70.5556,1.5872,3,50
10,3,150.2235,233.0670,3,7.2222,1.5872,3,5
10,3,154.1055,294.2486,3,91.1111,1.5872,3,61
10,3,341.4814,325.4538,3,44.5556,1.5872,3,37
10,3,359.1154,218.0136,3,62.6667,1.5872,3,44
10,3,183.4444,338.2142,3,38.5556,1.5872,3,30
10,3,329.2876,174.0752,3,12.6667,1.5872,3,9
10,3,292.0849,360.4158,3,37.4444,1.5872,3,28
10,3,239.1620,365.2597,3,42.0000,1.5872,3,33
10,3,363.4932,279.0291,3,28.3333,1.5872,3,22
10,3,356.1996,188.0798,3,37.3333,1.5872,3,26
10,3,156.2871,325.1918,3,70.8889,1.5872,3,54
10,3,366.4505,309.0872,3,48.4444,1.5872,3,38
10,3,267.0540,378.2142,3,45.6667,1.5872,3,33
10,3,386.3561,230.4982,3,38.3333,1.5872,3,33
10,3,214.2959,382.1198,3,30.0000,1.5872,3,23
10,3,186.4141,369.2329,3,25.1111,1.5872,3,20
10,3,389.2036,261.2372,3,38.4444,1.5872,3,26
10,3,319.1330,374.1712,3,36.6667,1.5872,3,27
10,3,344.1775,357.1471,3,25.8889,1.5872,3,18
10,3,130.1807,311.3039,3,78.5556,1.5872,3,53
10,3,383.3414,201.0272,3,42.1111,1.5872,3,32
10,3,159.2735,355.3710,3,36.1111,1.5872,3,28
10,3,241.5068,395.2074,3,31.2222,1.5872,3,21
10,3,369.3335,339.4055,3,27.8889,1.5872,3,20
10,3,294.3246,390.4410,3,40.6667,1.5872,3,33
10,3,391.4142,291.2241,3,27.4444,1.5872,3,22
10,3,131.3856,342.2759,3,76.5556,1.5872,3,54
10,3,269.0388,408.4386,3,40.3333,1.5872,3,29
10,3,394.1963,322.0581,3,32.7778,1.5872,3,24
10,3,190.0049,398.4992,3,36.6667,1.5872,3,26
10,3,414.4214,244.2147,3,33.4444,1.5872,3,26
10,3,410.3927,213.3102,3,9.3333,1.5872,3,10
10,3,347.1378,388.0238,3,33.3333,1.5872,3,21
10,3,216.4626,412.4277,3,25.5556,1.5872,3,22
10,3,416.0980,274.1674,3,37.5556,1.5872,3,25
10,3,161.2410,386.2237,3,35.7778,1.5872,3,24
10,3,322.1301,404.1849,3,11.3333,1.5872,3,9
10,3,372.1401,369.3433,3,19.5556,1.5872,3,14
10,3,134.2139,372.4217,3,46.4444,1.5872,3,32
10,3,396.3746,352.4378,3,24.3333,1.5872,3,19
10,3,419.0794,305.1726,3,44.2222,1.5872,3,29
10,3,243.2564,426.3648,3,20.0000,1.5872,3,16
10,3,231.4933,87.1375,3,27.5556,1.5872,3,20
10,3,296.3517,422.3836,3,18.1111,1.5872,3,15
10,3,285.0013,83.1658,3,22.1111,1.5872,3,15
10,3,153.1053,108.2867,3,6.1111,1.5872,3,5
10,3,179.1636,92.2780,3,7.3333,1.5872,3,6
10,3,439.3450,257.1915,3,15.5556,1.5872,3,11
10,3,272.0724,438.2720,3,7.0000,1.5872,3,6
10,3,422.3378,335.2081,3,16.5556,1.5872,3,12
10,3,256.3159,71.2040,3,7.1111,1.5872,3,6
10,3,81.1755,195.2221,3,9.6667,1.5872,3,6
10,3,191.0878,430.3499,3,15.1111,1.5872,3,12
10,3,163.2877,417.0354,3,19.8889,1.5872,3,13
10,3,374.1906,400.1774,3,11.8889,1.5872,3,8
10,3,349.1196,417.3555,3,14.4444,1.5872,3,9
10,3,137.1157,402.3854,3,11.4444,1.5872,3,8
10,3,219.2376,443.0568,3,12.7778,1.5872,3,9
10,3,443.4258,287.4162,3,17.5556,1.5872,3,12
10,3,399.2221,383.2102,3,9.2222,1.5872,3,5
10,3,324.0487,435.1128,3,9.0000,1.5872,3,6
10,3,61.2340,274.1897,3,13.3333,1.5872,3,8
10,3,58.1528,243.1192,3,6.5556,1.5872,3,4
10,3,446.2831,318.1635,3,14.4444,1.5872,3,10
10,3,246.1250,456.2981,3,8.3333,1.5872,3,6
10,3,424.2688,365.2527,3,8.2222,1.5872,3,4
10,3,299.1590,452.2986,3,9.0000,1.5872,3,5
10,3,166.2341,447.0684,3,12.4444,1.5872,3,7
10,3,377.0127,432.0720,3,11.2222,1.5872,3,6
10,3,449.0253,348.1498,3,17.2222,1.5872,3,10
10,3,351.3784,448.2355,3,10.7778,1.5872,3,8
10,3,193.4464,461.1310,3,27.4444,1.5872,3,19
10,3,273.3327,470.0669,3,11.2222,1.5872,3,7
10,3,402.2805,413.4253,3,14.6667,1.5872,3,10
10,3,221.1976,474.2452,3,8.5556,1.5872,3,5
10,3,427.1716,397.0174,3,7.7778,1.5872,3,5
10,3,327.2639,465.1605,3,5.4444,1.5872,3,4
10,3,452.0160,378.2146,3,7.6667,1.5872,3,5
10,3,249.0726,487.2055,3,11.2222,1.5872,3,7
10,3,302.0608,483.0939,3,8.1111,1.5872,3,5
10,3,405.0042,443.1878,3,11.5556,1.5872,3,6
10,3,380.1128,462.1051,3,7.2222,1.5872,3,6
10,3,429.2833,426.3992,3,11.7778,1.5872,3,8
10,3,354.1806,478.4287,3,15.3333,1.5872,3,10
10,3,276.2895,500.1023,3,10.1111,1.5872,3,7
10,3,329.1936,496.0588,3,9.2222,1.5872,3,5
1,4,256.1889,256.1329,3,197.0000,1.4517,3,190
1,4,281.4820,239.0994,3,160.1111,1.4517,3,126
1,4,229.4132,242.2568,3,184.6667,1.4517,3,140
1,4,284.1591,268.4228,3,198.4444,1.4517,3,158
1,4,231.4505,273.5165,3,134.8889,1.4517,3,103
1,4,254.4488,225.3010,3,82.5556,1.4517,3,68
1,4,259.3949,287.0026,3,155.4444,1.4517,3,113
1,4,203.4791,260.0322,3,210.5556,1.4517,3,171
1,4,308.3768,252.1587,3,198.1111,1.4517,3,156
1,4,279.3853,209.0874,3,207.5556,1.4517,3,161
1,4,227.3778,212.3263,3,68.7778,1.4517,3,56
1,4,287.0726,299.3285,3,180.4444,1.4517,3,136
1,4,233.4898,305.1841,3,204.7778,1.4517,3,166
1,4,262.2542,316.4257,3,90.8889,1.4517,3,73
1,4,202.4786,229.2233,3,78.5556,1.4517,3,64
1,4,206.3580,290.3897,3,98.7778,1.4517,3,80
1,4,311.4885,282.2912,3,85.8889,1.4517,3,73
1,4,252.1618,195.2059,3,27.4444,1.4517,3,21
1,4,307.0913,221.5826,3,174.0000,1.4517,3,125
1,4,177.2176,246.2493,3,85.1111,1.4517,3,62
1,4,179.1500,277.2774,3,88.4444,1.4517,3,62
1,4,199.2246,198.4004,3,10.5556,1.4517,3,8
1,4,304.1664,192.1731,3,80.3333,1.4517,3,57
1,4,336.3241,265.2549,3,67.1111,1.4517,3,53
1,4,314.2450,312.3445,3,74.0000,1.4517,3,56
1,4,277.0831,178.1538,3,12.6667,1.4517,3,11
1,4,289.5122,330.1160,3,79.7778,1.4517,3,53
1,4,209.0406,322.0339,3,68.3333,1.4517,3,48
1,4,334.3540,234.5326,3,134.0000,1.4517,3,99
1,4,236.3286,334.4716,3,47.0000,1.4517,3,39
1,4,224.2472,181.3405,3,9.1111,1.4517,3,7
1,4,174.3657,216.2132,3,11.8889,1.4517,3,9
1,4,181.3281,308.1332,3,83.6667,1.4517,3,61
1,4,339.3590,295.4845,3,100.4444,1.4517,3,84
1,4,331.4741,204.4850,3,126.1111,1.4517,3,108
1,4,250.0157,164.1850,3,8.8889,1.4517,3,6
1,4,264.4344,348.0359,3,117.8889,1.4517,3,83
1,4,152.1942,263.4926,3,65.8889,1.4517,3,49
1,4,361.0655,248.2839,3,102.4444,1.4517,3,74
1,4,302.0493,161.1408,3,17.0000,1.4517,3,12
1,4,211.2039,352.4022,3,108.0000,1.4517,3,80
1,4,317.1712,343.2105,3,70.5556,1.4517,3,50
1,4,150.2074,233.0540,3,7.2222,1.4517,3,5
1,4,154.1040,294.2475,3,91.1111,1.4517,3,61
1,4,341.4888,325.4584,3,44.4444,1.4517,3,37
1,4,359.1188,218.0167,3,62.6667,1.4517,3,44
1,4,183.4402,338.2104,3,38.2222,1.4517,3,30
1,4,329.3084,174.0575,3,12.6667,1.4517,3,9
1,4,292.0976,360.4163,3,37.3333,1.4517,3,28
1,4,239.1634,365.2565,3,42.0000,1.4517,3,33
1,4,363.5093,279.0297,3,30.7778,1.4517,3,22
1,4,356.1956,188.0761,3,37.2222,1.4517,3,26
1,4,156.2870,325.1913,3,70.7778,1.4517,3,54
1,4,366.4576,309.0951,3,48.3333,1.4517,3,37
1,4,267.0497,378.2197,3,45.6667,1.4517,3,33
1,4,386.3565,230.4952,3,38.2222,1.4517,3,32
1,4,214.2991,382.1266,3,30.0000,1.4517,3,23
1,4,186.4157,369.2330,3,25.1111,1.4517,3,20
1,4,389.1981,261.2317,3,38.4444,1.4517,3,26
1,4,319.1440,374.1646,3,36.6667,1.4517,3,27
1,4,344.1772,357.1435,3,25.8889,1.4517,3,18
1,4,130.1784,311.3003,3,78.4444,1.4517,3,53
1,4,383.3466,201.0285,3,42.0000,1.4517,3,32
1,4,159.2678,355.3774,3,36.1111,1.4517,3,28
1,4,241.5121,395.2161,3,31.2222,1.4517,3,21
1,4,294.3214,390.4408,3,40.2222,1.4517,3,33
1,4,391.4196,291.2335,3,27.4444,1.4517,3,22
1,4,369.3225,339.4139,3,27.8889,1.4517,3,20
1,4,131.3845,342.2741,3,76.4444,1.4517,3,54
1,4,269.0372,408.4424,3,40.3333,1.4517,3,29
1,4,394.1939,322.0466,3,32.7778,1.4517,3,24
1,4,190.0049,398.4992,3,36.6667,1.4517,3,26
1,4,414.4227,244.2163,3,33.3333,1.4517,3,26
1,4,410.3857,213.3218,3,9.3333,1.4517,3,10
1,4,347.1180,388.0184,3,33.3333,1.4517,3,22
1,4,216.4651,412.4251,3,25.5556,1.4517,3,22
1,4,416.1099,274.1732,3,37.3333,1.4517,3,25
1,4,161.2351,386.2241,3,35.7778,1.4517,3,24
1,4,322.1110,404.1799,3,11.3333,1.4517,3,9
1,4,372.1510,369.3335,3,19.3333,1.4517,3,14
1,4,134.2069,372.4274,3,46.3333,1.4517,3,32
1,4,396.3814,352.4304,3,24.1111,1.4517,3,19
1,4,419.0694,305.1589,3,44.2222,1.4517,3,29
1,4,243.2641,426.3582,3,20.0000,1.4517,3,16
1,4,231.4990,87.1397,3,27.5556,1.4517,3,20
1,4,296.3573,422.3979,3,18.1111,1.4517,3,15
1,4,284.5026,83.1789,3,22.0000,1.4517,3,14
1,4,153.1558,109.0339,3,6.2222,1.4517,3,5
1,4,179.1713,92.2413,3,7.3333,1.4517,3,6
1,4,439.3796,257.1957,3,14.8889,1.4517,3,11
1,4,272.0724,438.2720,3,7.0000,1.4517,3,6
1,4,422.3366,335.1634,3,16.2222,1.4517,3,12
1,4,256.3333,71.2019,3,7.1111,1.4517,3,6
1,4,81.1524,195.2198,3,9.6667,1.4517,3,6
1,4,163.2998,417.0388,3,19.4444,1.4517,3,14
1,4,349.0977,417.3648,3,13.7778,1.4517,3,10
1,4,374.1622,400.1564,3,11.5556,1.4517,3,8
1,4,191.0831,430.3453,3,14.7778,1.4517,3,11
1,4,137.1239,402.3848,3,10.8889,1.4517,3,8
1,4,219.2525,443.0627,3,12.5556,1.4517,3,8
1,4,443.4079,287.4149,3,17.2222,1.4517,3,12
1,4,399.2225,383.1866,3,9.0000,1.4517,3,5
1,4,324.0839,435.1040,3,9.0000,1.4517,3,6
1,4,61.2336,274.1963,3,13.2222,1.4517,3,8
1,4,446.2906,318.1721,3,13.7778,1.4517,3,10
1,4,246.1361,456.2880,3,8.3333,1.4517,3,6
1,4,424.2342,365.2068,3,8.2222,1.4517,3,4
1,4,299.1651,452.3083,3,8.7778,1.4517,3,5
1,4,166.2800,447.0420,3,12.1111,1.4517,3,7
1,4,376.3612,432.1630,3,8.7778,1.4517,3,7
1,4,449.0212,348.1264,3,16.7778,1.4517,3,11
1,4,193.4314,461.1653,3,26.2222,1.4517,3,18
1,4,351.3971,448.2592,3,10.7778,1.4517,3,8
1,4,273.3294,470.0595,3,11.1111,1.4517,3,7
1,4,402.2628,413.4225,3,14.1111,1.4517,3,10
1,4,221.2332,474.2548,3,8.5556,1.4517,3,5
1,4,427.1794,397.0293,3,7.7778,1.4517,3,4
1,4,327.2639,465.1605,3,5.4444,1.4517,3,4
1,4,452.0319,378.1785,3,7.4444,1.4517,3,5
1,4,249.0667,487.1982,3,11.1111,1.4517,3,7
1,4,302.0639,483.0861,3,8.1111,1.4517,3,5
1,4,405.0208,443.2221,3,10.8889,1.4517,3,5
1,4,380.1126,462.0785,3,7.2222,1.4517,3,5
1,4,429.2692,426.3981,3,11.6667,1.4517,3,8
1,4,354.1927,478.4360,3,15.1111,1.4517,3,10
1,4,276.3135,500.0840,3,10.1111,1.4517,3,7
1,4,329.1840,496.0531,3,9.2222,1.4517,3,5
2,4,256.1884,256.1330,3,197.0000,1.5248,3,190
2,4,229.4146,242.2568,3,184.5556,1.5248,3,140
2,4,284.1589,268.4215,3,198.4444,1.5248,3,158
2,4,281.5075,238.6313,3,185.4444,1.5248,3,125
2,4,231.4491,273.5186,3,134.8889,1.5248,3,103
2,4,254.4480,225.3021,3,82.5556,1.5248,3,68
2,4,259.3962,287.0007,3,155.4444,1.5248,3,113
2,4,203.4781,260.0322,3,210.4444,1.5248,3,171
2,4,308.3789,252.1573,3,198.1111,1.5248,3,155
2,4,279.3856,209.0884,3,207.5556,1.5248,3,161
2,4,227.3791,212.3251,3,68.7778,1.5248,3,56
2,4,287.0722,299.3282,3,180.3333,1.5248,3,136
2,4,233.4908,305.1849,3,204.7778,1.5248,3,166
2,4,262.2588,316.4254,3,90.5556,1.5248,3,72
2,4,202.4808,229.2214,3,78.4444,1.5248,3,64
2,4,206.3567,290.3879,3,98.7778,1.5248,3,80
2,4,311.4913,282.2936,3,85.8889,1.5248,3,73
2,4,252.1626,195.2112,3,27.4444,1.5248,3,21
2,4,307.0917,221.5845,3,173.6667,1.5248,3,126
2,4,177.2132,246.2525,3,85.1111,1.5248,3,62
2,4,179.1520,277.2769,3,88.2222,1.5248,3,62
2,4,199.2241,198.4080,3,10.4444,1.5248,3,8
2,4,304.1671,192.1714,3,80.2222,1.5248,3,57
2,4,336.3232,265.2562,3,67.1111,1.5248,3,53
2,4,314.2442,312.3455,3,73.8889,1.5248,3,56
2,4,277.0882,178.1533,3,12.5556,1.5248,3,10
2,4,289.5133,330.1177,3,79.7778,1.5248,3,53
2,4,209.0453,322.0312,3,68.3333,1.5248,3,48
2,4,334.3544,234.5322,3,134.0000,1.5248,3,99
2,4,236.3292,334.4768,3,47.0000,1.5248,3,39
2,4,224.2368,181.3513,3,9.1111,1.5248,3,7
2,4,174.3668,216.2080,3,11.8889,1.5248,3,9
2,4,181.3314,308.1315,3,83.5556,1.5248,3,61
2,4,339.3631,295.4826,3,100.2222,1.5248,3,84
2,4,331.4733,204.4863,3,126.0000,1.5248,3,108
2,4,249.2666,164.2002,3,8.7778,1.5248,3,6
2,4,264.4359,348.0360,3,117.8889,1.5248,3,83
2,4,152.1908,263.4926,3,65.8889,1.5248,3,49
2,4,361.0667,248.2850,3,102.4444,1.5248,3,74
2,4,302.0518,161.1454,3,16.8889,1.5248,3,12
2,4,211.2045,352.4026,3,107.6667,1.5248,3,80
2,4,317.1673,343.2089,3,70.5556,1.5248,3,50
2,4,150.2026,233.1006,3,7.2222,1.5248,3,5
2,4,154.1064,294.2471,3,91.1111,1.5248,3,61
2,4,341.4915,325.4552,3,44.3333,1.5248,3,37
2,4,359.1135,218.0163,3,62.6667,1.5248,3,44
2,4,183.4443,338.2032,3,38.1111,1.5248,3,29
2,4,329.3066,174.0745,3,12.6667,1.5248,3,9
2,4,239.1652,365.2584,3,42.0000,1.5248,3,33
2,4,363.5265,279.0248,3,30.7778,1.5248,3,22
2,4,292.1060,360.4160,3,37.2222,1.5248,3,28
2,4,356.2037,188.0816,3,37.2222,1.5248,3,26
2,4,156.2896,325.1918,3,70.5556,1.5248,3,53
2,4,366.4559,309.0970,3,48.0000,1.5248,3,37
2,4,267.0501,378.2312,3,45.6667,1.5248,3,33
2,4,386.3577,230.5060,3,43.6667,1.5248,3,32
2,4,214.3019,382.1263,3,30.0000,1.5248,3,23
2,4,186.4224,369.2367,3,25.1111,1.5248,3,20
2,4,389.1959,261.2348,3,38.4444,1.5248,3,26
2,4,319.1428,374.1614,3,36.6667,1.5248,3,27
2,4,344.1829,357.1585,3,25.8889,1.5248,3,17
2,4,130.1820,311.2996,3,78.2222,1.5248,3,53
2,4,383.3363,201.0263,3,42.0000,1.5248,3,32
2,4,159.2638,355.3699,3,36.1111,1.5248,3,28
2,4,241.5017,395.2190,3,31.2222,1.5248,3,21
2,4,294.3162,390.4565,3,39.6667,1.5248,3,33
2,4,391.4430,291.2489,3,27.4444,1.5248,3,22
2,4,369.3259,339.4052,3,27.8889,1.5248,3,20
2,4,131.3860,342.2744,3,76.4444,1.5248,3,54
2,4,268.5823,408.4542,3,40.0000,1.5248,3,29
2,4,394.1930,322.0436,3,32.7778,1.5248,3,24
2,4,190.0049,398.4992,3,36.6667,1.5248,3,26
2,4,414.4227,244.2163,3,33.3333,1.5248,3,26
2,4,410.3919,213.3142,3,9.3333,1.5248,3,10
2,4,347.1178,388.0155,3,33.3333,1.5248,3,22
2,4,416.1242,274.1806,3,37.2222,1.5248,3,24
2,4,161.2293,386.2253,3,35.7778,1.5248,3,24
2,4,216.4556,412.4280,3,25.5556,1.5248,3,22
2,4,372.1600,369.3456,3,19.0000,1.5248,3,14
2,4,322.1110,404.1799,3,11.3333,1.5248,3,9
2,4,134.2211,372.4329,3,46.3333,1.5248,3,32
2,4,396.3800,352.4361,3,24.1111,1.5248,3,19
2,4,419.0648,305.1582,3,44.2222,1.5248,3,29
2,4,243.2687,426.3531,3,20.0000,1.5248,3,16
2,4,231.5068,87.1451,3,32.3333,1.5248,3,20
2,4,296.3674,422.3971,3,18.1111,1.5248,3,15
2,4,284.4868,83.1772,3,19.3333,1.5248,3,14
2,4,179.0952,92.2133,3,7.3333,1.5248,3,5
2,4,272.0718,438.2656,3,6.8889,1.5248,3,5
2,4,439.3842,257.1786,3,14.3333,1.5248,3,10
2,4,422.3402,335.1577,3,15.4444,1.5248,3,11
2,4,257.0413,71.1606,3,8.1111,1.5248,3,5
2,4,81.0967,195.2312,3,9.6667,1.5248,3,6
2,4,163.3002,417.0718,3,19.0000,1.5248,3,12
2,4,374.1725,400.1647,3,11.3333,1.5248,3,8
2,4,191.0953,430.3806,3,14.3333,1.5248,3,11
2,4,349.0739,418.0076,3,15.2222,1.5248,3,9
2,4,137.1123,402.3833,3,10.7778,1.5248,3,7
2,4,443.4308,287.4164,3,16.7778,1.5248,3,12
2,4,219.2174,443.1007,3,12.1111,1.5248,3,9
2,4,399.2312,383.1852,3,8.8889,1.5248,3,5
2,4,324.0682,435.1159,3,8.7778,1.5248,3,6
2,4,61.2246,274.1930,3,12.6667,1.5248,3,8
2,4,58.2188,243.1224,3,6.4444,1.5248,3,4
2,4,446.2936,318.2030,3,13.4444,1.5248,3,10
2,4,246.1281,456.3153,3,8.1111,1.5248,3,6
2,4,424.2472,365.1972,3,7.8889,1.5248,3,4
2,4,299.1596,452.2934,3,8.7778,1.5248,3,6
2,4,166.3024,447.0429,3,12.0000,1.5248,3,7
2,4,377.0134,432.2076,3,10.7778,1.5248,3,7
2,4,448.4722,348.1072,3,14.7778,1.5248,3,11
2,4,193.4368,461.1849,3,25.0000,1.5248,3,17
2,4,352.0146,448.2349,3,11.1111,1.5248,3,8
2,4,273.2963,470.1069,3,10.8889,1.5248,3,7
2,4,402.2605,413.4114,3,14.1111,1.5248,3,10
2,4,427.1845,397.0420,3,7.6667,1.5248,3,4
2,4,221.2073,474.2756,3,8.2222,1.5248,3,5
2,4,327.2460,465.1578,3,5.4444,1.5248,3,4
2,4,249.0508,487.1870,3,10.8889,1.5248,3,6
2,4,451.3924,378.2408,3,6.7778,1.5248,3,5
2,4,302.0464,483.0847,3,8.0000,1.5248,3,5
2,4,405.0336,443.2287,3,10.6667,1.5248,3,5
2,4,380.0814,462.0969,3,7.2222,1.5248,3,5
2,4,429.2299,426.3640,3,11.2222,1.5248,3,8
2,4,354.1850,478.4342,3,14.5556,1.5248,3,11
2,4,276.3195,500.0788,3,10.0000,1.5248,3,6
2,4,329.1650,496.0526,3,9.0000,1.5248,3,5
3,4,256.1885,256.1327,3,197.0000,1.4562,3,190
3,4,229.4148,242.2548,3,184.4444,1.4562,3,140
3,4,284.1590,268.4221,3,198.3333,1.4562,3,158
3,4,281.5072,238.6306,3,185.4444,1.4562,3,125
3,4,231.4495,273.5181,3,134.7778,1.4562,3,103
3,4,254.4496,225.3000,3,82.5556,1.4562,3,68
3,4,259.4088,286.5266,3,155.2222,1.4562,3,113
3,4,203.4779,260.0321,3,210.4444,1.4562,3,171
3,4,308.3787,252.1584,3,198.0000,1.4562,3,155
3,4,279.3853,209.0894,3,207.5556,1.4562,3,161
3,4,227.3779,212.3260,3,68.7778,1.4562,3,56
3,4,287.0722,299.3282,3,180.3333,1.4562,3,135
3,4,233.4898,305.1858,3,204.7778,1.4562,3,166
3,4,262.2593,316.4246,3,90.5556,1.4562,3,72
3,4,202.4815,229.2213,3,78.4444,1.4562,3,64
3,4,206.3578,290.3893,3,98.7778,1.4562,3,80
3,4,252.1632,195.2127,3,27.2222,1.4562,3,21
3,4,307.0722,222.0315,3,173.6667,1.4562,3,124
3,4,311.4929,282.2943,3,85.8889,1.4562,3,72
3,4,177.2157,246.2533,3,85.0000,1.4562,3,62
3,4,179.1495,277.2793,3,88.2222,1.4562,3,62
3,4,199.2314,198.4157,3,10.4444,1.4562,3,8
3,4,304.1671,192.1714,3,80.2222,1.4562,3,57
3,4,224.2436,181.3337,3,9.0000,1.4562,3,6
3,4,336.3232,265.2562,3,67.1111,1.4562,3,53
3,4,314.2434,312.3440,3,73.8889,1.4562,3,56
3,4,277.0956,178.1407,3,12.5556,1.4562,3,10
3,4,289.5119,330.1150,3,79.7778,1.4562,3,53
3,4,209.0453,322.0312,3,68.3333,1.4562,3,48
3,4,334.3547,234.5324,3,134.0000,1.4562,3,99
3,4,236.3197,335.0007,3,55.4444,1.4562,3,39
3,4,174.3665,216.2093,3,11.8889,1.4562,3,9
3,4,181.3314,308.1315,3,83.5556,1.4562,3,61
3,4,339.3642,295.4837,3,100.2222,1.4562,3,84
3,4,331.4724,204.4868,3,126.0000,1.4562,3,108
3,4,249.2576,164.2051,3,8.7778,1.4562,3,6
3,4,264.4354,348.0348,3,117.8889,1.4562,3,83
3,4,152.1928,263.4938,3,65.7778,1.4562,3,49
3,4,361.0676,248.2860,3,102.4444,1.4562,3,74
3,4,302.0350,161.1562,3,16.7778,1.4562,3,12
3,4,211.2057,352.4038,3,107.6667,1.4562,3,80
3,4,317.1648,343.2068,3,70.5556,1.4562,3,50
3,4,150.1891,233.0924,3,7.2222,1.4562,3,5
3,4,154.1071,294.2463,3,91.1111,1.4562,3,61
3,4,341.4968,325.4525,3,44.3333,1.4562,3,37
3,4,359.1139,218.0121,3,62.6667,1.4562,3,44
3,4,183.4429,338.1995,3,38.1111,1.4562,3,29
3,4,329.3171,174.0856,3,12.6667,1.4562,3,8
3,4,239.1667,365.2566,3,42.0000,1.4562,3,33
3,4,363.5265,279.0248,3,30.7778,1.4562,3,22
3,4,292.1055,360.4126,3,37.2222,1.4562,3,28
3,4,356.2062,188.0802,3,37.1111,1.4562,3,26
3,4,156.2896,325.1918,3,70.5556,1.4562,3,53
3,4,366.4558,309.0982,3,48.0000,1.4562,3,37
3,4,267.0528,378.2299,3,45.6667,1.4562,3,33
3,4,386.3559,230.5072,3,43.6667,1.4562,3,32
3,4,214.3031,382.1265,3,30.0000,1.4562,3,23
3,4,186.4258,369.2328,3,25.1111,1.4562,3,20
3,4,389.1959,261.2348,3,38.4444,1.4562,3,26
3,4,319.1396,374.1609,3,36.6667,1.4562,3,27
3,4,344.2070,357.1813,3,25.8889,1.4562,3,17
3,4,130.1820,311.2996,3,78.2222,1.4562,3,53
3,4,383.3363,201.0263,3,41.8889,1.4562,3,32
3,4,159.2632,355.3728,3,36.1111,1.4562,3,28
3,4,241.5017,395.2222,3,31.2222,1.4562,3,21
3,4,294.3039,391.0025,3,44.1111,1.4562,3,33
3,4,391.4463,291.2453,3,27.4444,1.4562,3,22
3,4,369.3265,339.4023,3,27.8889,1.4562,3,20
3,4,131.3847,342.2765,3,76.4444,1.4562,3,54
3,4,394.1930,322.0436,3,32.7778,1.4562,3,24
3,4,269.0408,408.4595,3,39.8889,1.4562,3,28
3,4,190.0049,398.4992,3,36.6667,1.4562,3,26
3,4,414.4270,244.2195,3,33.3333,1.4562,3,26
3,4,410.3919,213.3142,3,9.3333,1.4562,3,10
3,4,347.1094,388.0247,3,33.3333,1.4562,3,22
3,4,416.1242,274.1806,3,37.2222,1.4562,3,24
3,4,161.2223,386.2302,3,35.7778,1.4562,3,24
3,4,216.4522,412.4288,3,25.5556,1.4562,3,22
3,4,372.1604,369.3527,3,19.0000,1.4562,3,14
3,4,322.1110,404.1799,3,11.3333,1.4562,3,9
3,4,134.2203,372.4354,3,46.3333,1.4562,3,32
3,4,396.3780,352.4380,3,24.1111,1.4562,3,19
3,4,419.0562,305.1579,3,44.2222,1.4562,3,29
3,4,243.2687,426.3531,3,20.0000,1.4562,3,16
3,4,231.5068,87.1451,3,32.3333,1.4562,3,20
3,4,296.3731,422.3980,3,18.1111,1.4562,3,15
3,4,285.0133,83.2394,3,21.2222,1.4562,3,14
3,4,153.1011,109.0121,3,5.7778,1.4562,3,5
3,4,179.0307,92.1609,3,7.1111,1.4562,3,5
3,4,439.3521,257.1602,3,13.6667,1.4562,3,10
3,4,272.0564,438.2578,3,6.8889,1.4562,3,5
3,4,422.3099,335.1579,3,14.5556,1.4562,3,11
3,4,257.0533,71.1145,3,8.0000,1.4562,3,5
3,4,81.2173,195.2901,3,9.1111,1.4562,3,7
3,4,163.3253,417.0625,3,18.6667,1.4562,3,12
3,4,374.2316,400.1004,3,11.2222,1.4562,3,8
3,4,191.0807,430.3607,3,14.1111,1.4562,3,11
3,4,349.0782,417.3559,3,13.3333,1.4562,3,9
3,4,137.2258,402.3986,3,10.4444,1.4562,3,7
3,4,219.2115,443.1319,3,11.2222,1.4562,3,8
3,4,443.4595,287.3799,3,15.3333,1.4562,3,11
3,4,399.2053,383.1667,3,8.6667,1.4562,3,5
3,4,324.0780,435.1032,3,8.4444,1.4562,3,6
3,4,61.2110,274.1760,3,12.5556,1.4562,3,8
3,4,446.2887,318.1718,3,12.7778,1.4562,3,9
3,4,246.1397,456.2745,3,8.1111,1.4562,3,6
3,4,424.2214,365.1267,3,7.8889,1.4562,3,4
3,4,299.1277,452.2689,3,8.3333,1.4562,3,5
3,4,166.3598,447.0549,3,11.8889,1.4562,3,7
3,4,377.0157,432.2133,3,9.8889,1.4562,3,6
3,4,448.4330,348.0997,3,14.3333,1.4562,3,10
3,4,193.4550,461.1227,3,24.4444,1.4562,3,16
3,4,273.3233,470.1443,3,9.6667,1.4562,3,7
3,4,351.3624,448.3865,3,9.1111,1.4562,3,7
3,4,402.2898,414.0207,3,12.2222,1.4562,3,9
3,4,221.2433,474.2653,3,8.1111,1.4562,3,5
3,4,427.1623,397.0383,3,7.5556,1.4562,3,5
3,4,249.1748,487.3575,3,9.8889,1.4562,3,6
3,4,452.0180,378.2458,3,7.3333,1.4562,3,5
3,4,404.3138,443.2589,3,8.4444,1.4562,3,5
3,4,379.3528,462.0444,3,6.0000,1.4562,3,5
3,4,429.1911,426.3795,3,11.1111,1.4562,3,8
3,4,354.1505,479.0381,3,14.6667,1.4562,3,9
3,4,276.2792,500.1042,3,10.0000,1.4562,3,6
3,4,329.1562,496.0361,3,8.7778,1.4562,3,5
4,4,256.1889,256.1324,3,197.0000,1.3271,3,190
4,4,229.4147,242.2549,3,184.3333,1.3271,3,140
4,4,284.1581,268.4209,3,198.3333,1.3271,3,158
4,4,281.5077,238.6289,3,185.2222,1.3271,3,125
4,4,231.4519,273.5183,3,134.6667,1.3271,3,103
4,4,254.4571,225.3001,3,82.5556,1.3271,3,68
4,4,259.4095,286.5275,3,155.1111,1.3271,3,113
4,4,203.4776,260.0320,3,210.4444,1.3271,3,171
4,4,308.3775,252.1571,3,198.0000,1.3271,3,155
4,4,279.3860,209.0892,3,207.5556,1.3271,3,161
4,4,227.3795,212.3249,3,68.6667,1.3271,3,56
4,4,287.0731,299.3277,3,180.3333,1.3271,3,135
4,4,233.4907,305.1848,3,204.7778,1.3271,3,166
4,4,262.2594,316.4243,3,90.5556,1.3271,3,72
4,4,202.4808,229.2225,3,78.4444,1.3271,3,64
4,4,206.3615,290.3918,3,98.6667,1.3271,3,80
4,4,252.1559,195.2134,3,27.2222,1.3271,3,21
4,4,307.0726,222.0319,3,173.6667,1.3271,3,124
4,4,311.4932,282.2960,3,85.8889,1.3271,3,72
4,4,177.2169,246.2532,3,85.0000,1.3271,3,62
4,4,179.1501,277.2811,3,88.1111,1.3271,3,62
4,4,199.2416,198.4172,3,10.4444,1.3271,3,8
4,4,304.1680,192.1718,3,80.1111,1.3271,3,57
4,4,224.2599,181.3345,3,9.0000,1.3271,3,6
4,4,336.3226,265.2530,3,67.0000,1.3271,3,53
4,4,314.2422,312.3429,3,73.8889,1.3271,3,56
4,4,277.1119,178.1604,3,12.5556,1.3271,3,10
4,4,289.5111,330.1138,3,79.7778,1.3271,3,53
4,4,209.0432,322.0342,3,68.3333,1.3271,3,48
4,4,334.3554,234.5331,3,134.0000,1.3271,3,99
4,4,236.3170,335.0022,3,55.3333,1.3271,3,39
4,4,174.3582,216.2109,3,11.8889,1.3271,3,9
4,4,181.3318,308.1268,3,83.5556,1.3271,3,61
4,4,339.3677,295.4863,3,99.8889,1.3271,3,84
4,4,331.4724,204.4868,3,126.0000,1.3271,3,108
4,4,249.2602,164.1870,3,8.7778,1.3271,3,6
4,4,264.4377,348.0409,3,117.8889,1.3271,3,83
4,4,152.1946,263.4893,3,65.7778,1.3271,3,49
4,4,361.0673,248.2853,3,102.4444,1.3271,3,73
4,4,302.0343,161.1557,3,16.7778,1.3271,3,11
4,4,211.2057,352.4038,3,107.6667,1.3271,3,80
4,4,317.1648,343.2068,3,70.5556,1.3271,3,50
4,4,150.1667,233.0900,3,7.1111,1.3271,3,5
4,4,154.1054,294.2491,3,91.1111,1.3271,3,61
4,4,341.4989,325.4561,3,44.1111,1.3271,3,37
4,4,359.1226,218.0160,3,62.5556,1.3271,3,44
4,4,183.4448,338.1998,3,38.1111,1.3271,3,29
4,4,329.3043,174.0773,3,12.6667,1.3271,3,8
4,4,239.1654,365.2592,3,42.0000,1.3271,3,33
4,4,363.5378,279.0382,3,30.7778,1.3271,3,22
4,4,292.1062,360.4129,3,37.2222,1.3271,3,28
4,4,356.2034,188.0793,3,37.1111,1.3271,3,26
4,4,156.2880,325.1896,3,70.4444,1.3271,3,53
4,4,366.4584,309.0922,3,48.0000,1.3271,3,37
4,4,267.0503,378.2335,3,45.4444,1.3271,3,33
4,4,386.3578,230.5000,3,43.4444,1.3271,3,32
4,4,214.3088,382.1274,3,30.0000,1.3271,3,23
4,4,186.4231,369.2316,3,25.1111,1.3271,3,20
4,4,389.1959,261.2348,3,38.4444,1.3271,3,26
4,4,319.1406,374.1593,3,36.6667,1.3271,3,27
4,4,344.2014,357.1831,3,25.8889,1.3271,3,17
4,4,130.1820,311.2996,3,78.2222,1.3271,3,53
4,4,383.3366,201.0266,3,41.7778,1.3271,3,32
4,4,159.2667,355.3680,3,36.1111,1.3271,3,28
4,4,241.4974,395.2247,3,28.1111,1.3271,3,21
4,4,294.3076,391.0148,3,44.0000,1.3271,3,33
4,4,391.4435,291.2562,3,27.4444,1.3271,3,22
4,4,369.3260,339.4029,3,27.8889,1.3271,3,20
4,4,131.3871,342.2730,3,76.4444,1.3271,3,54
4,4,394.1879,322.0450,3,32.7778,1.3271,3,24
4,4,269.0397,408.4685,3,39.6667,1.3271,3,28
4,4,190.0038,398.5030,3,38.7778,1.3271,3,26
4,4,414.4258,244.2232,3,33.0000,1.3271,3,26
4,4,410.4099,213.3163,3,9.2222,1.3271,3,10
4,4,347.1058,388.0226,3,33.3333,1.3271,3,22
4,4,416.1187,274.1833,3,36.8889,1.3271,3,24
4,4,161.2186,386.2369,3,35.7778,1.3271,3,24
4,4,216.4477,412.4384,3,25.5556,1.3271,3,22
4,4,372.1662,369.3500,3,19.0000,1.3271,3,14
4,4,322.1155,404.1759,3,11.3333,1.3271,3,9
4,4,134.2203,372.4354,3,46.3333,1.3271,3,32
4,4,396.3981,352.4367,3,24.1111,1.3271,3,19
4,4,419.0553,305.1559,3,44.2222,1.3271,3,29
4,4,243.2724,426.3684,3,20.0000,1.3271,3,16
4,4,231.5068,87.1451,3,32.3333,1.3271,3,20
4,4,296.3748,422.4186,3,18.1111,1.3271,3,15
4,4,285.0053,83.2413,3,21.1111,1.3271,3,14
4,4,179.0307,92.1609,3,7.1111,1.3271,3,5
4,4,439.3348,257.1517,3,13.4444,1.3271,3,9
4,4,272.1235,439.0134,3,7.6667,1.3271,3,5
4,4,422.3218,335.1239,3,14.2222,1.3271,3,10
4,4,257.0455,71.1045,3,8.0000,1.3271,3,5
4,4,81.2402,195.3035,3,8.8889,1.3271,3,7
4,4,191.0833,430.3606,3,13.8889,1.3271,3,10
4,4,163.3390,417.0688,3,18.1111,1.3271,3,13
4,4,374.2319,400.1069,3,10.8889,1.3271,3,8
4,4,349.0747,417.3399,3,13.1111,1.3271,3,9
4,4,137.2294,402.3824,3,10.3333,1.3271,3,7
4,4,443.4753,287.3627,3,15.0000,1.3271,3,11
4,4,219.1996,443.1187,3,10.8889,1.3271,3,8
4,4,399.1959,383.1691,3,8.5556,1.3271,3,5
4,4,324.0958,435.1189,3,8.2222,1.3271,3,6
4,4,61.2216,274.1702,3,12.3333,1.3271,3,8
4,4,446.3004,318.1488,3,12.6667,1.3271,3,9
4,4,246.1444,456.2630,3,8.1111,1.3271,3,6
4,4,424.2143,365.1275,3,7.8889,1.3271,3,4
4,4,299.1379,452.2611,3,8.2222,1.3271,3,5
4,4,166.3471,447.0661,3,11.5556,1.3271,3,6
4,4,377.0369,432.2020,3,9.6667,1.3271,3,6
4,4,448.4372,348.0959,3,14.0000,1.3271,3,10
4,4,193.4620,461.1226,3,23.7778,1.3271,3,16
4,4,351.3644,448.3978,3,8.8889,1.3271,3,7
4,4,273.3490,470.1682,3,9.5556,1.3271,3,7
4,4,402.3056,414.0420,3,12.1111,1.3271,3,9
4,4,427.1419,397.0252,3,7.5556,1.3271,3,5
4,4,221.2313,474.2761,3,7.6667,1.3271,3,5
4,4,249.1614,487.3555,3,9.7778,1.3271,3,6
4,4,452.0243,378.2816,3,7.3333,1.3271,3,5
4,4,404.3106,443.2626,3,8.3333,1.3271,3,6
4,4,379.3412,462.0348,3,6.0000,1.3271,3,5
4,4,429.1870,427.0057,3,14.1111,1.3271,3,9
4,4,354.1418,479.0479,3,14.5556,1.3271,3,8
4,4,276.2992,500.0856,3,9.7778,1.3271,3,6
4,4,329.1562,496.0361,3,8.7778,1.3271,3,5
5,4,256.1889,256.1324,3,197.0000,1.3820,3,190
5,4,229.4152,242.2542,3,184.3333,1.3820,3,140
5,4,284.1581,268.4213,3,198.3333,1.3820,3,158
5,4,281.5077,238.6289,3,185.2222,1.3820,3,125
5,4,231.4519,273.5183,3,134.6667,1.3820,3,103
5,4,254.4574,225.3010,3,82.5556,1.3820,3,68
5,4,259.4101,286.5272,3,155.1111,1.3820,3,113
5,4,203.4776,260.0320,3,210.4444,1.3820,3,171
5,4,308.3775,252.1571,3,198.0000,1.3820,3,155
5,4,279.3862,209.0886,3,207.5556,1.3820,3,161
5,4,227.3784,212.3264,3,68.6667,1.3820,3,56
5,4,287.0724,299.3273,3,180.3333,1.3820,3,135
5,4,233.4902,305.1852,3,204.7778,1.3820,3,166
5,4,262.2594,316.4243,3,90.5556,1.3820,3,72
5,4,202.4808,229.2225,3,78.4444,1.3820,3,64
5,4,206.3592,290.3914,3,98.6667,1.3820,3,80
5,4,252.1559,195.2134,3,27.2222,1.3820,3,21
5,4,307.0726,222.0319,3,173.6667,1.3820,3,124
5,4,311.4932,282.2960,3,85.8889,1.3820,3,72
5,4,177.2169,246.2532,3,85.0000,1.3820,3,62
5,4,179.1501,277.2811,3,88.1111,1.3820,3,62
5,4,199.2387,198.4116,3,10.4444,1.3820,3,8
5,4,304.1680,192.1718,3,80.1111,1.3820,3,57
5,4,224.2599,181.3345,3,9.0000,1.3820,3,6
5,4,336.3226,265.2530,3,67.0000,1.3820,3,53
5,4,314.2422,312.3429,3,73.8889,1.3820,3,56
5,4,277.1012,178.1464,3,12.5556,1.3820,3,10
5,4,289.5119,330.1150,3,79.7778,1.3820,3,53
5,4,209.0430,322.0329,3,68.3333,1.3820,3,48
5,4,334.3548,234.5337,3,134.0000,1.3820,3,99
5,4,236.3161,335.0014,3,55.3333,1.3820,3,39
5,4,174.3585,216.2132,3,11.8889,1.3820,3,9
5,4,181.3318,308.1268,3,83.5556,1.3820,3,61
5,4,339.3661,295.4835,3,100.0000,1.3820,3,84
5,4,331.4724,204.4868,3,126.0000,1.3820,3,108
5,4,249.2652,164.2004,3,8.7778,1.3820,3,6
5,4,264.4377,348.0409,3,117.8889,1.3820,3,83
5,4,152.1946,263.4893,3,65.7778,1.3820,3,49
5,4,361.0673,248.2853,3,102.4444,1.3820,3,73
5,4,302.0343,161.1557,3,16.7778,1.3820,3,11
5,4,211.2057,352.4038,3,107.6667,1.3820,3,80
5,4,317.1648,343.2068,3,70.5556,1.3820,3,50
5,4,150.1667,233.0900,3,7.1111,1.3820,3,5
5,4,154.1055,294.2481,3,91.1111,1.3820,3,61
5,4,341.4989,325.4561,3,44.1111,1.3820,3,37
5,4,359.1219,218.0162,3,62.6667,1.3820,3,44
5,4,183.4448,338.1998,3,38.1111,1.3820,3,29
5,4,329.3043,174.0773,3,12.6667,1.3820,3,8
5,4,239.1654,365.2592,3,42.0000,1.3820,3,33
5,4,363.5317,279.0304,3,30.7778,1.3820,3,22
5,4,292.1062,360.4129,3,37.2222,1.3820,3,28
5,4,356.2075,188.0777,3,37.1111,1.3820,3,26
5,4,156.2892,325.1920,3,70.4444,1.3820,3,53
5,4,366.4579,309.0958,3,48.0000,1.3820,3,37
5,4,267.0503,378.2335,3,45.4444,1.3820,3,33
5,4,386.3555,230.5012,3,43.4444,1.3820,3,32
5,4,214.3088,382.1274,3,30.0000,1.3820,3,23
5,4,186.4231,369.2316,3,25.1111,1.3820,3,20
5,4,389.1959,261.2348,3,38.4444,1.3820,3,26
5,4,319.1372,374.1579,3,36.6667,1.3820,3,27
5,4,344.2014,357.1831,3,25.8889,1.3820,3,17
5,4,130.1820,311.2996,3,78.2222,1.3820,3,53
5,4,383.3366,201.0266,3,41.7778,1.3820,3,32
5,4,159.2636,355.3707,3,36.1111,1.3820,3,28
5,4,241.4974,395.2247,3,28.1111,1.3820,3,21
5,4,294.3059,391.0105,3,44.0000,1.3820,3,33
5,4,391.4393,291.2573,3,27.4444,1.3820,3,22
5,4,369.3272,339.3995,3,27.8889,1.3820,3,20
5,4,131.3860,342.2711,3,76.4444,1.3820,3,54
5,4,394.1874,322.0430,3,32.7778,1.3820,3,24
5,4,269.0397,408.4685,3,39.6667,1.3820,3,28
5,4,190.0038,398.5030,3,38.7778,1.3820,3,26
5,4,414.4266,244.2256,3,33.0000,1.3820,3,26
5,4,410.4015,213.3183,3,9.2222,1.3820,3,10
5,4,347.1058,388.0226,3,33.3333,1.3820,3,22
5,4,416.1187,274.1833,3,36.8889,1.3820,3,24
5,4,161.2214,386.2341,3,35.7778,1.3820,3,24
5,4,216.4503,412.4351,3,25.5556,1.3820,3,22
5,4,372.1662,369.3500,3,19.0000,1.3820,3,14
5,4,322.1110,404.1799,3,11.3333,1.3820,3,9
5,4,134.2203,372.4354,3,46.3333,1.3820,3,32
5,4,396.3846,352.4339,3,24.1111,1.3820,3,19
5,4,419.0532,305.1557,3,44.2222,1.3820,3,29
5,4,243.2724,426.3684,3,20.0000,1.3820,3,16
5,4,231.5068,87.1451,3,32.3333,1.3820,3,20
5,4,296.3748,422.4186,3,18.1111,1.3820,3,15
5,4,285.0166,83.2251,3,21.1111,1.3820,3,14
5,4,178.2831,92.1530,3,6.3333,1.3820,3,5
5,4,272.1182,438.3005,3,6.4444,1.3820,3,5
5,4,439.3381,257.1583,3,13.0000,1.3820,3,9
5,4,422.3155,335.1265,3,13.7778,1.3820,3,10
5,4,81.2654,195.2434,3,8.4444,1.3820,3,7
5,4,191.0942,430.3602,3,13.4444,1.3820,3,10
5,4,163.3342,417.0703,3,17.6667,1.3820,3,12
5,4,374.2465,400.1024,3,10.5556,1.3820,3,8
5,4,349.0993,417.3538,3,12.4444,1.3820,3,9
5,4,137.2143,402.3782,3,10.1111,1.3820,3,7
5,4,219.1998,443.1094,3,10.7778,1.3820,3,7
5,4,443.4640,287.3419,3,14.5556,1.3820,3,10
5,4,324.0885,435.1115,3,8.1111,1.3820,3,5
5,4,399.2022,383.1700,3,8.2222,1.3820,3,5
5,4,61.2205,274.1646,3,11.2222,1.3820,3,7
5,4,59.0373,243.1478,3,7.7778,1.3820,3,4
5,4,246.1350,456.2202,3,7.7778,1.3820,3,5
5,4,424.2014,365.1451,3,7.7778,1.3820,3,4
5,4,446.2801,318.1188,3,12.6667,1.3820,3,9
5,4,299.1329,453.0217,3,8.5556,1.3820,3,4
5,4,166.3082,447.0753,3,11.3333,1.3820,3,6
5,4,377.0222,432.1995,3,9.3333,1.3820,3,6
5,4,448.4436,348.0949,3,13.6667,1.3820,3,10
5,4,193.4599,461.1187,3,22.8889,1.3820,3,15
5,4,352.0077,448.3396,3,9.4444,1.3820,3,6
5,4,273.3163,470.1757,3,9.5556,1.3820,3,7
5,4,402.2852,414.0328,3,11.7778,1.3820,3,9
5,4,221.1684,474.2380,3,7.1111,1.3820,3,4
5,4,427.1316,397.0263,3,7.4444,1.3820,3,4
5,4,249.1524,487.2310,3,9.5556,1.3820,3,6
5,4,452.0195,378.2976,3,7.3333,1.3820,3,6
5,4,404.2576,443.1988,3,8.1111,1.3820,3,5
5,4,379.3568,462.0243,3,5.8889,1.3820,3,5
5,4,429.2222,427.0741,3,12.6667,1.3820,3,8
5,4,354.1225,479.0331,3,14.1111,1.3820,3,9
5,4,276.3298,500.1255,3,9.7778,1.3820,3,7
5,4,329.1791,496.1160,3,7.6667,1.3820,3,4
6,4,255.7165,256.1287,3,196.7778,1.3099,3,192
6,4,229.4146,242.2570,3,184.3333,1.3099,3,140
6,4,284.1598,268.4244,3,198.2222,1.3099,3,158
6,4,281.5094,238.6288,3,185.1111,1.3099,3,125
6,4,231.4520,273.5190,3,134.5556,1.3099,3,103
6,4,254.4573,225.3022,3,82.3333,1.3099,3,67
6,4,259.4013,287.0002,3,154.7778,1.3099,3,113
6,4,308.3771,252.1573,3,197.7778,1.3099,3,155
6,4,279.3866,209.0894,3,207.5556,1.3099,3,161
6,4,227.3804,212.3310,3,68.5556,1.3099,3,56
6,4,287.0743,299.3286,3,180.1111,1.3099,3,135
6,4,203.4793,260.0320,3,210.4444,1.3099,3,171
6,4,233.4921,305.1852,3,204.6667,1.3099,3,166
6,4,262.2593,316.4230,3,90.2222,1.3099,3,72
6,4,202.4886,229.2245,3,78.2222,1.3099,3,64
6,4,206.3612,290.3979,3,98.5556,1.3099,3,80
6,4,252.1658,195.2158,3,27.2222,1.3099,3,21
6,4,307.0704,222.0304,3,173.5556,1.3099,3,124
6,4,311.4970,282.2962,3,85.6667,1.3099,3,72
6,4,177.2205,246.2523,3,84.8889,1.3099,3,62
6,4,179.1456,277.2781,3,88.1111,1.3099,3,62
6,4,304.1667,192.1720,3,80.0000,1.3099,3,57
6,4,336.3211,265.2522,3,67.0000,1.3099,3,53
6,4,199.2592,198.4265,3,10.2222,1.3099,3,8
6,4,314.2374,312.3518,3,73.7778,1.3099,3,56
6,4,277.1013,178.1603,3,12.5556,1.3099,3,10
6,4,289.5126,330.1190,3,79.7778,1.3099,3,53
6,4,209.0426,322.0375,3,68.3333,1.3099,3,48
6,4,334.3565,234.5348,3,134.0000,1.3099,3,99
6,4,224.2685,181.3592,3,8.7778,1.3099,3,6
6,4,236.3166,335.0065,3,55.0000,1.3099,3,39
6,4,174.4057,216.2245,3,11.7778,1.3099,3,9
6,4,181.3364,308.1285,3,83.5556,1.3099,3,61
6,4,339.3720,295.4872,3,99.4444,1.3099,3,84
6,4,331.4751,204.4918,3,125.6667,1.3099,3,108
6,4,249.2897,164.1804,3,8.4444,1.3099,3,6
6,4,264.4407,348.0434,3,117.3333,1.3099,3,83
6,4,152.1925,263.4872,3,65.6667,1.3099,3,48
6,4,361.0683,248.2854,3,102.4444,1.3099,3,73
6,4,302.0340,161.1411,3,16.4444,1.3099,3,11
6,4,211.2041,352.4035,3,107.3333,1.3099,3,80
6,4,317.1588,343.2025,3,70.5556,1.3099,3,51
6,4,150.1347,233.1563,3,6.8889,1.3099,3,5
6,4,154.0964,294.2435,3,91.0000,1.3099,3,61
6,4,183.4575,338.1965,3,38.1111,1.3099,3,29
6,4,329.3099,174.0723,3,12.6667,1.3099,3,8
6,4,359.1304,217.5814,3,62.1111,1.3099,3,44
6,4,341.4968,325.4602,3,43.7778,1.3099,3,37
6,4,239.1503,365.2645,3,42.0000,1.3099,3,33
6,4,363.5471,279.0388,3,30.4444,1.3099,3,21
6,4,292.1127,360.4015,3,37.2222,1.3099,3,28
6,4,356.2040,188.0883,3,36.8889,1.3099,3,25
6,4,156.2927,325.1876,3,70.4444,1.3099,3,53
6,4,366.4640,309.0925,3,48.0000,1.3099,3,37
6,4,267.0628,378.2302,3,45.1111,1.3099,3,33
6,4,386.3595,230.4964,3,37.5556,1.3099,3,32
6,4,186.4122,369.2278,3,25.1111,1.3099,3,20
6,4,214.3027,382.1319,3,30.0000,1.3099,3,23
6,4,389.1832,261.2397,3,38.4444,1.3099,3,26
6,4,319.1413,374.1622,3,36.6667,1.3099,3,26
6,4,344.2116,357.1931,3,25.7778,1.3099,3,17
6,4,130.1845,311.3042,3,77.8889,1.3099,3,53
6,4,383.3482,201.0289,3,41.5556,1.3099,3,32
6,4,159.2811,355.3748,3,36.0000,1.3099,3,28
6,4,241.5159,395.2282,3,31.0000,1.3099,3,20
6,4,294.3207,391.0101,3,44.0000,1.3099,3,32
6,4,391.4527,291.2676,3,27.4444,1.3099,3,22
6,4,369.3115,339.3956,3,27.8889,1.3099,3,20
6,4,131.3866,342.2776,3,76.4444,1.3099,3,54
6,4,394.1785,322.0453,3,32.7778,1.3099,3,24
6,4,269.0423,408.4735,3,39.3333,1.3099,3,28
6,4,189.5392,398.5376,3,38.5556,1.3099,3,26
6,4,414.4269,244.2181,3,33.0000,1.3099,3,25
6,4,410.4010,213.3108,3,9.2222,1.3099,3,10
6,4,347.1026,388.0210,3,33.3333,1.3099,3,22
6,4,416.1140,274.1711,3,36.8889,1.3099,3,25
6,4,161.2154,386.2460,3,35.4444,1.3099,3,24
6,4,216.4392,412.4469,3,25.5556,1.3099,3,21
6,4,372.1514,369.3435,3,18.6667,1.3099,3,14
6,4,322.1684,404.1399,3,11.3333,1.3099,3,9
6,4,134.2151,372.4352,3,46.3333,1.3099,3,32
6,4,396.4106,352.4226,3,24.1111,1.3099,3,19
6,4,419.0701,305.1680,3,44.2222,1.3099,3,29
6,4,243.2835,426.3974,3,20.0000,1.3099,3,15
6,4,231.5292,87.1420,3,32.3333,1.3099,3,20
6,4,296.3517,422.4271,3,17.7778,1.3099,3,15
6,4,285.0353,83.1997,3,21.1111,1.3099,3,14
6,4,179.0572,92.1692,3,7.1111,1.3099,3,5
6,4,439.3160,257.1506,3,12.7778,1.3099,3,9
6,4,422.2822,335.1741,3,13.3333,1.3099,3,10
6,4,257.0301,71.0991,3,7.7778,1.3099,3,5
6,4,81.2409,195.2182,3,8.0000,1.3099,3,6
6,4,163.3340,417.0905,3,17.0000,1.3099,3,12
6,4,349.1041,417.3180,3,12.3333,1.3099,3,8
6,4,374.1774,400.2140,3,10.1111,1.3099,3,7
6,4,191.0253,430.3070,3,13.0000,1.3099,3,10
6,4,137.2458,402.3849,3,9.6667,1.3099,3,7
6,4,443.5100,287.3856,3,16.4444,1.3099,3,11
6,4,219.1916,443.0881,3,10.3333,1.3099,3,8
6,4,324.0794,435.1028,3,8.0000,1.3099,3,4
6,4,399.1877,383.1902,3,8.2222,1.3099,3,5
6,4,61.2095,274.1826,3,11.2222,1.3099,3,7
6,4,446.2825,318.1152,3,12.0000,1.3099,3,8
6,4,424.2037,365.1011,3,7.6667,1.3099,3,4
6,4,299.1368,452.2090,3,8.0000,1.3099,3,4
6,4,246.1346,456.2506,3,7.5556,1.3099,3,5
6,4,166.3233,447.0738,3,10.8889,1.3099,3,6
6,4,377.0573,432.1412,3,9.2222,1.3099,3,6
6,4,448.4237,348.0945,3,13.4444,1.3099,3,10
6,4,193.4648,461.1124,3,22.2222,1.3099,3,15
6,4,351.3664,448.3111,3,8.8889,1.3099,3,6
6,4,273.3081,470.1611,3,9.0000,1.3099,3,6
6,4,402.3039,414.0795,3,11.4444,1.3099,3,8
6,4,427.0873,397.0106,3,7.4444,1.3099,3,4
6,4,221.1971,474.1743,3,7.1111,1.3099,3,4
6,4,249.1165,487.2330,3,9.3333,1.3099,3,6
6,4,452.0564,378.2060,3,6.2222,1.3099,3,5
6,4,404.2624,443.2082,3,8.0000,1.3099,3,6
6,4,379.3464,462.0175,3,5.8889,1.3099,3,5
6,4,429.2332,426.4566,3,9.7778,1.3099,3,7
6,4,354.1255,479.0400,3,13.6667,1.3099,3,9
6,4,276.2933,500.1033,3,9.6667,1.3099,3,6
6,4,329.1695,496.1149,3,7.6667,1.3099,3,4
7,4,255.7169,256.1287,3,196.7778,1.2014,3,192
7,4,229.4150,242.2574,3,184.3333,1.2014,3,140
7,4,284.1598,268.4244,3,198.2222,1.2014,3,158
7,4,281.5098,238.6290,3,185.1111,1.2014,3,125
7,4,231.4524,273.5187,3,134.5556,1.2014,3,103
7,4,254.4550,225.3045,3,82.3333,1.2014,3,67
7,4,259.4118,286.5276,3,154.7778,1.2014,3,113
7,4,308.3772,252.1577,3,197.7778,1.2014,3,155
7,4,279.3872,209.0894,3,207.4444,1.2014,3,161
7,4,227.3793,212.3320,3,68.5556,1.2014,3,56
7,4,287.0737,299.3291,3,180.1111,1.2014,3,135
7,4,203.4798,260.0326,3,210.4444,1.2014,3,171
7,4,233.4921,305.1852,3,204.6667,1.2014,3,166
7,4,262.2586,316.4226,3,90.2222,1.2014,3,72
7,4,202.4886,229.2245,3,78.2222,1.2014,3,64
7,4,206.3612,290.3979,3,98.5556,1.2014,3,80
7,4,252.1637,195.2157,3,27.1111,1.2014,3,21
7,4,307.0708,222.0305,3,173.4444,1.2014,3,124
7,4,311.4964,282.2951,3,85.6667,1.2014,3,72
7,4,177.2159,246.2558,3,84.8889,1.2014,3,62
7,4,179.1476,277.2790,3,88.1111,1.2014,3,62
7,4,304.1667,192.1720,3,80.0000,1.2014,3,57
7,4,336.3224,265.2524,3,67.0000,1.2014,3,53
7,4,314.2362,312.3510,3,73.7778,1.2014,3,56
7,4,277.0907,178.1581,3,12.5556,1.2014,3,10
7,4,289.5101,330.1180,3,79.7778,1.2014,3,53
7,4,209.0429,322.0421,3,68.2222,1.2014,3,48
7,4,334.3572,234.5349,3,134.0000,1.2014,3,99
7,4,224.3000,181.3892,3,8.7778,1.2014,3,6
7,4,199.2541,198.4242,3,10.2222,1.2014,3,8
7,4,236.3140,335.0094,3,55.0000,1.2014,3,39
7,4,174.4057,216.2245,3,11.7778,1.2014,3,9
7,4,181.3395,308.1279,3,83.5556,1.2014,3,61
7,4,339.3730,295.4853,3,99.4444,1.2014,3,83
7,4,331.4738,204.4916,3,125.6667,1.2014,3,108
7,4,250.0031,164.1729,3,8.5556,1.2014,3,6
7,4,264.4436,348.0438,3,117.3333,1.2014,3,83
7,4,152.1924,263.4888,3,65.6667,1.2014,3,48
7,4,361.0680,248.2873,3,102.4444,1.2014,3,73
7,4,302.0391,161.1420,3,16.4444,1.2014,3,11
7,4,211.2041,352.4035,3,107.3333,1.2014,3,80
7,4,317.1588,343.2025,3,70.5556,1.2014,3,51
7,4,150.1347,233.1563,3,6.8889,1.2014,3,5
7,4,154.0989,294.2465,3,90.7778,1.2014,3,61
7,4,183.4594,338.1983,3,38.1111,1.2014,3,29
7,4,329.3099,174.0723,3,12.6667,1.2014,3,8
7,4,359.1304,217.5814,3,62.1111,1.2014,3,44
7,4,341.5011,325.4596,3,49.4444,1.2014,3,37
7,4,239.1523,365.2644,3,42.0000,1.2014,3,33
7,4,363.5473,279.0438,3,30.3333,1.2014,3,21
7,4,292.1127,360.4015,3,37.2222,1.2014,3,28
7,4,356.2107,188.0802,3,36.8889,1.2014,3,25
7,4,156.2974,325.1888,3,70.4444,1.2014,3,53
7,4,366.4623,309.0928,3,48.0000,1.2014,3,37
7,4,267.0597,378.2343,3,45.0000,1.2014,3,33
7,4,386.3617,230.4964,3,37.5556,1.2014,3,32
7,4,186.4104,369.2285,3,25.1111,1.2014,3,20
7,4,214.3009,382.1306,3,29.8889,1.2014,3,23
7,4,389.1832,261.2397,3,38.4444,1.2014,3,26
7,4,319.1343,374.1601,3,36.6667,1.2014,3,26
7,4,344.2135,357.1972,3,25.6667,1.2014,3,17
7,4,130.1844,311.3077,3,77.8889,1.2014,3,53
7,4,383.3493,201.0298,3,41.5556,1.2014,3,32
7,4,159.2892,355.3830,3,36.0000,1.2014,3,28
7,4,241.5204,395.2343,3,31.0000,1.2014,3,20
7,4,294.3204,391.0098,3,44.0000,1.2014,3,32
7,4,391.4527,291.2676,3,27.4444,1.2014,3,22
7,4,369.3115,339.3956,3,27.8889,1.2014,3,20
7,4,131.3866,342.2776,3,76.4444,1.2014,3,54
7,4,394.1752,322.0426,3,32.7778,1.2014,3,24
7,4,269.0423,408.4735,3,39.3333,1.2014,3,28
7,4,189.5401,398.5369,3,38.4444,1.2014,3,25
7,4,414.4275,244.2219,3,33.0000,1.2014,3,25
7,4,410.4010,213.3108,3,9.2222,1.2014,3,10
7,4,347.1026,388.0210,3,33.3333,1.2014,3,22
7,4,416.1156,274.1751,3,36.8889,1.2014,3,25
7,4,161.2188,386.2494,3,35.2222,1.2014,3,24
7,4,216.4374,412.4503,3,25.5556,1.2014,3,21
7,4,372.1522,369.3446,3,18.6667,1.2014,3,14
7,4,322.1949,404.1173,3,11.2222,1.2014,3,9
7,4,134.2136,372.4371,3,46.3333,1.2014,3,32
7,4,396.4085,352.4276,3,24.1111,1.2014,3,19
7,4,419.0692,305.1639,3,44.2222,1.2014,3,29
7,4,243.2849,426.4006,3,19.8889,1.2014,3,15
7,4,231.5331,87.1436,3,32.3333,1.2014,3,20
7,4,296.3489,422.4334,3,17.7778,1.2014,3,15
7,4,285.0353,83.1997,3,21.1111,1.2014,3,14
7,4,179.0854,92.1910,3,7.1111,1.2014,3,5
7,4,439.3267,257.1610,3,12.4444,1.2014,3,9
7,4,422.2729,335.1634,3,13.0000,1.2014,3,10
7,4,256.2500,71.0977,3,6.7778,1.2014,3,5
7,4,81.2454,195.1991,3,7.8889,1.2014,3,6
7,4,191.0416,430.3026,3,12.8889,1.2014,3,10
7,4,163.3313,417.0920,3,16.6667,1.2014,3,12
7,4,349.1000,417.3321,3,12.0000,1.2014,3,8
7,4,374.1696,400.2070,3,9.7778,1.2014,3,7
7,4,137.2506,402.3704,3,9.6667,1.2014,3,6
7,4,219.1922,443.1373,3,9.7778,1.2014,3,7
7,4,443.5000,287.3842,3,15.8889,1.2014,3,10
7,4,399.1753,383.2268,3,8.0000,1.2014,3,5
7,4,324.0794,435.1028,3,8.0000,1.2014,3,4
7,4,61.2191,274.1792,3,10.5556,1.2014,3,6
7,4,446.2765,318.0909,3,11.7778,1.2014,3,7
7,4,246.1309,456.2456,3,7.4444,1.2014,3,5
7,4,424.1870,365.0797,3,7.5556,1.2014,3,4
7,4,299.1368,452.2090,3,7.8889,1.2014,3,4
7,4,166.3080,447.0717,3,10.8889,1.2014,3,6
7,4,448.4134,348.1025,3,13.1111,1.2014,3,9
7,4,377.0476,432.1504,3,9.0000,1.2014,3,5
7,4,193.4738,461.1272,3,21.6667,1.2014,3,14
7,4,351.3473,448.2804,3,8.5556,1.2014,3,6
7,4,273.3072,470.1337,3,8.8889,1.2014,3,6
7,4,402.2996,414.0599,3,11.3333,1.2014,3,8
7,4,427.0576,396.3177,3,6.4444,1.2014,3,4
7,4,221.2072,474.1783,3,7.0000,1.2014,3,4
7,4,452.0847,378.2143,3,6.2222,1.2014,3,5
7,4,249.1156,487.2348,3,9.2222,1.2014,3,6
7,4,404.2410,443.2194,3,7.8889,1.2014,3,6
7,4,380.0040,462.0364,3,6.8889,1.2014,3,5
7,4,429.2319,426.4538,3,9.5556,1.2014,3,6
7,4,354.1438,479.0269,3,13.4444,1.2014,3,9
7,4,276.2937,500.1105,3,9.4444,1.2014,3,7
7,4,329.1424,496.0988,3,7.6667,1.2014,3,5
8,4,255.7169,256.1287,3,196.7778,1.2011,3,192
8,4,229.4150,242.2574,3,184.3333,1.2011,3,140
8,4,284.1598,268.4244,3,198.2222,1.2011,3,158
8,4,281.5098,238.6290,3,185.1111,1.2011,3,125
8,4,231.4524,273.5187,3,134.5556,1.2011,3,103
8,4,254.4550,225.3045,3,82.3333,1.2011,3,67
8,4,259.4118,286.5276,3,154.7778,1.2011,3,113
8,4,308.3772,252.1577,3,197.7778,1.2011,3,155
8,4,279.3872,209.0894,3,207.4444,1.2011,3,161
8,4,227.3793,212.3320,3,68.5556,1.2011,3,56
8,4,287.0741,299.3294,3,180.1111,1.2011,3,135
8,4,203.4798,260.0326,3,210.4444,1.2011,3,171
8,4,233.4921,305.1852,3,204.6667,1.2011,3,166
8,4,262.2586,316.4226,3,90.2222,1.2011,3,72
8,4,202.4886,229.2245,3,78.2222,1.2011,3,64
8,4,206.3612,290.3979,3,98.5556,1.2011,3,80
8,4,252.1637,195.2157,3,27.1111,1.2011,3,21
8,4,307.0708,222.0305,3,173.4444,1.2011,3,124
8,4,311.4964,282.2951,3,85.6667,1.2011,3,72
8,4,177.2159,246.2558,3,84.8889,1.2011,3,62
8,4,179.1476,277.2790,3,88.1111,1.2011,3,62
8,4,304.1667,192.1720,3,80.0000,1.2011,3,57
8,4,336.3224,265.2524,3,67.0000,1.2011,3,53
8,4,314.2362,312.3510,3,73.7778,1.2011,3,56
8,4,277.0907,178.1581,3,12.5556,1.2011,3,10
8,4,289.5101,330.1180,3,79.7778,1.2011,3,53
8,4,209.0429,322.0421,3,68.2222,1.2011,3,48
8,4,334.3572,234.5349,3,134.0000,1.2011,3,99
8,4,224.3000,181.3892,3,8.7778,1.2011,3,6
8,4,199.2541,198.4242,3,10.2222,1.2011,3,8
8,4,236.3140,335.0094,3,55.0000,1.2011,3,39
8,4,174.4057,216.2245,3,11.7778,1.2011,3,9
8,4,181.3395,308.1279,3,83.5556,1.2011,3,61
8,4,339.3730,295.4853,3,99.4444,1.2011,3,83
8,4,331.4738,204.4916,3,125.6667,1.2011,3,108
8,4,250.0031,164.1729,3,8.5556,1.2011,3,6
8,4,264.4436,348.0438,3,117.3333,1.2011,3,83
8,4,152.1924,263.4888,3,65.6667,1.2011,3,48
8,4,361.0676,248.2883,3,102.4444,1.2011,3,73
8,4,302.0391,161.1420,3,16.4444,1.2011,3,11
8,4,211.2041,352.4035,3,107.3333,1.2011,3,80
8,4,317.1588,343.2025,3,70.5556,1.2011,3,51
8,4,154.0989,294.2465,3,90.7778,1.2011,3,61
8,4,183.4594,338.1983,3,38.1111,1.2011,3,29
8,4,329.3099,174.0723,3,12.6667,1.2011,3,8
8,4,359.1304,217.5814,3,62.1111,1.2011,3,44
8,4,341.5011,325.4596,3,49.4444,1.2011,3,37
8,4,239.1523,365.2644,3,42.0000,1.2011,3,33
8,4,363.5473,279.0438,3,30.3333,1.2011,3,21
8,4,292.1127,360.4015,3,37.2222,1.2011,3,28
8,4,356.2107,188.0802,3,36.8889,1.2011,3,25
8,4,156.2974,325.1888,3,70.4444,1.2011,3,53
8,4,366.4623,309.0928,3,48.0000,1.2011,3,37
8,4,267.0639,378.2358,3,45.0000,1.2011,3,33
8,4,386.3617,230.4964,3,37.5556,1.2011,3,32
8,4,186.4139,369.2256,3,25.1111,1.2011,3,20
8,4,214.3009,382.1306,3,29.8889,1.2011,3,23
8,4,389.1832,261.2397,3,38.4444,1.2011,3,26
8,4,319.1343,374.1601,3,36.6667,1.2011,3,26
8,4,344.2135,357.1972,3,25.6667,1.2011,3,17
8,4,130.1844,311.3077,3,77.8889,1.2011,3,53
8,4,383.3493,201.0298,3,41.5556,1.2011,3,32
8,4,159.2892,355.3830,3,36.0000,1.2011,3,28
8,4,241.5204,395.2343,3,31.0000,1.2011,3,20
8,4,294.3204,391.0098,3,44.0000,1.2011,3,32
8,4,391.4527,291.2676,3,27.4444,1.2011,3,22
8,4,369.3115,339.3956,3,27.8889,1.2011,3,20
8,4,131.3866,342.2776,3,76.4444,1.2011,3,54
8,4,394.1752,322.0426,3,32.7778,1.2011,3,24
8,4,269.0423,408.4735,3,39.3333,1.2011,3,28
8,4,189.5401,398.5369,3,38.4444,1.2011,3,25
8,4,414.4275,244.2219,3,33.0000,1.2011,3,25
8,4,410.4010,213.3108,3,9.2222,1.2011,3,10
8,4,347.1026,388.0210,3,33.3333,1.2011,3,22
8,4,416.1156,274.1751,3,36.8889,1.2011,3,25
8,4,161.2188,386.2494,3,35.2222,1.2011,3,24
8,4,216.4374,412.4503,3,25.5556,1.2011,3,21
8,4,372.1522,369.3446,3,18.6667,1.2011,3,14
8,4,322.1949,404.1173,3,11.2222,1.2011,3,9
8,4,134.2136,372.4371,3,46.3333,1.2011,3,32
8,4,396.4085,352.4276,3,24.1111,1.2011,3,19
8,4,419.0692,305.1639,3,44.2222,1.2011,3,29
8,4,243.2849,426.4006,3,19.8889,1.2011,3,15
8,4,231.5331,87.1436,3,32.3333,1.2011,3,20
8,4,296.3489,422.4334,3,17.7778,1.2011,3,15
8,4,285.0353,83.1997,3,21.1111,1.2011,3,14
8,4,179.0919,92.1927,3,7.1111,1.2011,3,5
8,4,439.3235,257.1660,3,12.2222,1.2011,3,8
8,4,422.2500,335.1424,3,12.7778,1.2011,3,10
8,4,256.2500,71.0977,3,6.7778,1.2011,3,5
8,4,81.2454,195.1991,3,7.8889,1.2011,3,6
8,4,191.0444,430.3076,3,12.5556,1.2011,3,9
8,4,163.3375,417.0826,3,16.2222,1.2011,3,11
8,4,349.0951,417.3327,3,11.6667,1.2011,3,8
8,4,374.1503,400.2038,3,9.6667,1.2011,3,6
8,4,137.2506,402.3704,3,9.5556,1.2011,3,6
8,4,219.1974,443.1424,3,9.6667,1.2011,3,7
8,4,443.4931,287.3711,3,13.3333,1.2011,3,10
8,4,399.1848,383.2364,3,8.0000,1.2011,3,5
8,4,324.0794,435.1028,3,8.0000,1.2011,3,4
8,4,61.2191,274.1792,3,10.5556,1.2011,3,6
8,4,446.2761,318.0863,3,11.7778,1.2011,3,7
8,4,246.1309,456.2456,3,7.4444,1.2011,3,5
8,4,424.1870,365.0797,3,7.5556,1.2011,3,4
8,4,299.1368,452.2090,3,7.8889,1.2011,3,4
8,4,166.3080,447.0717,3,10.8889,1.2011,3,6
8,4,377.0476,432.1504,3,9.0000,1.2011,3,5
8,4,448.4110,348.1014,3,12.6667,1.2011,3,9
8,4,193.4658,461.1215,3,20.8889,1.2011,3,14
8,4,351.3473,448.2804,3,8.5556,1.2011,3,6
8,4,273.3072,470.1337,3,8.8889,1.2011,3,6
8,4,402.2920,414.0660,3,11.2222,1.2011,3,8
8,4,427.0576,396.3177,3,6.4444,1.2011,3,4
8,4,221.2072,474.1783,3,7.0000,1.2011,3,4
8,4,452.0847,378.2143,3,6.2222,1.2011,3,5
8,4,249.1156,487.2348,3,9.2222,1.2011,3,6
8,4,404.2410,443.2194,3,7.8889,1.2011,3,6
8,4,380.0040,462.0364,3,6.8889,1.2011,3,5
8,4,429.2319,426.4538,3,9.3333,1.2011,3,6
8,4,354.1425,479.0326,3,13.2222,1.2011,3,9
8,4,276.2937,500.1105,3,9.4444,1.2011,3,7
8,4,329.1424,496.0988,3,7.6667,1.2011,3,5
9,4,256.1867,256.1342,3,196.6667,1.1986,3,189
9,4,229.4148,242.2576,3,184.3333,1.1986,3,140
9,4,284.1599,268.4254,3,198.1111,1.1986,3,158
9,4,281.5105,238.6303,3,185.1111,1.1986,3,125
9,4,231.4498,273.5187,3,134.5556,1.1986,3,103
9,4,254.4552,225.3006,3,82.3333,1.1986,3,67
9,4,259.4010,287.0003,3,154.7778,1.1986,3,113
9,4,308.3766,252.1586,3,197.7778,1.1986,3,155
9,4,279.3868,209.0901,3,207.4444,1.1986,3,161
9,4,227.3796,212.3334,3,68.5556,1.1986,3,56
9,4,287.0737,299.3305,3,180.0000,1.1986,3,135
9,4,203.4797,260.0320,3,210.4444,1.1986,3,171
9,4,233.4921,305.1852,3,204.5556,1.1986,3,166
9,4,262.2598,316.4237,3,90.2222,1.1986,3,72
9,4,202.4918,229.2260,3,78.2222,1.1986,3,64
9,4,206.3594,290.3958,3,98.5556,1.1986,3,80
9,4,311.4983,282.2976,3,85.6667,1.1986,3,72
9,4,252.1661,195.2145,3,27.1111,1.1986,3,21
9,4,307.0708,222.0311,3,173.4444,1.1986,3,124
9,4,177.2159,246.2558,3,84.7778,1.1986,3,62
9,4,179.1510,277.2810,3,87.8889,1.1986,3,61
9,4,304.1670,192.1699,3,79.8889,1.1986,3,57
9,4,336.3252,265.2532,3,67.0000,1.1986,3,53
9,4,314.2410,312.3468,3,73.7778,1.1986,3,56
9,4,277.0974,178.1554,3,12.3333,1.1986,3,10
9,4,289.5161,330.1211,3,79.7778,1.1986,3,53
9,4,209.0447,322.0435,3,68.2222,1.1986,3,48
9,4,334.3576,234.5351,3,134.0000,1.1986,3,99
9,4,224.2873,181.3582,3,8.7778,1.1986,3,6
9,4,199.2769,198.4112,3,10.2222,1.1986,3,8
9,4,236.3088,335.0085,3,55.0000,1.1986,3,39
9,4,174.4017,216.2335,3,11.7778,1.1986,3,9
9,4,331.4734,204.4921,3,125.4444,1.1986,3,108
9,4,181.3395,308.1279,3,83.5556,1.1986,3,61
9,4,339.3722,295.4855,3,99.4444,1.1986,3,83
9,4,249.2663,164.1758,3,8.4444,1.1986,3,6
9,4,264.4455,348.0471,3,117.2222,1.1986,3,83
9,4,152.1922,263.4896,3,65.5556,1.1986,3,48
9,4,361.0689,248.2874,3,102.3333,1.1986,3,73
9,4,302.0298,161.1608,3,16.4444,1.1986,3,11
9,4,211.2044,352.4029,3,107.3333,1.1986,3,80
9,4,317.1583,343.2009,3,70.5556,1.1986,3,51
9,4,154.0968,294.2472,3,90.7778,1.1986,3,61
9,4,183.4666,338.1984,3,38.1111,1.1986,3,29
9,4,329.3091,174.0666,3,12.6667,1.1986,3,8
9,4,359.1324,217.5829,3,62.0000,1.1986,3,44
9,4,341.5000,325.4606,3,49.4444,1.1986,3,37
9,4,239.1535,365.2657,3,42.0000,1.1986,3,33
9,4,363.5442,279.0557,3,30.2222,1.1986,3,21
9,4,292.1088,360.3888,3,37.2222,1.1986,3,28
9,4,356.2107,188.0802,3,36.8889,1.1986,3,25
9,4,156.2958,325.1908,3,70.4444,1.1986,3,53
9,4,366.4623,309.0907,3,48.0000,1.1986,3,37
9,4,267.0616,378.2360,3,45.0000,1.1986,3,32
9,4,386.3614,230.4982,3,37.5556,1.1986,3,32
9,4,186.4110,369.2275,3,25.1111,1.1986,3,20
9,4,214.3009,382.1306,3,29.7778,1.1986,3,23
9,4,389.1832,261.2397,3,38.4444,1.1986,3,26
9,4,319.1343,374.1601,3,36.6667,1.1986,3,26
9,4,344.2158,357.1918,3,25.6667,1.1986,3,17
9,4,130.1835,311.3088,3,77.8889,1.1986,3,53
9,4,383.3496,201.0338,3,41.4444,1.1986,3,32
9,4,159.2899,355.3767,3,35.8889,1.1986,3,28
9,4,241.5258,395.2358,3,30.8889,1.1986,3,20
9,4,294.3202,391.0032,3,44.0000,1.1986,3,32
9,4,391.4527,291.2676,3,27.4444,1.1986,3,22
9,4,369.3115,339.3956,3,27.8889,1.1986,3,20
9,4,131.3848,342.2771,3,76.4444,1.1986,3,54
9,4,394.1713,322.0493,3,32.7778,1.1986,3,24
9,4,269.0444,408.4755,3,39.3333,1.1986,3,28
9,4,189.5441,398.5370,3,38.2222,1.1986,3,25
9,4,414.4212,244.2249,3,33.0000,1.1986,3,25
9,4,410.3912,213.3228,3,9.2222,1.1986,3,10
9,4,347.0990,388.0173,3,33.3333,1.1986,3,22
9,4,416.1155,274.1759,3,36.8889,1.1986,3,25
9,4,161.2211,386.2518,3,35.2222,1.1986,3,24
9,4,216.4392,412.4487,3,25.0000,1.1986,3,21
9,4,372.1469,369.3286,3,18.6667,1.1986,3,14
9,4,322.1897,404.1171,3,11.2222,1.1986,3,9
9,4,134.2191,372.4342,3,46.3333,1.1986,3,31
9,4,396.3986,352.4199,3,24.1111,1.1986,3,19
9,4,419.0795,305.1678,3,44.0000,1.1986,3,29
9,4,243.2782,426.4278,3,19.7778,1.1986,3,15
9,4,231.5410,87.1498,3,32.3333,1.1986,3,20
9,4,296.3409,422.4276,3,17.5556,1.1986,3,15
9,4,285.0063,83.1750,3,21.1111,1.1986,3,14
9,4,179.0393,92.1963,3,5.8889,1.1986,3,5
9,4,439.2576,257.0954,3,11.7778,1.1986,3,8
9,4,422.2290,335.2360,3,12.1111,1.1986,3,9
9,4,257.0375,71.2482,3,6.4444,1.1986,3,5
9,4,81.1659,195.1774,3,7.7778,1.1986,3,6
9,4,163.2358,416.3510,3,12.5556,1.1986,3,10
9,4,374.1700,400.2340,3,8.5556,1.1986,3,6
9,4,191.0869,430.3031,3,11.0000,1.1986,3,8
9,4,349.0697,417.3173,3,11.2222,1.1986,3,8
9,4,137.0951,402.2908,3,8.2222,1.1986,3,5
9,4,443.4288,287.4088,3,12.8889,1.1986,3,9
9,4,219.2533,442.3348,3,8.6667,1.1986,3,7
9,4,61.1851,274.1564,3,10.2222,1.1986,3,6
9,4,446.3079,318.1616,3,10.0000,1.1986,3,7
9,4,166.2861,447.0498,3,9.2222,1.1986,3,6
9,4,377.0243,432.0784,3,7.8889,1.1986,3,5
9,4,448.3861,348.1525,3,11.3333,1.1986,3,8
9,4,402.2099,413.3975,3,10.7778,1.1986,3,7
9,4,193.3954,461.1464,3,19.4444,1.1986,3,13
9,4,351.2902,448.1951,3,8.1111,1.1986,3,6
9,4,273.3166,469.3769,3,6.4444,1.1986,3,6
9,4,249.1260,487.3372,3,8.0000,1.1986,3,4
9,4,452.0275,379.0000,3,7.1111,1.1986,3,4
9,4,429.1851,426.3204,3,9.1111,1.1986,3,6
9,4,354.1316,479.0867,3,11.6667,1.1986,3,7
9,4,277.0063,500.0739,3,9.1111,1.1986,3,6
9,4,329.1387,496.0294,3,7.0000,1.1986,3,5
10,4,256.1867,256.1342,3,196.6667,1.1984,3,189
10,4,229.4148,242.2576,3,184.3333,1.1984,3,140
10,4,284.1599,268.4254,3,198.1111,1.1984,3,158
10,4,281.5105,238.6303,3,185.1111,1.1984,3,125
10,4,231.4498,273.5187,3,134.5556,1.1984,3,103
10,4,254.4552,225.3006,3,82.3333,1.1984,3,67
10,4,259.4010,287.0003,3,154.7778,1.1984,3,113
10,4,308.3766,252.1586,3,197.7778,1.1984,3,155
10,4,279.3868,209.0901,3,207.4444,1.1984,3,161
10,4,227.3796,212.3334,3,68.5556,1.1984,3,56
10,4,287.0737,299.3305,3,180.0000,1.1984,3,135
10,4,203.4797,260.0320,3,210.4444,1.1984,3,171
10,4,233.4921,305.1852,3,204.5556,1.1984,3,166
10,4,262.2598,316.4237,3,90.2222,1.1984,3,72
10,4,202.4918,229.2260,3,78.2222,1.1984,3,64
10,4,206.3594,290.3958,3,98.5556,1.1984,3,80
10,4,311.4983,282.2976,3,85.6667,1.1984,3,72
10,4,252.1661,195.2145,3,27.1111,1.1984,3,21
10,4,307.0708,222.0316,3,173.4444,1.1984,3,124
10,4,177.2159,246.2558,3,84.7778,1.1984,3,62
10,4,179.1510,277.2810,3,87.8889,1.1984,3,61
10,4,304.1670,192.1699,3,79.8889,1.1984,3,57
10,4,336.3252,265.2532,3,67.0000,1.1984,3,53
10,4,314.2410,312.3468,3,73.7778,1.1984,3,56
10,4,277.0974,178.1554,3,12.3333,1.1984,3,10
10,4,289.5161,330.1211,3,79.7778,1.1984,3,53
10,4,209.0447,322.0435,3,68.2222,1.1984,3,48
10,4,334.3576,234.5351,3,134.0000,1.1984,3,99
10,4,224.2873,181.3582,3,8.7778,1.1984,3,6
10,4,199.2769,198.4112,3,10.2222,1.1984,3,8
10,4,236.3087,335.0077,3,54.8889,1.1984,3,39
10,4,174.4017,216.2335,3,11.7778,1.1984,3,9
10,4,331.4734,204.4921,3,125.4444,1.1984,3,108
10,4,181.3395,308.1279,3,83.5556,1.1984,3,61
10,4,339.3722,295.4855,3,99.4444,1.1984,3,83
10,4,249.2663,164.1758,3,8.4444,1.1984,3,6
10,4,264.4455,348.0471,3,117.2222,1.1984,3,83
10,4,152.1922,263.4896,3,65.5556,1.1984,3,48
10,4,361.0689,248.2874,3,102.3333,1.1984,3,73
10,4,302.0298,161.1608,3,16.4444,1.1984,3,11
10,4,211.2044,352.4029,3,107.3333,1.1984,3,80
10,4,317.1583,343.2009,3,70.5556,1.1984,3,51
10,4,154.0968,294.2472,3,90.7778,1.1984,3,61
10,4,183.4666,338.1984,3,38.1111,1.1984,3,29
10,4,329.3091,174.0666,3,12.6667,1.1984,3,8
10,4,359.1324,217.5829,3,62.0000,1.1984,3,44
10,4,341.5000,325.4606,3,49.4444,1.1984,3,37
10,4,239.1535,365.2657,3,42.0000,1.1984,3,33
10,4,363.5442,279.0557,3,30.2222,1.1984,3,21
10,4,292.1088,360.3888,3,37.2222,1.1984,3,28
10,4,356.2107,188.0802,3,36.8889,1.1984,3,25
10,4,156.2958,325.1908,3,70.4444,1.1984,3,53
10,4,366.4623,309.0907,3,48.0000,1.1984,3,37
10,4,267.0616,378.2360,3,45.0000,1.1984,3,32
10,4,386.3614,230.4982,3,37.5556,1.1984,3,32
10,4,186.4110,369.2275,3,25.1111,1.1984,3,20
10,4,214.3009,382.1306,3,29.7778,1.1984,3,23
10,4,389.1832,261.2397,3,38.4444,1.1984,3,26
10,4,319.1343,374.1601,3,36.6667,1.1984,3,26
10,4,344.2158,357.1918,3,25.6667,1.1984,3,17
10,4,130.1835,311.3088,3,77.8889,1.1984,3,53
10,4,383.3496,201.0338,3,41.4444,1.1984,3,32
10,4,159.2899,355.3767,3,35.8889,1.1984,3,28
10,4,241.5258,395.2358,3,30.8889,1.1984,3,20
10,4,294.3202,391.0032,3,44.0000,1.1984,3,32
10,4,391.4527,291.2676,3,27.4444,1.1984,3,22
10,4,369.3115,339.3956,3,27.8889,1.1984,3,20
10,4,131.3848,342.2771,3,76.4444,1.1984,3,54
10,4,394.1713,322.0493,3,32.7778,1.1984,3,24
10,4,269.0444,408.4755,3,39.3333,1.1984,3,28
10,4,189.5441,398.5370,3,38.2222,1.1984,3,25
10,4,414.4212,244.2249,3,33.0000,1.1984,3,25
10,4,410.3912,213.3228,3,9.2222,1.1984,3,10
10,4,347.0990,388.0173,3,33.3333,1.1984,3,22
10,4,416.1155,274.1759,3,36.8889,1.1984,3,25
10,4,161.2211,386.2518,3,35.2222,1.1984,3,24
10,4,216.4392,412.4487,3,25.0000,1.1984,3,21
10,4,372.1469,369.3286,3,18.6667,1.1984,3,14
10,4,322.1897,404.1171,3,11.2222,1.1984,3,9
10,4,134.2191,372.4342,3,46.3333,1.1984,3,31
10,4,396.3986,352.4199,3,24.1111,1.1984,3,19
10,4,419.0795,305.1678,3,44.0000,1.1984,3,29
10,4,243.2782,426.4278,3,19.7778,1.1984,3,15
10,4,231.5430,87.1543,3,32.3333,1.1984,3,20
10,4,296.3409,422.4276,3,17.5556,1.1984,3,15
10,4,285.0063,83.1750,3,21.1111,1.1984,3,14
10,4,179.0393,92.1963,3,5.8889,1.1984,3,5
10,4,422.2236,335.2289,3,11.8889,1.1984,3,9
10,4,439.2562,257.0969,3,11.5556,1.1984,3,8
10,4,257.0375,71.2482,3,6.4444,1.1984,3,5
10,4,81.1659,195.1774,3,7.7778,1.1984,3,6
10,4,163.2380,416.3481,3,12.3333,1.1984,3,10
10,4,349.0529,417.3283,3,10.8889,1.1984,3,8
10,4,374.1700,400.2519,3,8.4444,1.1984,3,6
10,4,191.0872,430.2946,3,10.6667,1.1984,3,8
10,4,137.0956,402.2978,3,8.1111,1.1984,3,5
10,4,443.4164,287.3922,3,12.5556,1.1984,3,8
10,4,219.2381,443.0195,3,9.2222,1.1984,3,7
10,4,61.1851,274.1564,3,10.2222,1.1984,3,6
10,4,446.3053,318.1674,3,10.0000,1.1984,3,7
10,4,166.2861,447.0498,3,9.2222,1.1984,3,6
10,4,448.3816,348.1408,3,10.8889,1.1984,3,8
10,4,377.0243,432.0784,3,7.8889,1.1984,3,5
10,4,193.3921,461.1352,3,18.6667,1.1984,3,12
10,4,351.2902,448.1951,3,8.1111,1.1984,3,6
10,4,273.3040,470.0201,3,8.5556,1.1984,3,6
10,4,402.2179,413.4008,3,10.6667,1.1984,3,7
10,4,249.1260,487.3372,3,8.0000,1.1984,3,4
10,4,452.0275,379.0000,3,7.1111,1.1984,3,4
10,4,429.1897,426.2991,3,8.8889,1.1984,3,6
10,4,354.1333,479.0941,3,11.4444,1.1984,3,7
10,4,277.0063,500.0739,3,9.1111,1.1984,3,6
10,4,329.1387,496.0294,3,7.0000,1.1984,3,5
1,5,256.1877,256.1342,3,196.3333,1.0176,3,189
1,5,229.4156,242.2582,3,184.2222,1.0176,3,140
1,5,284.1595,268.4241,3,198.1111,1.0176,3,158
1,5,281.5073,238.6301,3,185.0000,1.0176,3,125
1,5,231.4511,273.5207,3,134.5556,1.0176,3,103
1,5,254.4540,225.3025,3,82.2222,1.0176,3,67
1,5,259.4000,287.0008,3,154.7778,1.0176,3,113
1,5,308.3762,252.1576,3,197.6667,1.0176,3,155
1,5,279.3865,209.0899,3,207.2222,1.0176,3,161
1,5,227.3853,212.3350,3,68.4444,1.0176,3,56
1,5,287.0728,299.3300,3,179.8889,1.0176,3,135
1,5,203.4794,260.0316,3,210.4444,1.0176,3,171
1,5,233.4903,305.1862,3,204.4444,1.0176,3,166
1,5,262.2583,316.4266,3,90.2222,1.0176,3,72
1,5,202.4918,229.2254,3,78.1111,1.0176,3,64
1,5,206.3640,290.3971,3,98.5556,1.0176,3,80
1,5,311.4956,282.2991,3,85.6667,1.0176,3,72
1,5,252.1679,195.2105,3,27.1111,1.0176,3,21
1,5,307.0699,222.0298,3,173.4444,1.0176,3,124
1,5,177.2140,246.2556,3,84.6667,1.0176,3,62
1,5,179.1489,277.2828,3,87.7778,1.0176,3,61
1,5,304.1711,192.1696,3,79.8889,1.0176,3,57
1,5,336.3285,265.2560,3,67.0000,1.0176,3,53
1,5,199.3084,198.4095,3,10.1111,1.0176,3,7
1,5,314.2423,312.3477,3,73.7778,1.0176,3,56
1,5,277.1073,178.1089,3,12.2222,1.0176,3,10
1,5,289.5150,330.1250,3,79.7778,1.0176,3,53
1,5,209.0433,322.0421,3,68.1111,1.0176,3,47
1,5,334.3596,234.5351,3,134.0000,1.0176,3,98
1,5,224.2960,181.3483,3,8.5556,1.0176,3,6
1,5,236.3078,335.0019,3,54.6667,1.0176,3,38
1,5,174.3927,216.2356,3,11.6667,1.0176,3,9
1,5,331.4726,204.4923,3,125.3333,1.0176,3,108
1,5,181.3410,308.1291,3,83.5556,1.0176,3,61
1,5,339.3703,295.4896,3,99.4444,1.0176,3,83
1,5,249.2691,164.1695,3,8.4444,1.0176,3,6
1,5,264.4480,348.0440,3,117.0000,1.0176,3,83
1,5,152.1904,263.4900,3,65.4444,1.0176,3,48
1,5,361.0712,248.2892,3,102.2222,1.0176,3,73
1,5,302.0442,161.1622,3,16.3333,1.0176,3,11
1,5,211.2053,352.4014,3,107.3333,1.0176,3,80
1,5,317.1608,343.2024,3,70.5556,1.0176,3,51
1,5,154.0968,294.2475,3,90.5556,1.0176,3,61
1,5,183.4776,338.2007,3,38.1111,1.0176,3,29
1,5,329.3220,174.0680,3,12.5556,1.0176,3,8
1,5,292.1116,360.3823,3,37.2222,1.0176,3,28
1,5,359.1301,217.5860,3,61.7778,1.0176,3,44
1,5,341.5060,325.4556,3,49.2222,1.0176,3,37
1,5,239.1650,365.2750,3,42.0000,1.0176,3,33
1,5,363.5319,279.0612,3,30.0000,1.0176,3,21
1,5,356.2132,188.0833,3,36.7778,1.0176,3,25
1,5,156.3088,325.1939,3,70.4444,1.0176,3,53
1,5,366.4606,309.0881,3,48.0000,1.0176,3,37
1,5,267.0643,378.2401,3,44.7778,1.0176,3,32
1,5,386.3619,230.4957,3,37.4444,1.0176,3,32
1,5,186.4030,369.2341,3,25.0000,1.0176,3,20
1,5,214.3064,382.1333,3,29.6667,1.0176,3,23
1,5,389.1629,261.2417,3,38.4444,1.0176,3,26
1,5,319.1376,374.1664,3,36.6667,1.0176,3,26
1,5,344.2165,357.1744,3,25.3333,1.0176,3,17
1,5,130.1785,311.3183,3,77.8889,1.0176,3,52
1,5,383.3617,201.0352,3,41.4444,1.0176,3,32
1,5,159.2846,355.3717,3,35.7778,1.0176,3,28
1,5,241.5206,395.2307,3,30.6667,1.0176,3,20
1,5,294.3207,391.0012,3,44.0000,1.0176,3,32
1,5,391.4509,291.2709,3,27.4444,1.0176,3,22
1,5,369.3108,339.4021,3,27.8889,1.0176,3,20
1,5,131.3845,342.2777,3,76.4444,1.0176,3,54
1,5,394.1716,322.0525,3,32.7778,1.0176,3,24
1,5,269.0449,408.4654,3,39.3333,1.0176,3,28
1,5,189.5420,398.5467,3,37.8889,1.0176,3,25
1,5,414.4009,244.2185,3,33.0000,1.0176,3,25
1,5,410.3850,213.3336,3,9.2222,1.0176,3,10
1,5,347.0962,388.0194,3,33.3333,1.0176,3,22
1,5,216.4525,412.4648,3,24.7778,1.0176,3,21
1,5,416.1073,274.1806,3,36.8889,1.0176,3,25
1,5,161.2292,386.2626,3,34.8889,1.0176,3,24
1,5,372.1339,369.3279,3,18.6667,1.0176,3,14
1,5,322.2114,404.1195,3,10.8889,1.0176,3,9
1,5,134.2187,372.4315,3,46.3333,1.0176,3,31
1,5,396.3754,352.4091,3,24.1111,1.0176,3,19
1,5,419.0865,305.1768,3,43.5556,1.0176,3,29
1,5,231.5489,87.1595,3,32.3333,1.0176,3,20
1,5,243.2679,426.4462,3,19.4444,1.0176,3,15
1,5,296.3388,422.4233,3,17.4444,1.0176,3,15
1,5,285.0134,83.1807,3,21.1111,1.0176,3,14
1,5,179.0239,92.1835,3,5.8889,1.0176,3,5
1,5,422.1993,335.2101,3,11.6667,1.0176,3,9
1,5,439.2735,257.1653,3,11.0000,1.0176,3,8
1,5,256.2649,71.2574,3,5.7778,1.0176,3,5
1,5,81.1362,195.1690,3,7.6667,1.0176,3,6
1,5,163.2250,416.3521,3,12.0000,1.0176,3,10
1,5,374.2073,400.1969,3,8.3333,1.0176,3,6
1,5,191.0867,430.2875,3,10.6667,1.0176,3,8
1,5,349.1261,417.3248,3,9.5556,1.0176,3,7
1,5,137.0994,402.3608,3,8.0000,1.0176,3,5
1,5,219.2297,443.0319,3,8.7778,1.0176,3,6
1,5,443.3893,287.4122,3,12.2222,1.0176,3,9
1,5,61.1735,274.1448,3,10.0000,1.0176,3,6
1,5,446.2986,318.1505,3,9.8889,1.0176,3,7
1,5,166.2960,447.0819,3,9.2222,1.0176,3,6
1,5,377.0937,432.1340,3,7.2222,1.0176,3,5
1,5,448.3905,348.1715,3,10.5556,1.0176,3,8
1,5,193.4007,461.1719,3,18.1111,1.0176,3,12
1,5,273.3162,470.1595,3,7.8889,1.0176,3,6
1,5,351.2870,449.0143,3,7.6667,1.0176,3,5
1,5,402.2188,413.4023,3,10.6667,1.0176,3,7
1,5,452.0207,379.0234,3,7.1111,1.0176,3,4
1,5,249.1000,488.0818,3,7.4444,1.0176,3,5
1,5,429.1942,426.3013,3,8.7778,1.0176,3,6
1,5,354.0938,479.0649,3,11.2222,1.0176,3,6
1,5,277.0203,500.0812,3,8.7778,1.0176,3,4
1,5,329.1184,496.0265,3,6.8889,1.0176,3,4
2,5,256.1879,256.1335,3,196.0000,1.0349,3,189
2,5,229.4149,242.2582,3,184.2222,1.0349,3,140
2,5,284.1606,268.4227,3,198.0000,1.0349,3,158
2,5,281.5073,238.6320,3,184.8889,1.0349,3,125
2,5,231.4514,273.5222,3,134.3333,1.0349,3,103
2,5,254.4522,225.3025,3,82.2222,1.0349,3,67
2,5,259.4002,287.0016,3,154.7778,1.0349,3,113
2,5,308.3772,252.1580,3,197.5556,1.0349,3,155
2,5,279.3887,209.0895,3,207.2222,1.0349,3,161
2,5,227.3788,212.3348,3,68.3333,1.0349,3,56
2,5,287.0717,299.3306,3,179.7778,1.0349,3,135
2,5,203.4812,260.0317,3,210.3333,1.0349,3,171
2,5,233.4918,305.1878,3,204.2222,1.0349,3,165
2,5,262.2645,316.4318,3,90.2222,1.0349,3,72
2,5,202.4888,229.2284,3,78.0000,1.0349,3,64
2,5,206.3605,290.3976,3,98.5556,1.0349,3,80
2,5,311.4983,282.2975,3,85.5556,1.0349,3,72
2,5,252.1637,195.1994,3,26.8889,1.0349,3,20
2,5,307.0714,222.0308,3,173.3333,1.0349,3,125
2,5,177.2172,246.2572,3,84.6667,1.0349,3,62
2,5,179.1484,277.2823,3,87.7778,1.0349,3,61
2,5,304.1699,192.1670,3,79.7778,1.0349,3,56
2,5,336.3297,265.2522,3,66.8889,1.0349,3,53
2,5,314.2455,312.3496,3,73.7778,1.0349,3,56
2,5,277.1036,178.1202,3,12.2222,1.0349,3,10
2,5,289.5157,330.1242,3,79.7778,1.0349,3,53
2,5,209.0500,322.0432,3,67.7778,1.0349,3,47
2,5,334.3602,234.5346,3,134.0000,1.0349,3,98
2,5,224.3081,181.3662,3,8.4444,1.0349,3,6
2,5,199.3153,198.4214,3,10.1111,1.0349,3,7
2,5,236.3112,335.0093,3,54.6667,1.0349,3,38
2,5,174.4049,216.2398,3,11.4444,1.0349,3,9
2,5,331.4751,204.4948,3,125.3333,1.0349,3,108
2,5,181.3450,308.1288,3,83.5556,1.0349,3,61
2,5,339.3693,295.4891,3,99.4444,1.0349,3,83
2,5,249.2802,164.1961,3,8.2222,1.0349,3,6
2,5,264.4491,348.0396,3,116.8889,1.0349,3,83
2,5,152.1999,263.4916,3,65.3333,1.0349,3,48
2,5,301.5274,161.1692,3,16.1111,1.0349,3,11
2,5,361.0679,248.2880,3,102.0000,1.0349,3,73
2,5,211.2065,352.4024,3,107.3333,1.0349,3,80
2,5,317.1570,343.1986,3,70.5556,1.0349,3,51
2,5,154.0971,294.2443,3,90.4444,1.0349,3,61
2,5,341.5071,325.4527,3,49.0000,1.0349,3,37
2,5,359.1192,218.0274,3,61.6667,1.0349,3,43
2,5,183.4947,338.1976,3,38.1111,1.0349,3,29
2,5,329.3246,174.0665,3,12.3333,1.0349,3,8
2,5,292.1033,360.3977,3,37.2222,1.0349,3,28
2,5,239.1639,365.2802,3,42.0000,1.0349,3,33
2,5,363.5321,279.0527,3,29.7778,1.0349,3,21
2,5,356.2171,188.0764,3,36.6667,1.0349,3,25
2,5,156.3105,325.1921,3,70.4444,1.0349,3,53
2,5,366.4522,309.0793,3,48.0000,1.0349,3,37
2,5,267.0653,378.2335,3,44.6667,1.0349,3,32
2,5,386.3613,230.4933,3,37.4444,1.0349,3,32
2,5,186.4138,369.2541,3,24.5556,1.0349,3,20
2,5,214.3040,382.1377,3,29.4444,1.0349,3,23
2,5,389.1766,261.2359,3,38.4444,1.0349,3,26
2,5,319.1382,374.1707,3,36.6667,1.0349,3,26
2,5,344.2192,357.1868,3,25.1111,1.0349,3,17
2,5,130.1770,311.3150,3,77.5556,1.0349,3,52
2,5,383.3667,201.0388,3,41.3333,1.0349,3,32
2,5,159.2875,355.3753,3,35.4444,1.0349,3,28
2,5,241.5135,395.2304,3,30.5556,1.0349,3,20
2,5,294.3240,391.0032,3,44.0000,1.0349,3,32
2,5,391.4509,291.2709,3,27.4444,1.0349,3,22
2,5,369.3214,339.4182,3,27.8889,1.0349,3,20
2,5,131.3837,342.2794,3,76.4444,1.0349,3,53
2,5,269.0508,408.4543,3,39.3333,1.0349,3,28
2,5,394.1628,322.0558,3,32.7778,1.0349,3,24
2,5,189.5544,398.5384,3,37.7778,1.0349,3,25
2,5,414.4018,244.2115,3,33.0000,1.0349,3,25
2,5,410.3977,213.3528,3,9.2222,1.0349,3,10
2,5,347.0983,388.0231,3,33.3333,1.0349,3,22
2,5,216.4601,412.4681,3,24.5556,1.0349,3,21
2,5,416.1050,274.1877,3,36.8889,1.0349,3,25
2,5,161.2241,386.2578,3,34.7778,1.0349,3,24
2,5,372.1312,369.3273,3,18.6667,1.0349,3,13
2,5,322.2268,404.1375,3,10.5556,1.0349,3,8
2,5,134.2119,372.4275,3,46.3333,1.0349,3,31
2,5,396.3717,352.4045,3,24.1111,1.0349,3,19
2,5,419.0835,305.1805,3,43.3333,1.0349,3,28
2,5,232.0029,87.1770,3,32.3333,1.0349,3,20
2,5,243.2535,426.4639,3,19.2222,1.0349,3,15
2,5,296.3434,422.4118,3,17.1111,1.0349,3,15
2,5,285.0000,83.1870,3,21.1111,1.0349,3,14
2,5,179.0496,92.1247,3,5.8889,1.0349,3,5
2,5,439.2759,257.2463,3,10.1111,1.0349,3,7
2,5,422.1976,335.2458,3,11.1111,1.0349,3,9
2,5,81.1047,195.1494,3,7.4444,1.0349,3,6
2,5,163.2232,416.3171,3,11.3333,1.0349,3,9
2,5,374.2131,400.1622,3,8.2222,1.0349,3,5
2,5,191.0984,430.2992,3,10.1111,1.0349,3,7
2,5,349.2011,417.3292,3,9.4444,1.0349,3,6
2,5,137.1170,403.0029,3,8.5556,1.0349,3,5
2,5,443.3848,287.4141,3,11.6667,1.0349,3,9
2,5,219.2333,443.0467,3,8.5556,1.0349,3,6
2,5,61.1909,274.1515,3,9.5556,1.0349,3,6
2,5,446.2579,318.1333,3,9.1111,1.0349,3,6
2,5,166.3495,447.0714,3,8.7778,1.0349,3,5
2,5,448.4446,348.1630,3,10.3333,1.0349,3,7
2,5,193.3797,461.1767,3,17.4444,1.0349,3,11
2,5,273.3103,470.2385,3,6.8889,1.0349,3,5
2,5,402.2251,413.3785,3,10.3333,1.0349,3,7
2,5,351.2879,449.0675,3,6.7778,1.0349,3,4
2,5,451.3291,379.0126,3,6.4444,1.0349,3,4
2,5,249.1497,488.0775,3,7.1111,1.0349,3,5
2,5,429.1982,426.3180,3,7.8889,1.0349,3,6
2,5,354.1710,479.0957,3,10.7778,1.0349,3,6
3,5,256.1878,256.1336,3,196.0000,1.0854,3,189
3,5,229.4149,242.2582,3,184.2222,1.0854,3,140
3,5,284.1613,268.4231,3,198.0000,1.0854,3,158
3,5,281.5073,238.6320,3,184.8889,1.0854,3,125
3,5,231.4508,273.5222,3,134.3333,1.0854,3,103
3,5,254.4522,225.3025,3,82.2222,1.0854,3,67
3,5,259.4002,287.0016,3,154.7778,1.0854,3,113
3,5,308.3777,252.1578,3,197.5556,1.0854,3,155
3,5,279.3886,209.0891,3,207.2222,1.0854,3,161
3,5,227.3788,212.3348,3,68.3333,1.0854,3,56
3,5,287.0731,299.3299,3,179.7778,1.0854,3,135
3,5,203.4812,260.0317,3,210.3333,1.0854,3,171
3,5,233.4914,305.1876,3,204.2222,1.0854,3,165
3,5,262.2608,316.4288,3,90.2222,1.0854,3,72
3,5,202.4888,229.2284,3,78.0000,1.0854,3,64
3,5,206.3611,290.3972,3,98.5556,1.0854,3,80
3,5,311.4986,282.2986,3,85.5556,1.0854,3,72
3,5,252.1637,195.1994,3,26.8889,1.0854,3,20
3,5,307.0714,222.0308,3,173.4444,1.0854,3,125
3,5,177.2172,246.2572,3,84.6667,1.0854,3,62
3,5,179.1484,277.2823,3,87.7778,1.0854,3,61
3,5,304.1699,192.1670,3,79.7778,1.0854,3,56
3,5,336.3297,265.2522,3,66.8889,1.0854,3,53
3,5,314.2441,312.3486,3,73.7778,1.0854,3,56
3,5,277.1036,178.1202,3,12.2222,1.0854,3,10
3,5,289.5157,330.1242,3,79.7778,1.0854,3,53
3,5,209.0500,322.0432,3,67.7778,1.0854,3,47
3,5,334.3602,234.5346,3,134.0000,1.0854,3,98
3,5,224.3081,181.3662,3,8.4444,1.0854,3,6
3,5,199.3153,198.4214,3,10.1111,1.0854,3,7
3,5,236.3123,335.0080,3,54.6667,1.0854,3,38
3,5,174.4049,216.2398,3,11.4444,1.0854,3,9
3,5,331.4757,204.4939,3,125.3333,1.0854,3,108
3,5,181.3457,308.1280,3,83.5556,1.0854,3,61
3,5,339.3693,295.4891,3,99.4444,1.0854,3,83
3,5,249.2802,164.1961,3,8.2222,1.0854,3,6
3,5,264.4479,348.0402,3,116.8889,1.0854,3,83
3,5,152.1999,263.4916,3,65.3333,1.0854,3,48
3,5,301.5274,161.1692,3,16.1111,1.0854,3,11
3,5,361.0679,248.2880,3,102.0000,1.0854,3,73
3,5,211.2065,352.4024,3,107.3333,1.0854,3,80
3,5,317.1570,343.1986,3,70.5556,1.0854,3,51
3,5,154.0971,294.2443,3,90.4444,1.0854,3,61
3,5,341.5071,325.4527,3,49.0000,1.0854,3,37
3,5,359.1192,218.0274,3,61.6667,1.0854,3,43
3,5,183.4947,338.1976,3,38.1111,1.0854,3,29
3,5,329.3246,174.0665,3,12.3333,1.0854,3,8
3,5,292.1048,360.3911,3,37.2222,1.0854,3,28
3,5,239.1639,365.2802,3,42.0000,1.0854,3,33
3,5,363.5321,279.0527,3,29.7778,1.0854,3,21
3,5,356.2171,188.0764,3,36.6667,1.0854,3,25
3,5,156.3081,325.1939,3,70.4444,1.0854,3,53
3,5,366.4522,309.0793,3,48.0000,1.0854,3,37
3,5,267.0629,378.2343,3,44.6667,1.0854,3,32
3,5,386.3626,230.4945,3,37.4444,1.0854,3,32
3,5,186.4104,369.2529,3,24.5556,1.0854,3,20
3,5,214.3040,382.1377,3,29.4444,1.0854,3,23
3,5,389.1766,261.2359,3,38.4444,1.0854,3,26
3,5,319.1382,374.1707,3,36.6667,1.0854,3,26
3,5,344.2192,357.1868,3,25.1111,1.0854,3,17
3,5,130.1770,311.3150,3,77.5556,1.0854,3,52
3,5,383.3667,201.0388,3,41.3333,1.0854,3,32
3,5,159.2875,355.3753,3,35.4444,1.0854,3,28
3,5,241.5171,395.2291,3,30.5556,1.0854,3,20
3,5,294.3240,391.0032,3,44.0000,1.0854,3,32
3,5,391.4509,291.2709,3,27.4444,1.0854,3,22
3,5,369.3254,339.4192,3,27.8889,1.0854,3,20
3,5,131.3846,342.2796,3,76.4444,1.0854,3,54
3,5,269.0508,408.4543,3,39.3333,1.0854,3,28
3,5,394.1628,322.0558,3,32.7778,1.0854,3,24
3,5,189.5520,398.5408,3,37.7778,1.0854,3,25
3,5,414.4050,244.2179,3,33.0000,1.0854,3,25
3,5,410.4014,213.3584,3,9.2222,1.0854,3,10
3,5,347.0983,388.0231,3,33.3333,1.0854,3,22
3,5,216.4549,412.4681,3,24.5556,1.0854,3,21
3,5,416.1050,274.1877,3,36.8889,1.0854,3,25
3,5,161.2245,386.2607,3,34.7778,1.0854,3,24
3,5,372.1312,369.3273,3,18.6667,1.0854,3,13
3,5,322.2268,404.1375,3,10.5556,1.0854,3,8
3,5,134.2119,372.4275,3,46.3333,1.0854,3,31
3,5,396.3717,352.4045,3,24.1111,1.0854,3,19
3,5,419.0835,305.1805,3,43.3333,1.0854,3,28
3,5,231.5550,87.1634,3,32.3333,1.0854,3,20
3,5,243.2535,426.4639,3,19.2222,1.0854,3,15
3,5,296.3491,422.4226,3,17.1111,1.0854,3,15
3,5,285.0071,83.1827,3,21.1111,1.0854,3,14
3,5,439.2709,257.2302,3,9.6667,1.0854,3,7
3,5,422.2069,335.2414,3,10.6667,1.0854,3,8
3,5,163.2174,416.3060,3,11.1111,1.0854,3,9
3,5,191.1176,430.2914,3,9.6667,1.0854,3,7
3,5,374.1693,400.1853,3,7.8889,1.0854,3,5
3,5,349.1977,418.0205,3,9.8889,1.0854,3,6
3,5,137.0906,402.3538,3,7.3333,1.0854,3,5
3,5,443.3626,287.3586,3,11.2222,1.0854,3,7
3,5,219.2706,442.3211,3,7.8889,1.0854,3,6
3,5,61.2133,274.0178,3,8.7778,1.0854,3,5
3,5,446.2805,318.1098,3,9.1111,1.0854,3,6
3,5,166.2817,447.0838,3,8.5556,1.0854,3,4
3,5,449.0032,348.1782,3,11.1111,1.0854,3,6
3,5,193.3740,461.1805,3,16.5556,1.0854,3,11
3,5,402.2206,413.3703,3,9.8889,1.0854,3,7
3,5,273.2775,470.2493,3,6.8889,1.0854,3,4
3,5,351.2820,449.0504,3,6.7778,1.0854,3,4
3,5,429.2870,426.3045,3,7.4444,1.0854,3,5
3,5,354.1571,479.0956,3,10.3333,1.0854,3,6
3,5,276.2430,500.0929,3,6.8889,1.0854,3,4
4,5,256.1877,256.1337,3,196.0000,0.9622,3,189
4,5,281.4827,239.0960,3,159.4444,0.9622,3,125
4,5,229.4144,242.2587,3,184.2222,0.9622,3,140
4,5,284.1611,268.4230,3,198.0000,0.9622,3,157
4,5,231.4516,273.5230,3,134.3333,0.9622,3,103
4,5,254.4533,225.3047,3,82.2222,0.9622,3,67
4,5,259.4002,287.0016,3,154.7778,0.9622,3,113
4,5,308.3768,252.1577,3,197.4444,0.9622,3,155
4,5,279.3882,209.0897,3,207.2222,0.9622,3,160
4,5,227.3777,212.3344,3,68.3333,0.9622,3,56
4,5,287.0699,299.3297,3,179.7778,0.9622,3,135
4,5,203.4818,260.0326,3,210.2222,0.9622,3,171
4,5,233.4926,305.1878,3,204.2222,0.9622,3,165
4,5,262.2656,316.4311,3,89.8889,0.9622,3,72
4,5,202.4891,229.2265,3,78.0000,0.9622,3,64
4,5,206.3632,290.3958,3,98.5556,0.9622,3,80
4,5,311.4994,282.2980,3,85.5556,0.9622,3,72
4,5,252.1637,195.2058,3,26.8889,0.9622,3,20
4,5,307.0715,222.0309,3,173.3333,0.9622,3,125
4,5,177.2200,246.2577,3,84.5556,0.9622,3,62
4,5,179.1496,277.2839,3,87.7778,0.9622,3,61
4,5,304.1683,192.1665,3,79.6667,0.9622,3,56
4,5,336.3272,265.2492,3,66.8889,0.9622,3,53
4,5,314.2453,312.3511,3,73.7778,0.9622,3,56
4,5,277.1080,178.1213,3,12.2222,0.9622,3,10
4,5,289.5188,330.1307,3,79.6667,0.9622,3,53
4,5,209.0506,322.0430,3,67.6667,0.9622,3,47
4,5,334.3606,234.5363,3,134.0000,0.9622,3,98
4,5,224.2806,181.3597,3,8.4444,0.9622,3,6
4,5,199.2996,198.4147,3,10.1111,0.9622,3,7
4,5,236.3091,335.0103,3,54.6667,0.9622,3,38
4,5,174.4103,216.2407,3,11.4444,0.9622,3,9
4,5,331.4779,204.4950,3,125.3333,0.9622,3,108
4,5,181.3406,308.1329,3,83.5556,0.9622,3,61
4,5,339.3688,295.4901,3,99.4444,0.9622,3,83
4,5,249.2974,164.1797,3,8.1111,0.9622,3,6
4,5,264.4508,348.0384,3,116.8889,0.9622,3,83
4,5,152.1971,263.4954,3,65.3333,0.9622,3,48
4,5,301.5306,161.1708,3,16.1111,0.9622,3,11
4,5,361.0689,248.2879,3,101.8889,0.9622,3,73
4,5,211.2054,352.4017,3,107.3333,0.9622,3,80
4,5,317.1567,343.1991,3,70.5556,0.9622,3,51
4,5,154.0996,294.2434,3,90.3333,0.9622,3,61
4,5,341.5071,325.4527,3,49.0000,0.9622,3,37
4,5,359.1139,218.0261,3,61.6667,0.9622,3,43
4,5,183.4947,338.1976,3,38.1111,0.9622,3,29
4,5,329.3499,174.0477,3,12.3333,0.9622,3,8
4,5,292.0957,360.4091,3,37.2222,0.9622,3,28
4,5,239.1728,365.2763,3,42.0000,0.9622,3,33
4,5,363.5304,279.0567,3,29.7778,0.9622,3,21
4,5,356.2152,188.0758,3,36.5556,0.9622,3,25
4,5,156.3094,325.2000,3,70.4444,0.9622,3,53
4,5,366.4522,309.0769,3,48.0000,0.9622,3,37
4,5,267.0701,378.2331,3,44.6667,0.9622,3,32
4,5,386.3605,230.4976,3,37.4444,0.9622,3,32
4,5,186.4191,369.2545,3,24.4444,0.9622,3,20
4,5,214.3057,382.1450,3,29.3333,0.9622,3,23
4,5,389.1766,261.2332,3,38.4444,0.9622,3,26
4,5,319.1351,374.1733,3,36.5556,0.9622,3,26
4,5,344.2217,357.1936,3,25.0000,0.9622,3,17
4,5,130.1769,311.3155,3,77.5556,0.9622,3,52
4,5,383.3639,201.0328,3,41.3333,0.9622,3,32
4,5,159.2907,355.3786,3,35.3333,0.9622,3,28
4,5,241.5136,395.2290,3,30.4444,0.9622,3,20
4,5,294.3269,391.0053,3,44.0000,0.9622,3,32
4,5,391.4509,291.2709,3,27.4444,0.9622,3,22
4,5,369.3250,339.4219,3,27.8889,0.9622,3,20
4,5,131.3856,342.2789,3,76.4444,0.9622,3,53
4,5,269.0569,408.4508,3,39.3333,0.9622,3,28
4,5,394.1565,322.0579,3,32.7778,0.9622,3,24
4,5,189.5602,398.5321,3,37.7778,0.9622,3,25
4,5,414.4045,244.2136,3,33.0000,0.9622,3,25
4,5,410.3991,213.3432,3,9.2222,0.9622,3,9
4,5,347.0947,388.0269,3,33.3333,0.9622,3,22
4,5,216.4618,412.4654,3,24.5556,0.9622,3,21
4,5,416.0965,274.1870,3,36.8889,0.9622,3,25
4,5,161.2287,386.2560,3,34.7778,0.9622,3,23
4,5,372.1281,369.3218,3,18.6667,0.9622,3,13
4,5,322.2244,404.1350,3,10.4444,0.9622,3,8
4,5,134.2137,372.4274,3,46.3333,0.9622,3,31
4,5,396.3717,352.4045,3,24.1111,0.9622,3,19
4,5,419.0818,305.1796,3,43.2222,0.9622,3,28
4,5,231.5550,87.1634,3,32.3333,0.9622,3,20
4,5,243.2542,426.4638,3,19.1111,0.9622,3,15
4,5,296.3443,422.4129,3,17.1111,0.9622,3,14
4,5,285.0036,83.1710,3,21.0000,0.9622,3,13
4,5,422.2101,335.2315,3,10.4444,0.9622,3,8
4,5,439.2669,257.2255,3,9.3333,0.9622,3,7
4,5,191.1232,430.3042,3,9.4444,0.9622,3,7
4,5,163.2292,416.2656,3,10.3333,0.9622,3,9
4,5,374.1995,400.1667,3,7.5556,0.9622,3,5
4,5,349.2201,418.0215,3,9.5556,0.9622,3,6
4,5,137.1018,402.3237,3,7.2222,0.9622,3,5
4,5,219.2949,443.0012,3,8.2222,0.9622,3,6
4,5,443.3566,287.3770,3,11.0000,0.9622,3,8
4,5,61.2307,274.0621,3,8.2222,0.9622,3,5
4,5,446.2723,318.1064,3,9.0000,0.9622,3,6
4,5,166.2903,447.0934,3,8.2222,0.9622,3,4
4,5,449.0078,348.1526,3,10.6667,0.9622,3,6
4,5,193.3620,461.1677,3,15.8889,0.9622,3,10
4,5,273.2638,470.2580,3,6.7778,0.9622,3,4
4,5,402.1961,413.3501,3,9.6667,0.9622,3,6
4,5,351.2978,449.0817,3,6.5556,0.9622,3,4
4,5,429.3553,427.0142,3,9.2222,0.9622,3,5
4,5,354.1568,479.0909,3,10.2222,0.9622,3,6
4,5,276.2266,500.0859,3,6.3333,0.9622,3,4
5,5,256.1878,256.1335,3,196.0000,0.8941,3,189
5,5,281.4824,239.0956,3,159.4444,0.8941,3,125
5,5,229.4144,242.2587,3,184.2222,0.8941,3,140
5,5,284.1611,268.4230,3,198.0000,0.8941,3,157
5,5,231.4525,273.5234,3,134.3333,0.8941,3,103
5,5,254.4516,225.3028,3,82.2222,0.8941,3,67
5,5,259.4002,287.0016,3,154.7778,0.8941,3,113
5,5,308.3778,252.1578,3,197.4444,0.8941,3,155
5,5,279.3882,209.0897,3,207.2222,0.8941,3,160
5,5,227.3769,212.3339,3,68.3333,0.8941,3,56
5,5,287.0714,299.3308,3,179.6667,0.8941,3,135
5,5,203.4818,260.0323,3,210.2222,0.8941,3,171
5,5,233.4925,305.1876,3,204.2222,0.8941,3,165
5,5,262.2654,316.4327,3,89.8889,0.8941,3,72
5,5,202.4891,229.2265,3,78.0000,0.8941,3,64
5,5,206.3632,290.3958,3,98.5556,0.8941,3,80
5,5,311.4994,282.2981,3,85.5556,0.8941,3,72
5,5,252.1712,195.2098,3,26.8889,0.8941,3,20
5,5,307.0725,222.0303,3,173.3333,0.8941,3,125
5,5,177.2204,246.2562,3,84.5556,0.8941,3,62
5,5,179.1496,277.2839,3,87.7778,0.8941,3,61
5,5,304.1683,192.1665,3,79.6667,0.8941,3,56
5,5,336.3272,265.2492,3,66.8889,0.8941,3,53
5,5,314.2441,312.3496,3,73.7778,0.8941,3,56
5,5,277.1080,178.1213,3,12.2222,0.8941,3,10
5,5,289.5260,330.1267,3,79.5556,0.8941,3,53
5,5,209.0504,322.0421,3,67.5556,0.8941,3,47
5,5,334.3610,234.5367,3,133.8889,0.8941,3,98
5,5,224.2806,181.3597,3,8.4444,0.8941,3,6
5,5,199.2837,198.4165,3,10.1111,0.8941,3,7
5,5,236.3121,335.0078,3,54.6667,0.8941,3,38
5,5,174.4103,216.2407,3,11.3333,0.8941,3,9
5,5,331.4779,204.4950,3,125.3333,0.8941,3,108
5,5,181.3369,308.1360,3,83.5556,0.8941,3,61
5,5,339.3688,295.4901,3,99.4444,0.8941,3,83
5,5,249.3000,164.1901,3,8.1111,0.8941,3,6
5,5,264.4508,348.0384,3,116.8889,0.8941,3,83
5,5,152.1991,263.4962,3,65.2222,0.8941,3,48
5,5,361.0682,248.2879,3,101.8889,0.8941,3,73
5,5,302.0377,161.1551,3,16.1111,0.8941,3,11
5,5,211.2068,352.4011,3,107.3333,0.8941,3,80
5,5,317.1567,343.1991,3,70.5556,0.8941,3,51
5,5,154.1043,294.2443,3,90.1111,0.8941,3,60
5,5,341.5022,325.4580,3,49.0000,0.8941,3,37
5,5,359.1119,218.0249,3,61.6667,0.8941,3,43
5,5,183.4947,338.1976,3,38.1111,0.8941,3,29
5,5,329.3499,174.0477,3,12.3333,0.8941,3,8
5,5,292.0975,360.4104,3,37.2222,0.8941,3,28
5,5,239.1702,365.2772,3,41.8889,0.8941,3,33
5,5,363.5269,279.0556,3,29.7778,0.8941,3,21
5,5,356.2152,188.0758,3,36.5556,0.8941,3,25
5,5,156.3094,325.2000,3,70.4444,0.8941,3,53
5,5,366.4489,309.0775,3,48.0000,0.8941,3,37
5,5,267.0722,378.2312,3,44.6667,0.8941,3,32
5,5,386.3592,230.5000,3,43.2222,0.8941,3,32
5,5,186.4088,369.2511,3,24.4444,0.8941,3,20
5,5,214.3057,382.1450,3,29.3333,0.8941,3,23
5,5,389.1884,261.2337,3,38.4444,0.8941,3,26
5,5,319.1322,374.1683,3,36.5556,0.8941,3,26
5,5,344.2217,357.1936,3,25.0000,0.8941,3,17
5,5,130.1768,311.3158,3,77.5556,0.8941,3,52
5,5,159.2907,355.3786,3,35.3333,0.8941,3,28
5,5,383.3579,201.0301,3,41.3333,0.8941,3,31
5,5,241.5154,395.2319,3,30.3333,0.8941,3,20
5,5,294.3269,391.0053,3,44.0000,0.8941,3,32
5,5,391.4509,291.2709,3,27.4444,0.8941,3,22
5,5,369.3256,339.4255,3,27.8889,0.8941,3,20
5,5,131.3856,342.2789,3,76.4444,0.8941,3,53
5,5,269.0516,408.4481,3,39.3333,0.8941,3,28
5,5,394.1565,322.0579,3,32.7778,0.8941,3,24
5,5,189.5628,398.5290,3,37.7778,0.8941,3,25
5,5,414.4014,244.2119,3,33.0000,0.8941,3,25
5,5,410.3987,213.3553,3,9.2222,0.8941,3,9
5,5,347.0947,388.0269,3,33.3333,0.8941,3,22
5,5,216.4689,412.4689,3,24.5556,0.8941,3,21
5,5,416.0929,274.1858,3,36.8889,0.8941,3,25
5,5,161.2324,386.2556,3,34.7778,0.8941,3,23
5,5,372.1068,369.3073,3,18.6667,0.8941,3,13
5,5,322.2239,404.1437,3,10.4444,0.8941,3,8
5,5,134.2135,372.4254,3,46.3333,0.8941,3,31
5,5,396.3695,352.4003,3,24.1111,0.8941,3,19
5,5,419.0930,305.1704,3,43.2222,0.8941,3,28
5,5,232.0029,87.1770,3,32.3333,0.8941,3,20
5,5,243.2500,426.4637,3,19.1111,0.8941,3,15
5,5,296.3466,422.4180,3,17.1111,0.8941,3,14
5,5,284.5175,83.1642,3,20.8889,0.8941,3,13
5,5,439.2578,257.1835,3,8.8889,0.8941,3,6
5,5,422.1894,335.1794,3,9.8889,0.8941,3,8
5,5,163.2610,416.2390,3,9.7778,0.8941,3,8
5,5,349.1725,417.3125,3,8.3333,0.8941,3,6
5,5,374.1970,400.1253,3,7.4444,0.8941,3,5
5,5,191.0940,430.3013,3,9.2222,0.8941,3,7
5,5,443.3316,287.3583,3,10.4444,0.8941,3,7
5,5,219.2642,443.0071,3,7.7778,0.8941,3,5
5,5,61.2444,272.7250,3,7.2222,0.8941,3,4
5,5,446.2629,318.0361,3,8.3333,0.8941,3,5
5,5,166.2889,446.2784,3,7.0000,0.8941,3,4
5,5,448.4184,348.1457,3,9.2222,0.8941,3,6
5,5,402.2373,413.2166,3,8.3333,0.8941,3,5
5,5,193.3628,461.1281,3,15.3333,0.8941,3,10
5,5,429.2005,426.3654,3,7.2222,0.8941,3,4
5,5,354.1799,478.4159,3,9.3333,0.8941,3,6
6,5,256.1879,256.1342,3,196.0000,0.8783,3,190
6,5,259.4138,286.5269,3,154.4444,0.8783,3,114
6,5,281.4848,239.0938,3,159.4444,0.8783,3,125
6,5,229.4165,242.2610,3,183.8889,0.8783,3,141
6,5,284.1610,268.4237,3,197.8889,0.8783,3,157
6,5,231.4530,273.5240,3,134.2222,0.8783,3,103
6,5,254.4544,225.3023,3,82.1111,0.8783,3,67
6,5,308.3799,252.1604,3,197.4444,0.8783,3,155
6,5,279.3883,209.0912,3,207.2222,0.8783,3,160
6,5,227.3852,212.3358,3,68.2222,0.8783,3,55
6,5,287.0713,299.3312,3,179.5556,0.8783,3,135
6,5,203.4824,260.0315,3,210.1111,0.8783,3,171
6,5,233.4945,305.1866,3,203.8889,0.8783,3,165
6,5,262.2619,316.4333,3,89.8889,0.8783,3,72
6,5,202.4924,229.2268,3,77.8889,0.8783,3,64
6,5,206.3661,290.3975,3,98.5556,0.8783,3,80
6,5,311.5000,282.2955,3,98.5556,0.8783,3,72
6,5,252.1642,195.2033,3,26.7778,0.8783,3,20
6,5,307.0734,222.0303,3,173.2222,0.8783,3,125
6,5,177.2184,246.2644,3,84.5556,0.8783,3,62
6,5,179.1537,277.2894,3,87.4444,0.8783,3,61
6,5,304.1679,192.1747,3,79.5556,0.8783,3,56
6,5,224.2927,181.3679,3,8.2222,0.8783,3,6
6,5,336.3296,265.2545,3,66.7778,0.8783,3,53
6,5,314.2505,312.3513,3,73.6667,0.8783,3,56
6,5,277.1195,178.1599,3,12.1111,0.8783,3,10
6,5,289.5272,330.1277,3,79.3333,0.8783,3,53
6,5,209.0502,322.0418,3,67.3333,0.8783,3,47
6,5,334.3613,234.5381,3,133.7778,0.8783,3,98
6,5,199.2787,198.4089,3,10.0000,0.8783,3,7
6,5,236.3131,335.0012,3,54.6667,0.8783,3,38
6,5,174.4154,216.2343,3,11.2222,0.8783,3,8
6,5,331.4789,204.4948,3,125.3333,0.8783,3,108
6,5,181.3329,308.1376,3,83.5556,0.8783,3,61
6,5,339.3645,295.4910,3,99.4444,0.8783,3,83
6,5,249.3233,164.2002,3,8.1111,0.8783,3,6
6,5,264.4470,348.0386,3,116.8889,0.8783,3,83
6,5,152.2019,263.4992,3,65.1111,0.8783,3,48
6,5,361.0694,248.2850,3,101.6667,0.8783,3,74
6,5,302.0445,161.1656,3,16.1111,0.8783,3,11
6,5,211.2034,352.3984,3,107.3333,0.8783,3,80
6,5,317.1701,343.2057,3,70.5556,0.8783,3,51
6,5,154.1076,294.2429,3,90.1111,0.8783,3,60
6,5,341.4890,325.4637,3,43.5556,0.8783,3,36
6,5,359.1108,218.0261,3,61.6667,0.8783,3,43
6,5,183.4974,338.1947,3,38.1111,0.8783,3,29
6,5,329.3232,174.1021,3,12.1111,0.8783,3,8
6,5,292.0974,360.4293,3,37.2222,0.8783,3,28
6,5,239.1639,365.2724,3,41.6667,0.8783,3,33
6,5,363.5270,279.0410,3,29.7778,0.8783,3,21
6,5,356.2171,188.0856,3,36.5556,0.8783,3,25
6,5,156.3108,325.1954,3,70.4444,0.8783,3,53
6,5,366.4383,309.0797,3,48.0000,0.8783,3,37
6,5,267.0605,378.2257,3,44.6667,0.8783,3,32
6,5,126.3405,280.3016,3,5.8889,0.8783,3,4
6,5,386.3628,230.5087,3,43.2222,0.8783,3,32
6,5,214.3080,382.1469,3,29.0000,0.8783,3,23
6,5,186.4334,369.2567,3,24.1111,0.8783,3,20
6,5,389.2044,261.2409,3,38.1111,0.8783,3,26
6,5,319.1299,374.1769,3,36.3333,0.8783,3,26
6,5,344.2232,357.1949,3,24.8889,0.8783,3,17
6,5,130.1758,311.3151,3,77.5556,0.8783,3,52
6,5,159.2882,355.3803,3,35.1111,0.8783,3,28
6,5,383.3648,200.5764,3,41.3333,0.8783,3,31
6,5,241.5265,395.2172,3,30.2222,0.8783,3,20
6,5,369.3411,339.4321,3,27.6667,0.8783,3,20
6,5,294.3297,391.0068,3,44.0000,0.8783,3,32
6,5,391.4552,291.2750,3,27.4444,0.8783,3,22
6,5,131.3886,342.2857,3,76.2222,0.8783,3,53
6,5,269.0437,408.4411,3,39.3333,0.8783,3,28
6,5,394.1513,322.0596,3,32.7778,0.8783,3,24
6,5,189.5663,398.5275,3,37.7778,0.8783,3,25
6,5,414.4107,244.2153,3,33.0000,0.8783,3,25
6,5,410.4139,213.3480,3,9.1111,0.8783,3,9
6,5,347.1020,388.0249,3,33.3333,0.8783,3,22
6,5,216.4874,412.4695,3,24.5556,0.8783,3,21
6,5,416.0823,274.1914,3,36.8889,0.8783,3,25
6,5,161.2506,386.2556,3,34.7778,0.8783,3,23
6,5,372.0958,369.3151,3,18.6667,0.8783,3,13
6,5,322.2533,404.1577,3,10.3333,0.8783,3,8
6,5,134.2149,372.4244,3,46.0000,0.8783,3,31
6,5,396.3695,352.4003,3,24.1111,0.8783,3,19
6,5,419.0707,305.1819,3,43.2222,0.8783,3,28
6,5,231.5489,87.1620,3,32.3333,0.8783,3,20
6,5,243.2569,426.4490,3,19.0000,0.8783,3,15
6,5,296.3427,422.4147,3,17.1111,0.8783,3,14
6,5,285.0080,83.1662,3,20.5556,0.8783,3,13
6,5,422.1834,335.0873,3,9.3333,0.8783,3,7
6,5,439.2649,257.1658,3,8.6667,0.8783,3,6
6,5,191.1117,430.2722,3,8.8889,0.8783,3,7
6,5,163.2714,416.2867,3,9.2222,0.8783,3,8
6,5,349.2045,417.2784,3,8.1111,0.8783,3,5
6,5,374.2064,400.1399,3,7.2222,0.8783,3,5
6,5,443.3151,287.3529,3,10.1111,0.8783,3,6
6,5,219.2146,443.0335,3,6.8889,0.8783,3,5
6,5,61.2022,272.7131,3,7.1111,0.8783,3,4
6,5,446.1875,318.0677,3,8.2222,0.8783,3,6
6,5,166.2320,446.1740,3,6.8889,0.8783,3,4
6,5,448.3825,348.1235,3,9.0000,0.8783,3,6
6,5,193.3688,461.0928,3,14.6667,0.8783,3,9
6,5,402.3151,413.2762,3,8.3333,0.8783,3,5
6,5,429.1703,426.2967,3,6.8889,0.8783,3,4
6,5,354.1651,479.0199,3,9.5556,0.8783,3,5
7,5,256.1878,256.1340,3,196.0000,0.8293,3,190
7,5,259.4138,286.5269,3,154.4444,0.8293,3,114
7,5,281.4848,239.0938,3,159.4444,0.8293,3,125
7,5,229.4161,242.2607,3,183.8889,0.8293,3,141
7,5,284.1610,268.4237,3,197.8889,0.8293,3,157
7,5,231.4530,273.5240,3,134.2222,0.8293,3,103
7,5,254.4544,225.3023,3,82.1111,0.8293,3,67
7,5,308.3799,252.1604,3,197.4444,0.8293,3,155
7,5,279.3883,209.0912,3,207.2222,0.8293,3,160
7,5,227.3852,212.3358,3,68.2222,0.8293,3,55
7,5,287.0716,299.3307,3,179.5556,0.8293,3,135
7,5,203.4832,260.0314,3,210.1111,0.8293,3,171
7,5,233.4936,305.1867,3,203.8889,0.8293,3,165
7,5,262.2619,316.4333,3,89.8889,0.8293,3,72
7,5,202.4924,229.2268,3,77.8889,0.8293,3,64
7,5,206.3663,290.3970,3,98.4444,0.8293,3,80
7,5,311.4992,282.2936,3,85.4444,0.8293,3,72
7,5,252.1676,195.2012,3,26.7778,0.8293,3,20
7,5,307.0734,222.0297,3,173.2222,0.8293,3,125
7,5,177.2184,246.2644,3,84.5556,0.8293,3,62
7,5,179.1537,277.2894,3,87.4444,0.8293,3,61
7,5,304.1679,192.1747,3,79.5556,0.8293,3,56
7,5,224.2818,181.3753,3,8.2222,0.8293,3,6
7,5,336.3291,265.2528,3,66.7778,0.8293,3,53
7,5,314.2505,312.3513,3,73.6667,0.8293,3,56
7,5,277.1195,178.1599,3,12.1111,0.8293,3,10
7,5,289.5272,330.1277,3,79.3333,0.8293,3,53
7,5,209.0492,322.0409,3,67.3333,0.8293,3,47
7,5,334.3614,234.5364,3,133.7778,0.8293,3,98
7,5,199.2800,198.4107,3,10.0000,0.8293,3,7
7,5,236.3256,334.4786,3,46.3333,0.8293,3,38
7,5,174.4208,216.2366,3,11.1111,0.8293,3,8
7,5,331.4800,204.4945,3,125.3333,0.8293,3,108
7,5,181.3314,308.1412,3,83.5556,0.8293,3,61
7,5,339.3645,295.4910,3,99.4444,0.8293,3,83
7,5,249.3233,164.2002,3,8.1111,0.8293,3,6
7,5,264.4470,348.0386,3,116.8889,0.8293,3,83
7,5,152.2019,263.4992,3,65.1111,0.8293,3,48
7,5,361.0685,248.2857,3,101.5556,0.8293,3,74
7,5,302.0445,161.1656,3,16.1111,0.8293,3,11
7,5,211.2034,352.3984,3,107.3333,0.8293,3,80
7,5,317.1701,343.2057,3,70.5556,0.8293,3,51
7,5,154.1076,294.2429,3,90.1111,0.8293,3,60
7,5,341.4890,325.4637,3,43.5556,0.8293,3,36
7,5,359.1108,218.0261,3,61.6667,0.8293,3,43
7,5,183.4974,338.1947,3,38.1111,0.8293,3,29
7,5,329.3186,174.0949,3,12.1111,0.8293,3,8
7,5,292.0974,360.4293,3,37.2222,0.8293,3,28
7,5,239.1631,365.2739,3,41.5556,0.8293,3,33
7,5,363.5270,279.0410,3,29.7778,0.8293,3,21
7,5,356.2142,188.0831,3,36.5556,0.8293,3,25
7,5,156.3108,325.1954,3,70.4444,0.8293,3,53
7,5,366.4383,309.0797,3,48.0000,0.8293,3,37
7,5,267.0605,378.2257,3,44.6667,0.8293,3,32
7,5,386.3658,230.5074,3,43.2222,0.8293,3,32
7,5,214.3080,382.1469,3,29.0000,0.8293,3,23
7,5,186.4361,369.2602,3,24.1111,0.8293,3,20
7,5,389.2044,261.2409,3,38.1111,0.8293,3,26
7,5,319.1299,374.1769,3,36.3333,0.8293,3,26
7,5,344.2232,357.1949,3,24.8889,0.8293,3,17
7,5,130.1758,311.3151,3,77.5556,0.8293,3,52
7,5,159.2886,355.3808,3,35.1111,0.8293,3,28
7,5,383.3648,200.5764,3,41.3333,0.8293,3,31
7,5,241.5256,395.2212,3,30.2222,0.8293,3,20
7,5,369.3411,339.4321,3,27.6667,0.8293,3,20
7,5,294.3297,391.0068,3,44.0000,0.8293,3,32
7,5,391.4552,291.2750,3,27.4444,0.8293,3,22
7,5,131.3886,342.2857,3,76.2222,0.8293,3,53
7,5,269.0437,408.4411,3,39.3333,0.8293,3,28
7,5,394.1541,322.0576,3,32.7778,0.8293,3,24
7,5,189.5704,398.5283,3,37.7778,0.8293,3,25
7,5,414.4099,244.2181,3,33.0000,0.8293,3,25
7,5,410.4138,213.3440,3,9.1111,0.8293,3,9
7,5,347.1093,388.0278,3,33.2222,0.8293,3,22
7,5,216.4874,412.4695,3,24.5556,0.8293,3,21
7,5,416.0823,274.1914,3,36.8889,0.8293,3,25
7,5,161.2506,386.2556,3,34.7778,0.8293,3,23
7,5,372.0958,369.3151,3,18.6667,0.8293,3,13
7,5,322.2533,404.1577,3,10.3333,0.8293,3,8
7,5,134.2127,372.4277,3,46.0000,0.8293,3,31
7,5,396.3652,352.3971,3,24.1111,0.8293,3,19
7,5,419.0755,305.1841,3,43.2222,0.8293,3,28
7,5,231.5440,87.1510,3,32.2222,0.8293,3,20
7,5,243.2631,426.4516,3,19.0000,0.8293,3,15
7,5,296.3427,422.4147,3,17.1111,0.8293,3,14
7,5,285.0080,83.1662,3,20.5556,0.8293,3,13
7,5,439.2487,257.1320,3,8.2222,0.8293,3,6
7,5,422.1637,335.1125,3,9.0000,0.8293,3,6
7,5,163.2680,416.2661,3,8.7778,0.8293,3,7
7,5,191.1267,430.2667,3,8.4444,0.8293,3,6
7,5,349.2084,418.0177,3,8.3333,0.8293,3,5
7,5,374.1847,400.1250,3,6.8889,0.8293,3,5
7,5,443.3196,287.3239,3,9.6667,0.8293,3,6
7,5,219.2084,443.0371,3,6.3333,0.8293,3,5
7,5,61.2246,273.4626,3,6.8889,0.8293,3,4
7,5,446.1950,318.0570,3,8.0000,0.8293,3,5
7,5,448.3802,348.1039,3,8.6667,0.8293,3,6
7,5,193.3836,461.0961,3,13.8889,0.8293,3,9
7,5,402.2899,413.2696,3,7.7778,0.8293,3,5
7,5,429.1657,426.2956,3,6.6667,0.8293,3,4
7,5,354.1548,479.0190,3,9.3333,0.8293,3,5
8,5,256.1888,256.1335,3,196.0000,0.7433,3,190
8,5,259.4141,286.5264,3,154.4444,0.7433,3,114
8,5,281.4838,239.0986,3,159.2222,0.7433,3,125
8,5,229.4182,242.2597,3,183.8889,0.7433,3,141
8,5,284.1606,268.4262,3,197.7778,0.7433,3,158
8,5,231.4541,273.5240,3,134.1111,0.7433,3,103
8,5,254.4545,225.3053,3,82.0000,0.7433,3,67
8,5,203.4832,260.0316,3,209.8889,0.7433,3,171
8,5,308.3801,252.1591,3,197.4444,0.7433,3,155
8,5,279.3881,209.0903,3,207.0000,0.7433,3,160
8,5,227.3862,212.3392,3,68.1111,0.7433,3,55
8,5,287.0707,299.3308,3,179.4444,0.7433,3,135
8,5,233.4940,305.1859,3,203.7778,0.7433,3,165
8,5,262.2612,316.4337,3,89.8889,0.7433,3,72
8,5,202.4920,229.2271,3,77.7778,0.7433,3,63
8,5,206.3659,290.3976,3,98.3333,0.7433,3,80
8,5,311.4972,282.2950,3,85.2222,0.7433,3,72
8,5,252.1590,195.2038,3,26.6667,0.7433,3,20
8,5,307.0746,222.0285,3,173.2222,0.7433,3,125
8,5,177.2173,246.2615,3,84.4444,0.7433,3,62
8,5,179.1518,277.2873,3,87.4444,0.7433,3,61
8,5,304.1679,192.1794,3,79.5556,0.7433,3,56
8,5,224.3206,181.3707,3,8.1111,0.7433,3,6
8,5,336.3309,265.2589,3,66.5556,0.7433,3,53
8,5,314.2487,312.3493,3,73.5556,0.7433,3,56
8,5,277.1175,178.1724,3,11.8889,0.7433,3,10
8,5,289.5270,330.1312,3,79.1111,0.7433,3,52
8,5,209.0518,322.0350,3,67.3333,0.7433,3,47
8,5,334.3602,234.5371,3,133.4444,0.7433,3,98
8,5,199.2694,198.3780,3,10.0000,0.7433,3,7
8,5,236.3271,334.4690,3,46.3333,0.7433,3,38
8,5,250.0113,164.2027,3,8.2222,0.7433,3,6
8,5,174.4155,216.2565,3,11.0000,0.7433,3,8
8,5,331.4796,204.4952,3,125.3333,0.7433,3,109
8,5,181.3284,308.1402,3,83.3333,0.7433,3,60
8,5,339.3629,295.4922,3,99.4444,0.7433,3,83
8,5,264.4483,348.0373,3,116.8889,0.7433,3,83
8,5,152.2045,263.4992,3,65.0000,0.7433,3,48
8,5,361.0680,248.2855,3,101.4444,0.7433,3,74
8,5,302.0462,161.1729,3,16.1111,0.7433,3,11
8,5,211.2056,352.3953,3,107.3333,0.7433,3,80
8,5,317.1799,343.2111,3,70.1111,0.7433,3,51
8,5,154.1137,294.2464,3,90.1111,0.7433,3,60
8,5,341.4873,325.4602,3,43.5556,0.7433,3,36
8,5,359.1076,218.0264,3,61.6667,0.7433,3,43
8,5,183.4973,338.2167,3,38.1111,0.7433,3,29
8,5,329.2957,174.1022,3,12.0000,0.7433,3,8
8,5,292.0978,360.4388,3,37.0000,0.7433,3,28
8,5,239.1685,365.2787,3,41.3333,0.7433,3,33
8,5,363.5163,279.0420,3,29.7778,0.7433,3,21
8,5,356.2089,188.0975,3,36.4444,0.7433,3,25
8,5,156.3042,325.2011,3,70.4444,0.7433,3,53
8,5,366.4399,309.0787,3,48.0000,0.7433,3,37
8,5,267.0650,378.2086,3,44.6667,0.7433,3,32
8,5,386.3708,230.5143,3,43.2222,0.7433,3,32
8,5,214.3180,382.1359,3,29.0000,0.7433,3,23
8,5,186.4339,369.2495,3,24.1111,0.7433,3,20
8,5,389.2169,261.2524,3,37.5556,0.7433,3,26
8,5,319.1403,374.1798,3,36.0000,0.7433,3,26
8,5,344.2185,357.1819,3,24.8889,0.7433,3,17
8,5,130.1840,311.3120,3,77.5556,0.7433,3,52
8,5,383.3554,201.0380,3,41.3333,0.7433,3,31
8,5,159.2782,355.3840,3,35.1111,0.7433,3,27
8,5,241.5386,395.2102,3,30.2222,0.7433,3,20
8,5,369.3613,339.4399,3,27.3333,0.7433,3,20
8,5,294.3318,391.0018,3,44.0000,0.7433,3,32
8,5,391.4637,291.2630,3,26.5556,0.7433,3,21
8,5,131.3966,342.2855,3,76.0000,0.7433,3,53
8,5,269.0421,408.4334,3,39.3333,0.7433,3,28
8,5,394.1865,322.0611,3,32.1111,0.7433,3,24
8,5,190.0048,398.5282,3,37.7778,0.7433,3,25
8,5,414.4099,244.2219,3,33.0000,0.7433,3,25
8,5,410.4128,213.3590,3,8.8889,0.7433,3,9
8,5,347.1439,388.0662,3,32.3333,0.7433,3,22
8,5,216.4973,412.4613,3,24.5556,0.7433,3,21
8,5,416.0726,274.1859,3,36.8889,0.7433,3,25
8,5,161.2565,386.2498,3,34.7778,0.7433,3,23
8,5,372.0944,369.3420,3,18.6667,0.7433,3,13
8,5,322.2191,404.1876,3,10.3333,0.7433,3,8
8,5,134.2118,372.4253,3,45.7778,0.7433,3,31
8,5,396.3744,352.4003,3,24.1111,0.7433,3,19
8,5,419.0464,305.1705,3,43.2222,0.7433,3,28
8,5,243.2787,426.4240,3,19.0000,0.7433,3,15
8,5,231.5248,87.1498,3,31.6667,0.7433,3,19
8,5,296.3408,422.4096,3,17.1111,0.7433,3,14
8,5,285.0096,83.1318,3,20.2222,0.7433,3,13
8,5,439.2270,257.1063,3,7.8889,0.7433,3,5
8,5,422.1699,335.0721,3,7.8889,0.7433,3,6
8,5,191.1023,430.2523,3,8.2222,0.7433,3,6
8,5,163.3016,417.0081,3,10.4444,0.7433,3,7
8,5,349.2322,417.2464,3,7.3333,0.7433,3,5
8,5,444.0566,287.3386,3,9.7778,0.7433,3,5
8,5,61.1817,273.4151,3,6.5556,0.7433,3,4
8,5,446.1649,318.0531,3,7.5556,0.7433,3,5
8,5,448.3980,348.0896,3,8.3333,0.7433,3,6
8,5,193.4032,461.1220,3,13.3333,0.7433,3,8
8,5,402.2353,413.3102,3,7.3333,0.7433,3,4
8,5,429.1621,426.2548,3,6.5556,0.7433,3,4
8,5,354.1262,479.0347,3,8.4444,0.7433,3,5
9,5,256.1880,256.1341,3,196.0000,0.7353,3,190
9,5,259.4116,286.5271,3,154.4444,0.7353,3,114
9,5,281.4840,239.0964,3,159.4444,0.7353,3,125
9,5,229.4175,242.2600,3,183.8889,0.7353,3,141
9,5,284.1602,268.4258,3,197.7778,0.7353,3,157
9,5,231.4535,273.5225,3,134.2222,0.7353,3,103
9,5,254.4560,225.3059,3,82.0000,0.7353,3,67
9,5,203.4829,260.0316,3,210.0000,0.7353,3,171
9,5,308.3807,252.1592,3,197.4444,0.7353,3,155
9,5,279.3877,209.0897,3,207.1111,0.7353,3,160
9,5,227.3871,212.3368,3,68.1111,0.7353,3,55
9,5,287.0715,299.3309,3,179.4444,0.7353,3,135
9,5,233.4939,305.1869,3,203.7778,0.7353,3,165
9,5,262.2609,316.4360,3,89.8889,0.7353,3,72
9,5,202.4927,229.2288,3,77.7778,0.7353,3,64
9,5,206.3667,290.3953,3,98.4444,0.7353,3,80
9,5,311.4978,282.2938,3,85.2222,0.7353,3,72
9,5,252.1639,195.2013,3,26.6667,0.7353,3,20
9,5,307.0725,222.0305,3,173.2222,0.7353,3,125
9,5,177.2178,246.2630,3,84.5556,0.7353,3,62
9,5,179.1547,277.2885,3,87.4444,0.7353,3,61
9,5,304.1698,192.1791,3,79.5556,0.7353,3,56
9,5,224.3158,181.3658,3,8.2222,0.7353,3,6
9,5,336.3281,265.2566,3,66.5556,0.7353,3,53
9,5,314.2503,312.3521,3,73.6667,0.7353,3,56
9,5,277.1222,178.1718,3,11.8889,0.7353,3,10
9,5,289.5265,330.1307,3,79.1111,0.7353,3,52
9,5,209.0536,322.0364,3,67.3333,0.7353,3,47
9,5,334.3595,234.5354,3,133.5556,0.7353,3,98
9,5,199.2885,198.3987,3,10.0000,0.7353,3,7
9,5,236.3283,334.4731,3,46.3333,0.7353,3,38
9,5,250.0078,164.2025,3,8.2222,0.7353,3,6
9,5,174.4238,216.2555,3,11.0000,0.7353,3,8
9,5,331.4789,204.4967,3,125.3333,0.7353,3,108
9,5,181.3295,308.1379,3,83.5556,0.7353,3,61
9,5,339.3632,295.4908,3,99.4444,0.7353,3,83
9,5,264.4467,348.0388,3,116.8889,0.7353,3,83
9,5,152.2042,263.5017,3,66.4444,0.7353,3,48
9,5,361.0678,248.2835,3,101.4444,0.7353,3,74
9,5,302.0545,161.1682,3,16.1111,0.7353,3,11
9,5,211.2049,352.3956,3,107.3333,0.7353,3,80
9,5,317.1792,343.2073,3,70.3333,0.7353,3,51
9,5,154.1140,294.2473,3,90.1111,0.7353,3,60
9,5,341.4868,325.4581,3,43.5556,0.7353,3,36
9,5,359.1078,218.0280,3,61.6667,0.7353,3,43
9,5,183.5007,338.1978,3,45.6667,0.7353,3,29
9,5,329.3326,174.0890,3,12.0000,0.7353,3,8
9,5,292.0978,360.4388,3,37.0000,0.7353,3,28
9,5,239.1687,365.2854,3,41.3333,0.7353,3,33
9,5,363.5198,279.0437,3,29.7778,0.7353,3,21
9,5,356.2055,188.0913,3,36.4444,0.7353,3,25
9,5,156.3044,325.1995,3,70.4444,0.7353,3,53
9,5,366.4372,309.0773,3,48.0000,0.7353,3,37
9,5,267.0625,378.2107,3,44.6667,0.7353,3,32
9,5,386.3672,230.5112,3,43.2222,0.7353,3,32
9,5,214.3146,382.1441,3,29.0000,0.7353,3,23
9,5,186.4368,369.2546,3,24.1111,0.7353,3,20
9,5,389.2229,261.2527,3,37.7778,0.7353,3,26
9,5,319.1332,374.1855,3,36.0000,0.7353,3,26
9,5,344.2180,357.1861,3,24.8889,0.7353,3,17
9,5,130.1852,311.3110,3,77.5556,0.7353,3,52
9,5,383.3530,201.0364,3,41.3333,0.7353,3,31
9,5,159.2782,355.3817,3,35.1111,0.7353,3,27
9,5,241.5368,395.2123,3,30.2222,0.7353,3,20
9,5,369.3551,339.4372,3,27.4444,0.7353,3,20
9,5,294.3318,391.0018,3,44.0000,0.7353,3,32
9,5,391.4588,291.2522,3,27.0000,0.7353,3,21
9,5,131.3932,342.2815,3,76.1111,0.7353,3,53
9,5,269.0438,408.4341,3,39.3333,0.7353,3,28
9,5,394.1793,322.0574,3,32.4444,0.7353,3,24
9,5,190.0077,398.5306,3,37.7778,0.7353,3,25
9,5,414.4084,244.2182,3,33.0000,0.7353,3,25
9,5,410.4242,213.3540,3,8.8889,0.7353,3,9
9,5,347.1390,388.0500,3,32.6667,0.7353,3,22
9,5,216.4901,412.4623,3,24.5556,0.7353,3,21
9,5,416.0726,274.1859,3,36.8889,0.7353,3,25
9,5,161.2561,386.2510,3,34.7778,0.7353,3,23
9,5,372.0995,369.3318,3,18.6667,0.7353,3,13
9,5,322.2664,404.1757,3,10.3333,0.7353,3,8
9,5,134.2147,372.4219,3,46.0000,0.7353,3,31
9,5,396.3777,352.4206,3,23.8889,0.7353,3,19
9,5,419.0586,305.1759,3,43.2222,0.7353,3,28
9,5,243.2787,426.4240,3,19.0000,0.7353,3,15
9,5,231.5286,87.1517,3,32.0000,0.7353,3,20
9,5,296.3408,422.4096,3,17.1111,0.7353,3,14
9,5,285.0081,83.1398,3,20.3333,0.7353,3,13
9,5,439.1738,257.1096,3,7.6667,0.7353,3,5
9,5,422.1154,335.0658,3,7.7778,0.7353,3,6
9,5,163.3025,416.2881,3,8.2222,0.7353,3,7
9,5,191.0982,430.2113,3,7.8889,0.7353,3,6
9,5,444.0227,287.3019,3,9.5556,0.7353,3,5
9,5,61.1005,274.1134,3,7.1111,0.7353,3,4
9,5,446.1137,317.3137,3,7.1111,0.7353,3,4
9,5,448.3744,348.0846,3,7.8889,0.7353,3,5
9,5,193.3598,461.0928,3,12.5556,0.7353,3,8
9,5,402.2056,413.2560,3,7.2222,0.7353,3,4
9,5,429.1518,426.2326,3,5.6667,0.7353,3,4
9,5,354.1149,478.2529,3,7.0000,0.7353,3,4
10,5,256.1893,256.1343,3,196.0000,0.6936,3,190
10,5,281.4840,239.1003,3,159.2222,0.6936,3,125
10,5,229.4177,242.2600,3,183.8889,0.6936,3,141
10,5,284.1608,268.4257,3,197.7778,0.6936,3,158
10,5,231.4538,273.5227,3,134.0000,0.6936,3,102
10,5,254.4559,225.3044,3,82.0000,0.6936,3,67
10,5,259.4134,286.5295,3,154.4444,0.6936,3,113
10,5,203.4840,260.0322,3,209.7778,0.6936,3,171
10,5,308.3809,252.1597,3,197.4444,0.6936,3,155
10,5,279.3883,209.0894,3,206.8889,0.6936,3,160
10,5,227.3862,212.3392,3,68.1111,0.6936,3,55
10,5,287.0724,299.3294,3,179.4444,0.6936,3,135
10,5,233.4951,305.1856,3,203.7778,0.6936,3,165
10,5,262.2597,316.4313,3,89.8889,0.6936,3,72
10,5,202.4920,229.2287,3,77.7778,0.6936,3,63
10,5,206.3671,290.3971,3,98.3333,0.6936,3,80
10,5,311.4964,282.2955,3,85.2222,0.6936,3,72
10,5,252.1636,195.2113,3,26.5556,0.6936,3,20
10,5,307.0733,222.0272,3,173.2222,0.6936,3,125
10,5,177.2188,246.2630,3,84.4444,0.6936,3,62
10,5,179.1530,277.2879,3,87.4444,0.6936,3,61
10,5,304.1681,192.1789,3,79.5556,0.6936,3,56
10,5,224.3085,181.3830,3,8.1111,0.6936,3,6
10,5,336.3310,265.2603,3,66.4444,0.6936,3,53
10,5,314.2494,312.3496,3,73.4444,0.6936,3,56
10,5,277.1162,178.1695,3,11.8889,0.6936,3,10
10,5,289.5274,330.1321,3,78.8889,0.6936,3,52
10,5,209.0509,322.0341,3,67.3333,0.6936,3,47
10,5,334.3606,234.5378,3,133.4444,0.6936,3,98
10,5,199.2584,198.3926,3,9.8889,0.6936,3,7
10,5,236.3271,334.4690,3,46.3333,0.6936,3,38
10,5,174.4155,216.2565,3,11.0000,0.6936,3,8
10,5,331.4794,204.4948,3,125.3333,0.6936,3,109
10,5,181.3292,308.1418,3,83.3333,0.6936,3,60
10,5,339.3614,295.4942,3,99.4444,0.6936,3,83
10,5,250.0000,164.1977,3,8.2222,0.6936,3,6
10,5,264.4481,348.0370,3,116.8889,0.6936,3,83
10,5,152.2067,263.5034,3,66.4444,0.6936,3,48
10,5,361.0653,248.2840,3,101.4444,0.6936,3,74
10,5,302.0526,161.1845,3,16.1111,0.6936,3,11
10,5,211.2068,352.3925,3,107.3333,0.6936,3,80
10,5,317.1805,343.2106,3,70.0000,0.6936,3,51
10,5,154.1154,294.2476,3,90.1111,0.6936,3,60
10,5,341.4867,325.4629,3,43.5556,0.6936,3,36
10,5,359.1065,218.0248,3,61.6667,0.6936,3,43
10,5,183.4960,338.2237,3,38.1111,0.6936,3,29
10,5,329.2953,174.0948,3,12.0000,0.6936,3,8
10,5,292.0957,360.4392,3,36.7778,0.6936,3,28
10,5,239.1701,365.2774,3,41.1111,0.6936,3,33
10,5,363.5172,279.0412,3,29.7778,0.6936,3,21
10,5,356.2149,188.0963,3,36.4444,0.6936,3,25
10,5,156.3037,325.2019,3,70.3333,0.6936,3,53
10,5,366.4415,309.0799,3,48.0000,0.6936,3,37
10,5,267.0635,378.2067,3,44.6667,0.6936,3,32
10,5,386.3659,230.5181,3,43.2222,0.6936,3,32
10,5,214.3173,382.1392,3,29.0000,0.6936,3,23
10,5,186.4329,369.2474,3,24.1111,0.6936,3,20
10,5,389.2170,261.2581,3,37.4444,0.6936,3,26
10,5,319.1379,374.1825,3,35.7778,0.6936,3,26
10,5,344.2185,357.1819,3,24.8889,0.6936,3,17
10,5,130.1855,311.3128,3,77.5556,0.6936,3,52
10,5,383.3557,201.0340,3,41.3333,0.6936,3,31
10,5,159.2782,355.3840,3,35.1111,0.6936,3,27
10,5,241.5433,395.2072,3,30.2222,0.6936,3,20
10,5,369.3610,339.4349,3,27.2222,0.6936,3,20
10,5,294.3434,390.4688,3,39.6667,0.6936,3,32
10,5,391.4481,291.2440,3,26.5556,0.6936,3,21
10,5,131.3981,342.2842,3,75.8889,0.6936,3,53
10,5,269.0421,408.4334,3,39.3333,0.6936,3,28
10,5,394.2040,322.0576,3,32.0000,0.6936,3,24
10,5,190.0077,398.5291,3,37.7778,0.6936,3,25
10,5,414.4099,244.2219,3,33.0000,0.6936,3,25
10,5,347.1518,388.0643,3,32.3333,0.6936,3,22
10,5,410.4179,213.3489,3,8.8889,0.6936,3,9
10,5,216.5018,412.4586,3,27.2222,0.6936,3,21
10,5,416.0708,274.1887,3,36.8889,0.6936,3,25
10,5,161.2506,386.2372,3,34.7778,0.6936,3,23
10,5,372.1201,369.3616,3,18.6667,0.6936,3,13
10,5,322.2146,404.1870,3,10.3333,0.6936,3,8
10,5,134.2191,372.4217,3,45.6667,0.6936,3,31
10,5,396.3874,352.4522,3,23.2222,0.6936,3,18
10,5,419.0544,305.1640,3,43.2222,0.6936,3,28
10,5,243.2744,426.4212,3,19.0000,0.6936,3,15
10,5,231.5387,87.1513,3,31.4444,0.6936,3,19
10,5,296.3351,422.4095,3,17.1111,0.6936,3,14
10,5,285.0096,83.1318,3,20.2222,0.6936,3,13
10,5,439.1846,257.0984,3,7.4444,0.6936,3,5
10,5,422.1400,335.0147,3,7.2222,0.6936,3,5
10,5,163.2462,416.2613,3,7.6667,0.6936,3,6
10,5,191.0629,430.2268,3,7.6667,0.6936,3,5
10,5,444.1088,287.3135,3,8.5556,0.6936,3,4
10,5,61.0799,274.1186,3,7.1111,0.6936,3,4
10,5,446.1233,318.0346,3,7.1111,0.6936,3,4
10,5,448.3743,348.0419,3,7.4444,0.6936,3,4
10,5,402.1731,413.3022,3,7.2222,0.6936,3,4
10,5,193.3552,461.1047,3,12.0000,0.6936,3,7
1,6,256.1900,256.1348,3,196.0000,0.6500,3,190
1,6,281.4840,239.1003,3,159.2222,0.6500,3,125
1,6,229.4171,242.2593,3,183.7778,0.6500,3,141
1,6,284.1608,268.4257,3,197.7778,0.6500,3,158
1,6,231.4538,273.5227,3,134.0000,0.6500,3,102
1,6,254.4558,225.3042,3,81.8889,0.6500,3,67
1,6,259.4139,286.5303,3,154.4444,0.6500,3,113
1,6,203.4836,260.0319,3,209.7778,0.6500,3,171
1,6,308.3809,252.1597,3,197.4444,0.6500,3,155
1,6,279.3883,209.0894,3,206.8889,0.6500,3,160
1,6,227.3862,212.3392,3,68.1111,0.6500,3,55
1,6,287.0727,299.3304,3,179.4444,0.6500,3,135
1,6,233.4951,305.1856,3,203.7778,0.6500,3,165
1,6,262.2597,316.4313,3,89.8889,0.6500,3,72
1,6,202.4940,229.2281,3,77.6667,0.6500,3,63
1,6,206.3682,290.3983,3,98.3333,0.6500,3,80
1,6,311.4961,282.2960,3,85.2222,0.6500,3,72
1,6,252.1636,195.2113,3,26.5556,0.6500,3,20
1,6,307.0733,222.0272,3,173.2222,0.6500,3,125
1,6,177.2202,246.2644,3,84.4444,0.6500,3,62
1,6,179.1530,277.2879,3,87.4444,0.6500,3,61
1,6,199.2574,198.3821,3,9.7778,0.6500,3,7
1,6,304.1681,192.1789,3,79.5556,0.6500,3,56
1,6,224.3213,181.3827,3,8.1111,0.6500,3,6
1,6,336.3309,265.2617,3,66.4444,0.6500,3,53
1,6,314.2494,312.3496,3,73.4444,0.6500,3,56
1,6,277.1162,178.1695,3,11.8889,0.6500,3,10
1,6,289.5274,330.1321,3,78.8889,0.6500,3,52
1,6,209.0503,322.0351,3,67.3333,0.6500,3,47
1,6,334.3604,234.5380,3,133.4444,0.6500,3,98
1,6,236.3271,334.4690,3,46.3333,0.6500,3,38
1,6,174.4155,216.2565,3,11.0000,0.6500,3,8
1,6,331.4794,204.4948,3,125.3333,0.6500,3,109
1,6,181.3283,308.1416,3,83.2222,0.6500,3,60
1,6,339.3621,295.4951,3,99.4444,0.6500,3,83
1,6,249.3014,164.2360,3,8.1111,0.6500,3,6
1,6,264.4481,348.0370,3,116.8889,0.6500,3,83
1,6,152.2067,263.5034,3,66.4444,0.6500,3,48
1,6,361.0669,248.2849,3,101.4444,0.6500,3,74
1,6,302.0575,161.1961,3,16.1111,0.6500,3,11
1,6,211.2068,352.3925,3,107.3333,0.6500,3,80
1,6,317.1796,343.2089,3,70.0000,0.6500,3,51
1,6,154.1139,294.2468,3,90.1111,0.6500,3,60
1,6,341.4906,325.4634,3,43.5556,0.6500,3,36
1,6,359.1065,218.0248,3,61.6667,0.6500,3,43
1,6,183.4940,338.2281,3,38.1111,0.6500,3,29
1,6,329.3117,174.0866,3,12.0000,0.6500,3,8
1,6,292.0957,360.4392,3,36.7778,0.6500,3,28
1,6,239.1701,365.2774,3,41.1111,0.6500,3,33
1,6,363.5217,279.0389,3,29.7778,0.6500,3,21
1,6,356.2186,188.0929,3,36.4444,0.6500,3,25
1,6,156.3037,325.2019,3,70.3333,0.6500,3,53
1,6,366.4436,309.0791,3,48.0000,0.6500,3,37
1,6,267.0627,378.2089,3,44.6667,0.6500,3,32
1,6,386.3664,230.5206,3,43.2222,0.6500,3,32
1,6,214.3140,382.1389,3,29.0000,0.6500,3,23
1,6,186.4356,369.2444,3,24.1111,0.6500,3,20
1,6,389.2170,261.2581,3,37.4444,0.6500,3,26
1,6,319.1378,374.1768,3,35.7778,0.6500,3,26
1,6,344.2136,357.1770,3,24.8889,0.6500,3,17
1,6,130.1871,311.3110,3,77.5556,0.6500,3,52
1,6,383.3557,201.0340,3,41.3333,0.6500,3,31
1,6,159.2716,355.3865,3,35.1111,0.6500,3,27
1,6,241.5442,395.2032,3,30.2222,0.6500,3,20
1,6,369.3610,339.4349,3,27.2222,0.6500,3,20
1,6,294.3434,390.4688,3,39.6667,0.6500,3,32
1,6,391.4533,291.2448,3,26.4444,0.6500,3,21
1,6,131.3981,342.2842,3,75.8889,0.6500,3,53
1,6,269.0421,408.4334,3,39.3333,0.6500,3,28
1,6,394.2078,322.0596,3,31.8889,0.6500,3,24
1,6,190.0077,398.5291,3,37.7778,0.6500,3,25
1,6,414.4121,244.2186,3,33.0000,0.6500,3,25
1,6,347.1480,388.0585,3,32.3333,0.6500,3,22
1,6,410.4139,213.3333,3,8.8889,0.6500,3,9
1,6,216.5018,412.4586,3,27.2222,0.6500,3,21
1,6,416.0708,274.1887,3,36.8889,0.6500,3,25
1,6,161.2506,386.2372,3,34.7778,0.6500,3,23
1,6,372.1201,369.3616,3,18.6667,0.6500,3,13
1,6,322.2146,404.1870,3,10.3333,0.6500,3,8
1,6,134.2176,372.4189,3,45.6667,0.6500,3,31
1,6,396.3926,352.4500,3,23.2222,0.6500,3,18
1,6,419.0556,305.1616,3,43.2222,0.6500,3,28
1,6,243.2727,426.4184,3,19.0000,0.6500,3,15
1,6,231.5398,87.1530,3,31.4444,0.6500,3,19
1,6,296.3351,422.4095,3,17.1111,0.6500,3,14
1,6,285.0295,83.1342,3,20.1111,0.6500,3,13
1,6,422.1307,335.0553,3,6.7778,0.6500,3,5
1,6,439.1711,257.0615,3,7.0000,0.6500,3,5
1,6,163.2081,416.2560,3,7.5556,0.6500,3,6
1,6,443.4063,287.3127,3,7.3333,0.6500,3,4
1,6,446.1301,318.0397,3,6.6667,0.6500,3,4
1,6,448.2874,348.1247,3,7.0000,0.6500,3,4
1,6,193.2735,461.1368,3,10.4444,0.6500,3,6
1,6,402.1866,413.2602,3,6.5556,0.6500,3,4
2,6,256.1896,256.1343,3,196.0000,0.6410,3,190
2,6,281.4848,239.1001,3,159.1111,0.6410,3,125
2,6,229.4176,242.2597,3,183.7778,0.6410,3,141
2,6,284.1612,268.4256,3,197.6667,0.6410,3,158
2,6,231.4546,273.5219,3,134.0000,0.6410,3,102
2,6,254.4541,225.3055,3,81.8889,0.6410,3,67
2,6,259.4139,286.5318,3,154.4444,0.6410,3,113
2,6,203.4836,260.0319,3,209.7778,0.6410,3,171
2,6,308.3809,252.1597,3,197.4444,0.6410,3,155
2,6,279.3883,209.0894,3,206.8889,0.6410,3,160
2,6,227.3862,212.3392,3,68.1111,0.6410,3,55
2,6,287.0726,299.3315,3,179.4444,0.6410,3,135
2,6,233.4951,305.1856,3,203.7778,0.6410,3,165
2,6,262.2605,316.4304,3,89.8889,0.6410,3,72
2,6,202.4940,229.2281,3,77.6667,0.6410,3,63
2,6,206.3682,290.3983,3,98.3333,0.6410,3,80
2,6,311.4961,282.2960,3,85.2222,0.6410,3,72
2,6,252.1661,195.2073,3,26.5556,0.6410,3,20
2,6,307.0733,222.0272,3,173.2222,0.6410,3,125
2,6,177.2197,246.2654,3,84.3333,0.6410,3,62
2,6,179.1532,277.2868,3,87.4444,0.6410,3,61
2,6,199.2574,198.3821,3,9.7778,0.6410,3,7
2,6,304.1690,192.1790,3,79.5556,0.6410,3,56
2,6,224.3155,181.3770,3,8.1111,0.6410,3,6
2,6,336.3305,265.2628,3,66.4444,0.6410,3,53
2,6,314.2494,312.3496,3,73.4444,0.6410,3,56
2,6,277.1138,178.1638,3,11.8889,0.6410,3,10
2,6,289.5274,330.1321,3,78.8889,0.6410,3,52
2,6,209.0476,322.0339,3,67.3333,0.6410,3,47
2,6,334.3608,234.5378,3,133.3333,0.6410,3,98
2,6,236.3271,334.4690,3,46.3333,0.6410,3,38
2,6,174.4173,216.2621,3,10.8889,0.6410,3,8
2,6,331.4805,204.4961,3,125.3333,0.6410,3,109
2,6,181.3276,308.1405,3,83.2222,0.6410,3,60
2,6,339.3621,295.4951,3,99.4444,0.6410,3,83
2,6,249.3099,164.2254,3,8.1111,0.6410,3,6
2,6,264.4481,348.0370,3,116.8889,0.6410,3,83
2,6,152.2060,263.5072,3,66.4444,0.6410,3,48
2,6,361.0669,248.2849,3,101.4444,0.6410,3,74
2,6,302.0575,161.1961,3,16.1111,0.6410,3,11
2,6,211.2068,352.3925,3,107.3333,0.6410,3,80
2,6,317.1796,343.2089,3,70.0000,0.6410,3,51
2,6,154.1127,294.2477,3,90.1111,0.6410,3,60
2,6,341.4911,325.4651,3,43.5556,0.6410,3,36
2,6,359.1065,218.0248,3,61.6667,0.6410,3,43
2,6,183.4893,338.2284,3,38.1111,0.6410,3,29
2,6,329.3117,174.0866,3,12.0000,0.6410,3,8
2,6,292.0957,360.4392,3,36.7778,0.6410,3,28
2,6,239.1710,365.2797,3,41.1111,0.6410,3,33
2,6,363.5218,279.0322,3,29.7778,0.6410,3,21
2,6,356.2125,188.0858,3,36.4444,0.6410,3,25
2,6,156.3037,325.2019,3,70.3333,0.6410,3,53
2,6,366.4528,309.0793,3,48.0000,0.6410,3,37
2,6,267.0627,378.2089,3,44.6667,0.6410,3,32
2,6,386.3664,230.5206,3,43.2222,0.6410,3,32
2,6,214.3140,382.1389,3,29.0000,0.6410,3,23
2,6,186.4356,369.2444,3,24.1111,0.6410,3,20
2,6,389.2197,261.2514,3,37.4444,0.6410,3,26
2,6,319.1378,374.1768,3,35.7778,0.6410,3,26
2,6,344.2136,357.1770,3,24.8889,0.6410,3,17
2,6,130.1861,311.3101,3,77.5556,0.6410,3,52
2,6,383.3575,201.0337,3,41.2222,0.6410,3,31
2,6,159.2716,355.3865,3,35.1111,0.6410,3,27
2,6,241.5442,395.2032,3,30.2222,0.6410,3,20
2,6,369.3610,339.4349,3,27.2222,0.6410,3,20
2,6,294.3434,390.4688,3,39.6667,0.6410,3,32
2,6,391.4550,291.2489,3,26.4444,0.6410,3,21
2,6,131.3981,342.2842,3,75.8889,0.6410,3,53
2,6,269.0421,408.4334,3,39.3333,0.6410,3,28
2,6,394.2082,322.0659,3,31.8889,0.6410,3,24
2,6,190.0077,398.5291,3,37.7778,0.6410,3,25
2,6,414.4149,244.2185,3,32.8889,0.6410,3,25
2,6,347.1480,388.0585,3,32.3333,0.6410,3,22
2,6,410.4139,213.3333,3,8.7778,0.6410,3,9
2,6,216.5018,412.4586,3,27.2222,0.6410,3,21
2,6,416.0697,274.1923,3,36.8889,0.6410,3,25
2,6,161.2506,386.2372,3,34.7778,0.6410,3,23
2,6,372.1201,369.3616,3,18.6667,0.6410,3,13
2,6,322.2146,404.1870,3,10.3333,0.6410,3,8
2,6,134.2153,372.4209,3,45.6667,0.6410,3,31
2,6,396.3960,352.4391,3,23.6667,0.6410,3,19
2,6,419.0548,305.1681,3,43.2222,0.6410,3,28
2,6,243.2727,426.4184,3,19.0000,0.6410,3,15
2,6,231.5398,87.1530,3,31.4444,0.6410,3,19
2,6,296.3351,422.4095,3,17.1111,0.6410,3,14
2,6,285.0273,83.1337,3,20.1111,0.6410,3,13
2,6,163.2025,417.0240,3,8.3333,0.6410,3,6
2,6,443.3856,287.2977,3,6.5556,0.6410,3,4
2,6,448.2688,348.0672,3,7.1111,0.6410,3,4
2,6,193.3115,461.0800,3,9.7778,0.6410,3,5
2,6,402.1814,413.2285,3,6.4444,0.6410,3,4
3,6,256.1892,256.1340,3,196.0000,0.6220,3,190
3,6,281.4858,239.0993,3,159.1111,0.6220,3,125
3,6,229.4190,242.2611,3,183.6667,0.6220,3,141
3,6,284.1615,268.4263,3,197.5556,0.6220,3,158
3,6,231.4574,273.5224,3,134.0000,0.6220,3,102
3,6,254.4574,225.3026,3,81.7778,0.6220,3,67
3,6,259.4035,287.0039,3,154.4444,0.6220,3,113
3,6,203.4833,260.0326,3,209.7778,0.6220,3,171
3,6,308.3801,252.1600,3,197.3333,0.6220,3,155
3,6,279.3895,209.0895,3,206.6667,0.6220,3,160
3,6,227.3901,212.3384,3,67.8889,0.6220,3,55
3,6,287.0726,299.3324,3,179.4444,0.6220,3,135
3,6,233.4948,305.1865,3,203.7778,0.6220,3,165
3,6,262.2626,316.4353,3,89.8889,0.6220,3,72
3,6,202.4950,229.2285,3,77.6667,0.6220,3,63
3,6,206.3690,290.3979,3,98.1111,0.6220,3,80
3,6,311.5020,282.3009,3,98.3333,0.6220,3,72
3,6,252.1759,195.2054,3,26.4444,0.6220,3,20
3,6,307.0927,221.5911,3,173.0000,0.6220,3,125
3,6,177.2190,246.2543,3,84.3333,0.6220,3,62
3,6,179.1573,277.2871,3,87.4444,0.6220,3,61
3,6,199.2857,198.3963,3,9.7778,0.6220,3,7
3,6,304.1730,192.1763,3,79.4444,0.6220,3,56
3,6,224.3302,181.3652,3,8.1111,0.6220,3,6
3,6,336.3357,265.2645,3,66.3333,0.6220,3,53
3,6,314.2515,312.3473,3,73.2222,0.6220,3,56
3,6,277.0769,178.1591,3,11.8889,0.6220,3,10
3,6,289.5275,330.1282,3,78.7778,0.6220,3,52
3,6,209.0492,322.0338,3,67.3333,0.6220,3,47
3,6,334.3612,234.5441,3,133.2222,0.6220,3,98
3,6,236.3312,334.4765,3,46.3333,0.6220,3,38
3,6,174.3763,216.2711,3,10.8889,0.6220,3,8
3,6,331.4826,204.4952,3,125.3333,0.6220,3,109
3,6,181.3307,308.1427,3,83.0000,0.6220,3,60
3,6,339.3639,295.4961,3,99.4444,0.6220,3,83
3,6,250.0176,164.2190,3,8.2222,0.6220,3,6
3,6,264.4468,348.0359,3,116.8889,0.6220,3,83
3,6,152.1997,263.5085,3,66.4444,0.6220,3,48
3,6,361.0646,248.2856,3,101.4444,0.6220,3,74
3,6,302.0616,161.1928,3,16.1111,0.6220,3,11
3,6,211.2064,352.3949,3,107.3333,0.6220,3,80
3,6,317.1786,343.2206,3,69.6667,0.6220,3,50
3,6,154.1113,294.2523,3,90.1111,0.6220,3,60
3,6,341.4961,325.4761,3,43.5556,0.6220,3,36
3,6,359.1179,218.0123,3,61.6667,0.6220,3,43
3,6,183.4750,338.2282,3,37.6667,0.6220,3,29
3,6,329.3122,174.0786,3,11.7778,0.6220,3,8
3,6,292.0951,360.4392,3,36.5556,0.6220,3,28
3,6,239.1771,365.2781,3,41.0000,0.6220,3,33
3,6,363.5128,279.0255,3,29.7778,0.6220,3,21
3,6,356.2103,188.0809,3,36.3333,0.6220,3,25
3,6,156.3016,325.2004,3,70.1111,0.6220,3,53
3,6,366.4669,309.0862,3,47.7778,0.6220,3,37
3,6,267.0618,378.2122,3,44.6667,0.6220,3,32
3,6,386.3764,230.5213,3,43.0000,0.6220,3,32
3,6,214.3151,382.1294,3,29.0000,0.6220,3,22
3,6,186.4457,369.2484,3,24.1111,0.6220,3,20
3,6,389.2137,261.2520,3,37.4444,0.6220,3,25
3,6,319.1391,374.1667,3,35.6667,0.6220,3,26
3,6,344.2112,357.1640,3,24.8889,0.6220,3,17
3,6,130.1829,311.3139,3,77.5556,0.6220,3,52
3,6,383.3579,201.0316,3,41.2222,0.6220,3,31
3,6,159.2868,355.3951,3,35.1111,0.6220,3,27
3,6,241.5483,395.2156,3,30.2222,0.6220,3,20
3,6,369.3619,339.4452,3,27.0000,0.6220,3,20
3,6,294.3434,390.4688,3,39.6667,0.6220,3,32
3,6,391.4610,291.2477,3,26.4444,0.6220,3,21
3,6,131.3965,342.2808,3,75.7778,0.6220,3,53
3,6,269.0425,408.4347,3,39.3333,0.6220,3,28
3,6,394.2142,322.0700,3,31.7778,0.6220,3,23
3,6,190.0049,398.5267,3,37.7778,0.6220,3,25
3,6,414.4238,244.2138,3,32.6667,0.6220,3,25
3,6,347.1502,388.0469,3,32.3333,0.6220,3,22
3,6,410.4203,213.3691,3,8.6667,0.6220,3,9
3,6,216.5099,412.4621,3,27.2222,0.6220,3,21
3,6,416.0920,274.1728,3,36.8889,0.6220,3,25
3,6,161.2441,386.2340,3,34.7778,0.6220,3,23
3,6,322.1593,404.2214,3,10.3333,0.6220,3,8
3,6,372.1547,369.3597,3,18.6667,0.6220,3,13
3,6,134.2144,372.4380,3,45.3333,0.6220,3,31
3,6,396.4046,352.4582,3,23.1111,0.6220,3,18
3,6,419.0550,305.1578,3,43.2222,0.6220,3,28
3,6,243.2788,426.4115,3,19.0000,0.6220,3,15
3,6,231.5495,87.1502,3,31.3333,0.6220,3,19
3,6,296.3531,422.3993,3,17.1111,0.6220,3,14
3,6,285.0067,83.1508,3,20.1111,0.6220,3,13
3,6,163.1627,416.2398,3,6.6667,0.6220,3,5
3,6,193.2655,461.0902,3,9.2222,0.6220,3,5
4,6,256.1893,256.1339,3,196.0000,0.5166,3,190
4,6,281.4866,239.1000,3,159.1111,0.5166,3,125
4,6,229.4190,242.2610,3,183.6667,0.5166,3,141
4,6,284.1618,268.4269,3,197.5556,0.5166,3,158
4,6,231.4585,273.5226,3,133.8889,0.5166,3,102
4,6,254.4605,225.3041,3,81.7778,0.5166,3,67
4,6,259.4028,287.0033,3,154.4444,0.5166,3,113
4,6,203.4829,260.0330,3,209.7778,0.5166,3,171
4,6,308.3802,252.1602,3,197.2222,0.5166,3,155
4,6,279.3895,209.0895,3,206.6667,0.5166,3,160
4,6,227.3919,212.3376,3,67.8889,0.5166,3,55
4,6,287.0721,299.3319,3,179.4444,0.5166,3,135
4,6,233.4950,305.1865,3,203.7778,0.5166,3,165
4,6,262.2626,316.4353,3,89.8889,0.5166,3,72
4,6,202.4950,229.2263,3,77.5556,0.5166,3,63
4,6,206.3694,290.3991,3,98.0000,0.5166,3,79
4,6,311.4997,282.2990,3,85.1111,0.5166,3,72
4,6,252.1908,195.2149,3,26.4444,0.5166,3,20
4,6,307.0928,221.5907,3,173.0000,0.5166,3,125
4,6,177.2211,246.2554,3,84.3333,0.5166,3,62
4,6,179.1554,277.2849,3,87.4444,0.5166,3,61
4,6,199.2945,198.3984,3,9.7778,0.5166,3,7
4,6,304.1711,192.1798,3,79.3333,0.5166,3,56
4,6,224.3482,181.3780,3,8.1111,0.5166,3,6
4,6,336.3362,265.2645,3,66.2222,0.5166,3,53
4,6,314.2515,312.3473,3,73.2222,0.5166,3,56
4,6,277.0832,178.1620,3,11.8889,0.5166,3,10
4,6,289.5314,330.1238,3,78.7778,0.5166,3,52
4,6,209.0470,322.0345,3,67.3333,0.5166,3,47
4,6,334.3620,234.5449,3,133.1111,0.5166,3,98
4,6,236.3312,334.4765,3,46.3333,0.5166,3,38
4,6,174.3610,216.2614,3,10.8889,0.5166,3,8
4,6,331.4812,204.4939,3,125.3333,0.5166,3,109
4,6,181.3307,308.1427,3,83.0000,0.5166,3,60
4,6,339.3638,295.4963,3,99.4444,0.5166,3,83
4,6,250.0176,164.2190,3,8.2222,0.5166,3,6
4,6,264.4441,348.0368,3,116.8889,0.5166,3,83
4,6,152.2019,263.5021,3,66.4444,0.5166,3,48
4,6,361.0665,248.2879,3,101.4444,0.5166,3,74
4,6,302.0616,161.1928,3,16.1111,0.5166,3,11
4,6,211.2053,352.3990,3,107.3333,0.5166,3,80
4,6,317.1786,343.2222,3,69.5556,0.5166,3,50
4,6,154.1095,294.2545,3,90.1111,0.5166,3,60
4,6,341.4972,325.4721,3,43.5556,0.5166,3,36
4,6,359.1196,218.0102,3,61.6667,0.5166,3,43
4,6,183.4736,338.2278,3,37.6667,0.5166,3,29
4,6,329.3096,174.0733,3,11.6667,0.5166,3,8
4,6,292.0898,360.4341,3,36.5556,0.5166,3,27
4,6,239.1754,365.2789,3,41.0000,0.5166,3,32
4,6,363.5128,279.0255,3,29.7778,0.5166,3,21
4,6,356.2117,188.0843,3,36.3333,0.5166,3,25
4,6,156.3015,325.2028,3,70.0000,0.5166,3,53
4,6,366.4702,309.0847,3,47.6667,0.5166,3,37
4,6,267.0615,378.2259,3,44.6667,0.5166,3,32
4,6,386.3731,230.5276,3,43.0000,0.5166,3,32
4,6,214.3218,382.1301,3,29.0000,0.5166,3,22
4,6,186.4445,369.2460,3,24.1111,0.5166,3,20
4,6,389.2137,261.2520,3,37.4444,0.5166,3,25
4,6,319.1391,374.1667,3,35.6667,0.5166,3,26
4,6,344.2074,357.1601,3,24.8889,0.5166,3,17
4,6,130.1829,311.3115,3,77.5556,0.5166,3,52
4,6,383.3579,201.0316,3,41.2222,0.5166,3,31
4,6,159.2919,355.3956,3,35.1111,0.5166,3,27
4,6,241.5483,395.2156,3,30.2222,0.5166,3,20
4,6,369.3627,339.4471,3,26.8889,0.5166,3,20
4,6,294.3434,390.4688,3,39.6667,0.5166,3,32
4,6,391.4644,291.2400,3,26.4444,0.5166,3,21
4,6,131.3987,342.2852,3,75.6667,0.5166,3,53
4,6,269.0446,408.4448,3,39.3333,0.5166,3,28
4,6,394.2092,322.0645,3,31.7778,0.5166,3,23
4,6,190.0049,398.5267,3,37.7778,0.5166,3,25
4,6,414.4268,244.2136,3,32.6667,0.5166,3,25
4,6,347.1475,388.0366,3,32.3333,0.5166,3,22
4,6,410.4162,213.3629,3,8.6667,0.5166,3,9
4,6,216.5145,412.4584,3,27.2222,0.5166,3,21
4,6,416.0934,274.1721,3,36.8889,0.5166,3,25
4,6,161.2430,386.2320,3,34.7778,0.5166,3,23
4,6,322.1439,404.2223,3,10.3333,0.5166,3,8
4,6,372.1584,369.3623,3,18.5556,0.5166,3,13
4,6,134.2144,372.4380,3,45.3333,0.5166,3,31
4,6,396.4138,352.4601,3,23.1111,0.5166,3,18
4,6,419.0550,305.1578,3,43.2222,0.5166,3,28
4,6,243.2785,426.4087,3,19.0000,0.5166,3,15
4,6,231.5507,87.1473,3,31.3333,0.5166,3,19
4,6,296.3636,422.4031,3,17.1111,0.5166,3,14
4,6,285.0187,83.1547,3,20.1111,0.5166,3,13
4,6,163.1559,416.1983,3,6.3333,0.5166,3,5
4,6,193.2805,461.0881,3,8.3333,0.5166,3,4
5,6,256.1905,256.1343,3,196.0000,0.5252,3,190
5,6,281.4895,239.1010,3,159.1111,0.5252,3,125
5,6,229.4186,242.2612,3,183.6667,0.5252,3,140
5,6,284.1616,268.4271,3,197.5556,0.5252,3,158
5,6,231.4583,273.5257,3,133.8889,0.5252,3,102
5,6,254.4619,225.3050,3,81.5556,0.5252,3,67
5,6,259.4032,287.0037,3,154.4444,0.5252,3,113
5,6,203.4841,260.0326,3,209.5556,0.5252,3,171
5,6,308.3805,252.1585,3,197.2222,0.5252,3,155
5,6,279.3898,209.0880,3,206.5556,0.5252,3,160
5,6,227.3902,212.3369,3,67.8889,0.5252,3,55
5,6,287.0729,299.3326,3,179.4444,0.5252,3,135
5,6,233.4954,305.1862,3,203.7778,0.5252,3,165
5,6,262.2623,316.4344,3,89.8889,0.5252,3,72
5,6,202.4936,229.2281,3,77.5556,0.5252,3,63
5,6,206.3682,290.3986,3,98.0000,0.5252,3,79
5,6,311.5020,282.2943,3,98.1111,0.5252,3,72
5,6,252.1786,195.2133,3,26.4444,0.5252,3,20
5,6,307.0931,221.5907,3,173.0000,0.5252,3,125
5,6,177.2218,246.2569,3,84.1111,0.5252,3,61
5,6,179.1542,277.2814,3,87.4444,0.5252,3,61
5,6,199.2963,198.4508,3,9.5556,0.5252,3,7
5,6,304.1719,192.1759,3,79.3333,0.5252,3,56
5,6,336.3348,265.2614,3,66.1111,0.5252,3,52
5,6,314.2518,312.3496,3,73.0000,0.5252,3,55
5,6,277.0785,178.1755,3,11.6667,0.5252,3,10
5,6,289.5326,330.1202,3,78.7778,0.5252,3,52
5,6,209.0433,322.0401,3,67.3333,0.5252,3,47
5,6,334.3626,234.5443,3,133.0000,0.5252,3,98
5,6,224.3263,181.3739,3,8.1111,0.5252,3,6
5,6,236.3375,334.4884,3,46.1111,0.5252,3,38
5,6,174.3795,216.2653,3,10.8889,0.5252,3,8
5,6,331.4825,204.4946,3,125.2222,0.5252,3,109
5,6,181.3363,308.1393,3,82.7778,0.5252,3,60
5,6,339.3673,295.4980,3,99.4444,0.5252,3,83
5,6,250.0095,164.2143,3,7.8889,0.5252,3,5
5,6,264.4440,348.0357,3,116.8889,0.5252,3,83
5,6,152.1990,263.5064,3,66.3333,0.5252,3,48
5,6,361.0655,248.2889,3,101.4444,0.5252,3,74
5,6,302.0694,161.1726,3,16.0000,0.5252,3,11
5,6,211.2060,352.4101,3,107.0000,0.5252,3,79
5,6,317.1779,343.2175,3,69.5556,0.5252,3,50
5,6,150.2336,233.1460,3,6.2222,0.5252,3,4
5,6,154.1097,294.2557,3,90.1111,0.5252,3,60
5,6,341.5112,325.4843,3,49.0000,0.5252,3,36
5,6,359.1189,218.0193,3,61.6667,0.5252,3,43
5,6,183.4713,338.2232,3,37.3333,0.5252,3,29
5,6,329.2955,174.0685,3,11.6667,0.5252,3,8
5,6,292.1071,360.4428,3,36.3333,0.5252,3,27
5,6,239.1735,365.2721,3,41.0000,0.5252,3,32
5,6,363.5303,279.0271,3,29.7778,0.5252,3,21
5,6,356.2012,188.0780,3,36.3333,0.5252,3,25
5,6,156.2978,325.1990,3,69.7778,0.5252,3,53
5,6,366.4772,309.0924,3,47.3333,0.5252,3,36
5,6,267.0533,378.2360,3,44.6667,0.5252,3,32
5,6,386.3827,230.5279,3,42.7778,0.5252,3,31
5,6,214.3137,382.1321,3,29.0000,0.5252,3,22
5,6,186.4489,369.2531,3,24.1111,0.5252,3,19
5,6,389.2079,261.2560,3,37.4444,0.5252,3,25
5,6,319.1428,374.1669,3,35.6667,0.5252,3,26
5,6,344.1949,357.1729,3,24.8889,0.5252,3,17
5,6,130.1848,311.3089,3,77.5556,0.5252,3,52
5,6,383.3659,201.0302,3,41.0000,0.5252,3,31
5,6,159.2874,355.3937,3,35.1111,0.5252,3,27
5,6,241.5448,395.2302,3,30.2222,0.5252,3,20
5,6,294.3463,390.4664,3,39.6667,0.5252,3,32
5,6,391.4595,291.2505,3,26.4444,0.5252,3,21
5,6,369.3598,339.4427,3,26.8889,0.5252,3,19
5,6,131.3968,342.2846,3,75.4444,0.5252,3,53
5,6,269.0428,408.4690,3,39.3333,0.5252,3,28
5,6,394.2069,322.0698,3,31.7778,0.5252,3,23
5,6,190.0085,398.5267,3,37.7778,0.5252,3,25
5,6,414.4352,244.2148,3,32.3333,0.5252,3,25
5,6,410.4261,213.3580,3,8.4444,0.5252,3,9
5,6,347.1288,388.0339,3,32.3333,0.5252,3,21
5,6,216.5109,412.4637,3,27.2222,0.5252,3,21
5,6,416.1149,274.1855,3,36.3333,0.5252,3,25
5,6,161.2398,386.2398,3,34.7778,0.5252,3,23
5,6,322.1296,404.2449,3,10.3333,0.5252,3,8
5,6,372.1694,369.3534,3,18.3333,0.5252,3,13
5,6,134.2235,372.4546,3,45.3333,0.5252,3,31
5,6,396.4260,352.4597,3,23.1111,0.5252,3,18
5,6,419.0547,305.1561,3,43.2222,0.5252,3,28
5,6,243.2752,426.4058,3,19.0000,0.5252,3,15
5,6,231.5583,87.1536,3,31.3333,0.5252,3,19
5,6,296.3703,422.4172,3,17.1111,0.5252,3,14
5,6,285.0000,83.1431,3,20.1111,0.5252,3,13
5,6,163.1115,416.1142,3,6.0000,0.5252,3,5
5,6,193.2804,461.1380,3,7.5556,0.5252,3,4
6,6,256.1902,256.1338,3,196.0000,0.4226,3,190
6,6,229.4208,242.2592,3,183.4444,0.4226,3,140
6,6,284.1608,268.4265,3,197.4444,0.4226,3,158
6,6,281.5153,238.6406,3,184.4444,0.4226,3,124
6,6,231.4574,273.5267,3,133.8889,0.4226,3,102
6,6,254.4630,225.3060,3,81.5556,0.4226,3,67
6,6,259.4023,287.0011,3,154.2222,0.4226,3,113
6,6,203.4830,260.0325,3,209.4444,0.4226,3,171
6,6,308.3832,252.1591,3,197.1111,0.4226,3,154
6,6,279.3901,209.0899,3,206.5556,0.4226,3,161
6,6,227.3881,212.3351,3,67.7778,0.4226,3,55
6,6,287.0719,299.3328,3,179.3333,0.4226,3,134
6,6,233.4954,305.1879,3,203.7778,0.4226,3,165
6,6,262.2691,316.4365,3,89.5556,0.4226,3,71
6,6,202.4940,229.2274,3,77.4444,0.4226,3,63
6,6,206.3668,290.3992,3,97.7778,0.4226,3,79
6,6,252.1828,195.2206,3,26.3333,0.4226,3,20
6,6,311.5003,282.2984,3,98.1111,0.4226,3,71
6,6,307.0924,221.5937,3,172.6667,0.4226,3,125
6,6,177.2200,246.2589,3,84.1111,0.4226,3,61
6,6,179.1557,277.2861,3,87.2222,0.4226,3,61
6,6,199.2812,198.4482,3,9.4444,0.4226,3,7
6,6,304.1726,192.1759,3,79.2222,0.4226,3,56
6,6,336.3333,265.2631,3,66.1111,0.4226,3,52
6,6,314.2521,312.3541,3,72.8889,0.4226,3,55
6,6,277.0975,178.1941,3,11.5556,0.4226,3,9
6,6,289.5311,330.1199,3,78.7778,0.4226,3,52
6,6,209.0475,322.0373,3,67.3333,0.4226,3,47
6,6,334.3621,234.5440,3,133.0000,0.4226,3,98
6,6,236.3409,334.4970,3,46.0000,0.4226,3,38
6,6,224.3314,181.3914,3,8.0000,0.4226,3,5
6,6,174.3860,216.2656,3,10.8889,0.4226,3,8
6,6,181.3432,308.1372,3,82.5556,0.4226,3,60
6,6,339.3698,295.4963,3,99.2222,0.4226,3,83
6,6,331.4816,204.4961,3,125.0000,0.4226,3,107
6,6,249.3173,164.2235,3,7.7778,0.4226,3,5
6,6,264.4454,348.0360,3,116.8889,0.4226,3,83
6,6,152.1961,263.5099,3,66.3333,0.4226,3,48
6,6,361.0696,248.2934,3,101.4444,0.4226,3,74
6,6,302.0707,161.1764,3,15.8889,0.4226,3,11
6,6,211.2100,352.4117,3,106.6667,0.4226,3,79
6,6,317.1739,343.2172,3,69.5556,0.4226,3,50
6,6,150.2164,233.1343,3,6.2222,0.4226,3,4
6,6,154.1101,294.2546,3,90.1111,0.4226,3,60
6,6,341.5180,325.4831,3,49.0000,0.4226,3,36
6,6,359.1138,218.0166,3,61.6667,0.4226,3,43
6,6,183.4689,338.2136,3,37.1111,0.4226,3,28
6,6,329.3311,174.0525,3,11.6667,0.4226,3,8
6,6,239.1745,365.2677,3,41.0000,0.4226,3,32
6,6,363.5462,279.0199,3,29.7778,0.4226,3,21
6,6,292.1186,360.4361,3,36.2222,0.4226,3,27
6,6,356.2124,188.0846,3,36.1111,0.4226,3,25
6,6,156.2990,325.1984,3,69.5556,0.4226,3,52
6,6,366.4771,309.0951,3,47.0000,0.4226,3,36
6,6,267.0560,378.2441,3,44.6667,0.4226,3,32
6,6,386.3841,230.5338,3,42.6667,0.4226,3,31
6,6,214.3100,382.1320,3,29.0000,0.4226,3,22
6,6,186.4544,369.2481,3,24.1111,0.4226,3,19
6,6,389.2067,261.2583,3,37.4444,0.4226,3,25
6,6,319.1503,374.1605,3,35.6667,0.4226,3,26
6,6,344.2018,357.1713,3,24.8889,0.4226,3,17
6,6,130.1838,311.3097,3,77.2222,0.4226,3,52
6,6,383.3674,201.0335,3,41.0000,0.4226,3,31
6,6,159.2776,355.3916,3,35.1111,0.4226,3,27
6,6,241.5499,395.2411,3,30.2222,0.4226,3,20
6,6,294.3362,391.0056,3,43.1111,0.4226,3,32
6,6,391.4611,291.2586,3,26.4444,0.4226,3,21
6,6,369.3553,339.4336,3,26.8889,0.4226,3,19
6,6,131.4006,342.2873,3,75.4444,0.4226,3,53
6,6,268.6162,408.4802,3,39.0000,0.4226,3,28
6,6,394.2045,322.0638,3,31.7778,0.4226,3,23
6,6,190.0130,398.5227,3,37.7778,0.4226,3,25
6,6,414.4351,244.2136,3,32.3333,0.4226,3,25
6,6,410.4176,213.3529,3,8.4444,0.4226,3,9
6,6,347.1223,388.0230,3,32.3333,0.4226,3,21
6,6,416.1278,274.1861,3,36.2222,0.4226,3,24
6,6,161.2257,386.2436,3,34.7778,0.4226,3,23
6,6,216.4854,412.4616,3,24.5556,0.4226,3,21
6,6,372.1596,369.3814,3,17.8889,0.4226,3,13
6,6,322.1247,404.2363,3,10.3333,0.4226,3,8
6,6,134.2297,372.4566,3,45.3333,0.4226,3,31
6,6,396.4237,352.4597,3,23.1111,0.4226,3,18
6,6,419.0572,305.1530,3,43.2222,0.4226,3,28
6,6,243.2881,426.4069,3,19.0000,0.4226,3,15
6,6,231.5679,87.1518,3,31.3333,0.4226,3,19
6,6,296.3750,422.4361,3,17.1111,0.4226,3,14
6,6,285.0038,83.1575,3,20.1111,0.4226,3,13
6,6,193.2722,461.0791,3,7.2222,0.4226,3,5
7,6,256.1901,256.1336,3,196.0000,0.3227,3,190
7,6,229.4213,242.2579,3,183.3333,0.3227,3,140
7,6,284.1604,268.4265,3,197.3333,0.3227,3,158
7,6,281.5156,238.6394,3,184.2222,0.3227,3,124
7,6,231.4580,273.5265,3,133.6667,0.3227,3,102
7,6,254.4667,225.3074,3,81.5556,0.3227,3,67
7,6,259.4174,286.5366,3,154.1111,0.3227,3,113
7,6,203.4830,260.0323,3,209.4444,0.3227,3,171
7,6,308.3826,252.1592,3,197.0000,0.3227,3,154
7,6,279.3903,209.0902,3,206.5556,0.3227,3,161
7,6,227.3868,212.3344,3,67.6667,0.3227,3,55
7,6,287.0737,299.3327,3,179.3333,0.3227,3,134
7,6,233.4952,305.1874,3,203.7778,0.3227,3,165
7,6,262.2655,316.4370,3,89.5556,0.3227,3,71
7,6,202.4946,229.2273,3,77.4444,0.3227,3,63
7,6,206.3693,290.4028,3,97.6667,0.3227,3,79
7,6,252.1787,195.2329,3,26.2222,0.3227,3,20
7,6,307.0726,222.0313,3,172.6667,0.3227,3,124
7,6,311.5031,282.2979,3,98.1111,0.3227,3,71
7,6,177.2216,246.2602,3,84.0000,0.3227,3,61
7,6,179.1530,277.2872,3,87.1111,0.3227,3,61
7,6,199.2943,198.4504,3,9.4444,0.3227,3,7
7,6,304.1757,192.1749,3,79.1111,0.3227,3,56
7,6,336.3347,265.2617,3,66.0000,0.3227,3,52
7,6,314.2530,312.3536,3,72.8889,0.3227,3,55
7,6,277.1304,178.1884,3,11.5556,0.3227,3,9
7,6,289.5319,330.1194,3,78.7778,0.3227,3,52
7,6,209.0496,322.0374,3,67.3333,0.3227,3,47
7,6,334.3616,234.5449,3,133.0000,0.3227,3,98
7,6,236.3308,335.0005,3,54.3333,0.3227,3,38
7,6,224.3367,181.3825,3,8.0000,0.3227,3,5
7,6,174.3815,216.2629,3,10.8889,0.3227,3,8
7,6,181.3436,308.1324,3,82.5556,0.3227,3,60
7,6,339.3737,295.4934,3,99.0000,0.3227,3,83
7,6,331.4812,204.4959,3,125.0000,0.3227,3,107
7,6,249.3279,164.2357,3,7.7778,0.3227,3,5
7,6,264.4491,348.0384,3,116.8889,0.3227,3,83
7,6,152.2012,263.5082,3,66.2222,0.3227,3,48
7,6,361.0677,248.2919,3,101.4444,0.3227,3,73
7,6,302.0628,161.1754,3,15.7778,0.3227,3,11
7,6,211.2100,352.4127,3,106.6667,0.3227,3,79
7,6,317.1730,343.2163,3,69.5556,0.3227,3,50
7,6,150.2228,233.1255,3,6.1111,0.3227,3,4
7,6,154.1085,294.2539,3,90.1111,0.3227,3,60
7,6,341.5192,325.4808,3,48.8889,0.3227,3,36
7,6,359.1193,218.0138,3,61.6667,0.3227,3,43
7,6,183.4696,338.2104,3,37.1111,0.3227,3,28
7,6,329.3453,174.0612,3,11.6667,0.3227,3,8
7,6,239.1745,365.2677,3,41.0000,0.3227,3,32
7,6,363.5623,279.0288,3,29.7778,0.3227,3,21
7,6,292.1168,360.4330,3,36.2222,0.3227,3,27
7,6,356.2170,188.0770,3,36.1111,0.3227,3,25
7,6,156.3017,325.2005,3,69.4444,0.3227,3,52
7,6,366.4782,309.0994,3,47.0000,0.3227,3,36
7,6,267.0549,378.2483,3,44.5556,0.3227,3,32
7,6,386.3799,230.5294,3,42.4444,0.3227,3,31
7,6,214.3199,382.1333,3,29.0000,0.3227,3,22
7,6,186.4534,369.2517,3,24.1111,0.3227,3,19
7,6,389.2052,261.2512,3,37.4444,0.3227,3,25
7,6,319.1542,374.1667,3,35.6667,0.3227,3,26
7,6,344.2004,357.1827,3,24.8889,0.3227,3,16
7,6,130.1838,311.3097,3,77.2222,0.3227,3,52
7,6,383.3566,201.0292,3,40.7778,0.3227,3,31
7,6,159.2789,355.3898,3,35.1111,0.3227,3,27
7,6,241.5407,395.2443,3,30.2222,0.3227,3,20
7,6,294.3360,391.0170,3,43.0000,0.3227,3,32
7,6,391.4685,291.2572,3,26.4444,0.3227,3,21
7,6,369.3571,339.4296,3,26.8889,0.3227,3,19
7,6,131.3995,342.2855,3,75.4444,0.3227,3,53
7,6,394.1994,322.0574,3,31.7778,0.3227,3,23
7,6,269.0429,408.4909,3,38.6667,0.3227,3,27
7,6,190.0130,398.5227,3,37.7778,0.3227,3,25
7,6,414.4342,244.2124,3,32.1111,0.3227,3,25
7,6,410.4349,213.3501,3,8.3333,0.3227,3,9
7,6,347.1133,388.0262,3,32.3333,0.3227,3,21
7,6,416.1271,274.1952,3,35.8889,0.3227,3,24
7,6,161.2333,386.2462,3,34.7778,0.3227,3,23
7,6,216.4714,412.4585,3,24.5556,0.3227,3,20
7,6,322.1247,404.2363,3,10.3333,0.3227,3,8
7,6,372.1529,369.3706,3,17.7778,0.3227,3,13
7,6,134.2277,372.4585,3,45.3333,0.3227,3,31
7,6,396.4383,352.4526,3,23.1111,0.3227,3,18
7,6,419.0605,305.1563,3,43.2222,0.3227,3,28
7,6,243.3030,426.4348,3,19.0000,0.3227,3,15
7,6,231.5723,87.1514,3,31.3333,0.3227,3,19
7,6,296.3911,422.4483,3,17.1111,0.3227,3,14
7,6,285.0085,83.1518,3,20.1111,0.3227,3,13
8,6,256.1899,256.1341,3,196.0000,0.2455,3,190
8,6,229.4199,242.2600,3,183.5556,0.2455,3,140
8,6,284.1608,268.4265,3,197.4444,0.2455,3,158
8,6,281.5156,238.6414,3,184.4444,0.2455,3,124
8,6,231.4574,273.5271,3,133.8889,0.2455,3,102
8,6,254.4627,225.3069,3,81.5556,0.2455,3,67
8,6,259.4025,287.0015,3,154.4444,0.2455,3,113
8,6,203.4832,260.0330,3,209.4444,0.2455,3,171
8,6,308.3832,252.1591,3,197.1111,0.2455,3,154
8,6,279.3903,209.0894,3,206.5556,0.2455,3,160
8,6,227.3896,212.3362,3,67.7778,0.2455,3,55
8,6,287.0720,299.3328,3,179.3333,0.2455,3,135
8,6,233.4964,305.1869,3,203.7778,0.2455,3,165
8,6,262.2672,316.4377,3,89.5556,0.2455,3,71
8,6,202.4926,229.2278,3,77.4444,0.2455,3,63
8,6,206.3668,290.3992,3,97.7778,0.2455,3,79
8,6,311.5020,282.2950,3,98.1111,0.2455,3,72
8,6,252.1821,195.2190,3,26.4444,0.2455,3,20
8,6,307.0923,221.5935,3,172.7778,0.2455,3,125
8,6,177.2184,246.2593,3,84.1111,0.2455,3,61
8,6,179.1557,277.2861,3,87.2222,0.2455,3,61
8,6,199.2812,198.4482,3,9.4444,0.2455,3,7
8,6,304.1726,192.1759,3,79.2222,0.2455,3,56
8,6,336.3335,265.2640,3,66.1111,0.2455,3,52
8,6,314.2504,312.3523,3,72.8889,0.2455,3,55
8,6,277.1000,178.1929,3,11.5556,0.2455,3,9
8,6,289.5319,330.1204,3,78.7778,0.2455,3,52
8,6,209.0475,322.0373,3,67.3333,0.2455,3,47
8,6,334.3620,234.5435,3,133.0000,0.2455,3,98
8,6,224.3164,181.3785,3,8.1111,0.2455,3,6
8,6,236.3409,334.4970,3,46.0000,0.2455,3,38
8,6,174.3860,216.2656,3,10.8889,0.2455,3,8
8,6,181.3426,308.1371,3,82.5556,0.2455,3,60
8,6,339.3696,295.4971,3,99.2222,0.2455,3,83
8,6,331.4821,204.4953,3,125.0000,0.2455,3,107
8,6,249.3276,164.2241,3,7.7778,0.2455,3,5
8,6,264.4454,348.0360,3,116.8889,0.2455,3,83
8,6,152.1961,263.5099,3,66.3333,0.2455,3,48
8,6,361.0696,248.2934,3,101.4444,0.2455,3,74
8,6,302.0731,161.1818,3,15.8889,0.2455,3,11
8,6,211.2087,352.4120,3,106.6667,0.2455,3,79
8,6,317.1757,343.2182,3,69.5556,0.2455,3,50
8,6,150.2164,233.1343,3,6.2222,0.2455,3,4
8,6,154.1101,294.2546,3,90.1111,0.2455,3,60
8,6,341.5163,325.4803,3,49.0000,0.2455,3,36
8,6,359.1138,218.0166,3,61.6667,0.2455,3,43
8,6,183.4690,338.2124,3,37.1111,0.2455,3,28
8,6,329.3360,174.0558,3,11.6667,0.2455,3,8
8,6,239.1770,365.2684,3,41.0000,0.2455,3,32
8,6,363.5415,279.0231,3,29.7778,0.2455,3,21
8,6,292.1203,360.4383,3,36.2222,0.2455,3,27
8,6,356.2105,188.0798,3,36.2222,0.2455,3,25
8,6,156.2987,325.1966,3,69.5556,0.2455,3,52
8,6,366.4771,309.0951,3,47.0000,0.2455,3,36
8,6,267.0560,378.2441,3,44.6667,0.2455,3,32
8,6,386.3798,230.5280,3,42.6667,0.2455,3,31
8,6,214.3109,382.1283,3,29.0000,0.2455,3,22
8,6,186.4544,369.2481,3,24.1111,0.2455,3,19
8,6,389.2088,261.2586,3,37.4444,0.2455,3,25
8,6,319.1490,374.1637,3,35.6667,0.2455,3,26
8,6,344.1860,357.1709,3,24.8889,0.2455,3,17
8,6,130.1842,311.3070,3,77.2222,0.2455,3,52
8,6,383.3674,201.0335,3,41.0000,0.2455,3,31
8,6,159.2835,355.3917,3,35.1111,0.2455,3,27
8,6,241.5499,395.2411,3,30.2222,0.2455,3,20
8,6,294.3360,391.0044,3,43.3333,0.2455,3,32
8,6,391.4612,291.2590,3,26.4444,0.2455,3,21
8,6,369.3556,339.4377,3,26.8889,0.2455,3,19
8,6,131.3970,342.2850,3,75.4444,0.2455,3,53
8,6,268.6162,408.4802,3,39.0000,0.2455,3,28
8,6,394.2048,322.0658,3,31.7778,0.2455,3,23
8,6,190.0130,398.5227,3,37.7778,0.2455,3,25
8,6,414.4351,244.2136,3,32.3333,0.2455,3,25
8,6,410.4176,213.3529,3,8.4444,0.2455,3,9
8,6,347.1248,388.0230,3,32.3333,0.2455,3,21
8,6,416.1278,274.1861,3,36.2222,0.2455,3,24
8,6,161.2287,386.2415,3,34.7778,0.2455,3,23
8,6,216.4854,412.4616,3,24.5556,0.2455,3,21
8,6,322.1247,404.2363,3,10.3333,0.2455,3,8
8,6,372.1586,369.3796,3,17.8889,0.2455,3,13
8,6,134.2298,372.4580,3,45.3333,0.2455,3,31
8,6,396.4237,352.4597,3,23.1111,0.2455,3,18
8,6,419.0572,305.1530,3,43.2222,0.2455,3,28
8,6,243.2752,426.4058,3,19.0000,0.2455,3,15
8,6,231.5679,87.1518,3,31.3333,0.2455,3,19
8,6,296.3750,422.4361,3,17.1111,0.2455,3,14
8,6,285.0162,83.1456,3,20.0000,0.2455,3,13
9,6,256.1905,256.1343,3,196.0000,0.3043,3,190
9,6,281.4895,239.1010,3,159.1111,0.3043,3,125
9,6,229.4186,242.2612,3,183.6667,0.3043,3,140
9,6,284.1616,268.4271,3,197.5556,0.3043,3,158
9,6,231.4583,273.5257,3,133.8889,0.3043,3,102
9,6,254.4619,225.3050,3,81.5556,0.3043,3,67
9,6,259.4025,287.0034,3,154.4444,0.3043,3,113
9,6,203.4841,260.0326,3,209.5556,0.3043,3,171
9,6,308.3816,252.1594,3,197.1111,0.3043,3,155
9,6,279.3898,209.0880,3,206.5556,0.3043,3,160
9,6,227.3916,212.3384,3,67.7778,0.3043,3,55
9,6,287.0729,299.3326,3,179.4444,0.3043,3,135
9,6,233.4954,305.1862,3,203.7778,0.3043,3,165
9,6,262.2623,316.4344,3,89.8889,0.3043,3,72
9,6,202.4936,229.2281,3,77.5556,0.3043,3,63
9,6,206.3682,290.3986,3,98.0000,0.3043,3,79
9,6,311.5020,282.2943,3,98.1111,0.3043,3,72
9,6,252.1786,195.2133,3,26.4444,0.3043,3,20
9,6,307.0931,221.5907,3,173.0000,0.3043,3,125
9,6,177.2218,246.2569,3,84.1111,0.3043,3,61
9,6,179.1542,277.2814,3,87.4444,0.3043,3,61
9,6,199.2963,198.4508,3,9.5556,0.3043,3,7
9,6,304.1710,192.1747,3,79.3333,0.3043,3,56
9,6,336.3344,265.2628,3,66.1111,0.3043,3,52
9,6,314.2518,312.3496,3,73.0000,0.3043,3,55
9,6,277.0785,178.1755,3,11.6667,0.3043,3,10
9,6,289.5319,330.1204,3,78.7778,0.3043,3,52
9,6,209.0433,322.0401,3,67.3333,0.3043,3,47
9,6,334.3634,234.5450,3,133.0000,0.3043,3,98
9,6,224.3169,181.3901,3,8.1111,0.3043,3,6
9,6,236.3395,334.4904,3,46.0000,0.3043,3,38
9,6,174.3795,216.2653,3,10.8889,0.3043,3,8
9,6,331.4825,204.4946,3,125.2222,0.3043,3,109
9,6,181.3363,308.1393,3,82.7778,0.3043,3,60
9,6,339.3673,295.4980,3,99.4444,0.3043,3,83
9,6,250.0095,164.2143,3,7.8889,0.3043,3,5
9,6,264.4440,348.0357,3,116.8889,0.3043,3,83
9,6,152.1988,263.5081,3,66.3333,0.3043,3,48
9,6,361.0655,248.2889,3,101.4444,0.3043,3,74
9,6,302.0694,161.1726,3,16.0000,0.3043,3,11
9,6,211.2060,352.4101,3,107.0000,0.3043,3,79
9,6,317.1779,343.2175,3,69.5556,0.3043,3,50
9,6,150.2216,233.1557,3,6.2222,0.3043,3,4
9,6,154.1097,294.2557,3,90.1111,0.3043,3,60
9,6,341.5112,325.4843,3,49.0000,0.3043,3,36
9,6,359.1179,218.0158,3,61.6667,0.3043,3,43
9,6,183.4692,338.2230,3,37.3333,0.3043,3,29
9,6,329.2955,174.0685,3,11.6667,0.3043,3,8
9,6,292.1103,360.4420,3,36.3333,0.3043,3,27
9,6,239.1735,365.2721,3,41.0000,0.3043,3,32
9,6,363.5303,279.0271,3,29.7778,0.3043,3,21
9,6,356.2012,188.0780,3,36.3333,0.3043,3,25
9,6,156.2978,325.1990,3,69.7778,0.3043,3,53
9,6,366.4772,309.0924,3,47.3333,0.3043,3,36
9,6,267.0533,378.2360,3,44.6667,0.3043,3,32
9,6,386.3813,230.5279,3,42.7778,0.3043,3,31
9,6,214.3143,382.1302,3,29.0000,0.3043,3,22
9,6,186.4489,369.2531,3,24.1111,0.3043,3,19
9,6,389.2068,261.2566,3,37.4444,0.3043,3,25
9,6,319.1481,374.1628,3,35.6667,0.3043,3,26
9,6,344.1949,357.1729,3,24.8889,0.3043,3,17
9,6,130.1848,311.3089,3,77.5556,0.3043,3,52
9,6,383.3639,201.0318,3,41.0000,0.3043,3,31
9,6,159.2852,355.3943,3,35.1111,0.3043,3,27
9,6,241.5477,395.2259,3,30.2222,0.3043,3,20
9,6,294.3463,390.4664,3,39.6667,0.3043,3,32
9,6,391.4595,291.2505,3,26.4444,0.3043,3,21
9,6,369.3598,339.4427,3,26.8889,0.3043,3,19
9,6,131.3968,342.2846,3,75.4444,0.3043,3,53
9,6,269.0428,408.4690,3,39.3333,0.3043,3,28
9,6,394.2075,322.0661,3,31.7778,0.3043,3,23
9,6,190.0085,398.5267,3,37.7778,0.3043,3,25
9,6,414.4351,244.2170,3,32.3333,0.3043,3,25
9,6,410.4240,213.3616,3,8.4444,0.3043,3,9
9,6,347.1288,388.0339,3,32.3333,0.3043,3,21
9,6,416.1149,274.1855,3,36.3333,0.3043,3,25
9,6,161.2398,386.2398,3,34.7778,0.3043,3,23
9,6,216.5018,412.4600,3,27.2222,0.3043,3,21
9,6,372.1527,369.3711,3,18.1111,0.3043,3,13
9,6,322.1296,404.2449,3,10.3333,0.3043,3,8
9,6,134.2235,372.4546,3,45.3333,0.3043,3,31
9,6,396.4260,352.4492,3,23.1111,0.3043,3,18
9,6,419.0547,305.1561,3,43.2222,0.3043,3,28
9,6,243.2785,426.4087,3,19.0000,0.3043,3,15
9,6,231.5529,87.1487,3,31.3333,0.3043,3,19
9,6,296.3636,422.4229,3,17.1111,0.3043,3,14
9,6,285.0077,83.1518,3,20.0000,0.3043,3,13
10,6,256.1901,256.1339,3,196.0000,0.4740,3,190
10,6,229.4188,242.2614,3,183.5556,0.4740,3,140
10,6,284.1611,268.4275,3,197.4444,0.4740,3,158
10,6,281.5146,238.6407,3,184.4444,0.4740,3,124
10,6,231.4580,273.5267,3,133.8889,0.4740,3,102
10,6,254.4627,225.3069,3,81.5556,0.4740,3,67
10,6,259.4027,287.0020,3,154.4444,0.4740,3,113
10,6,203.4841,260.0328,3,209.4444,0.4740,3,171
10,6,308.3824,252.1602,3,197.1111,0.4740,3,154
10,6,279.3908,209.0895,3,206.5556,0.4740,3,160
10,6,227.3901,212.3386,3,67.7778,0.4740,3,55
10,6,287.0726,299.3326,3,179.3333,0.4740,3,135
10,6,233.4960,305.1867,3,203.7778,0.4740,3,165
10,6,262.2646,316.4369,3,89.5556,0.4740,3,72
10,6,202.4926,229.2287,3,77.4444,0.4740,3,63
10,6,206.3678,290.3998,3,97.7778,0.4740,3,79
10,6,311.5034,282.2931,3,98.1111,0.4740,3,72
10,6,252.1786,195.2133,3,26.4444,0.4740,3,20
10,6,307.0921,221.5930,3,172.7778,0.4740,3,125
10,6,177.2210,246.2575,3,84.1111,0.4740,3,61
10,6,179.1557,277.2839,3,87.3333,0.4740,3,61
10,6,199.2812,198.4482,3,9.4444,0.4740,3,7
10,6,304.1715,192.1795,3,79.2222,0.4740,3,56
10,6,336.3316,265.2641,3,66.1111,0.4740,3,52
10,6,314.2519,312.3531,3,72.8889,0.4740,3,55
10,6,277.0940,178.1879,3,11.6667,0.4740,3,10
10,6,289.5319,330.1204,3,78.7778,0.4740,3,52
10,6,209.0427,322.0415,3,67.3333,0.4740,3,47
10,6,334.3628,234.5424,3,133.0000,0.4740,3,98
10,6,224.3164,181.3785,3,8.1111,0.4740,3,6
10,6,236.3382,334.4914,3,46.0000,0.4740,3,38
10,6,174.3841,216.2725,3,10.8889,0.4740,3,8
10,6,181.3410,308.1385,3,82.6667,0.4740,3,60
10,6,339.3678,295.4963,3,99.4444,0.4740,3,83
10,6,331.4819,204.4939,3,125.0000,0.4740,3,107
10,6,249.3113,164.2279,3,7.7778,0.4740,3,5
10,6,264.4450,348.0368,3,116.8889,0.4740,3,83
10,6,152.1985,263.5064,3,66.3333,0.4740,3,48
10,6,361.0684,248.2932,3,101.4444,0.4740,3,74
10,6,302.0656,161.1759,3,15.8889,0.4740,3,11
10,6,211.2066,352.4108,3,107.0000,0.4740,3,79
10,6,317.1779,343.2187,3,69.5556,0.4740,3,50
10,6,150.2169,233.1581,3,6.2222,0.4740,3,4
10,6,154.1105,294.2569,3,90.1111,0.4740,3,60
10,6,341.5186,325.4826,3,49.0000,0.4740,3,36
10,6,359.1169,218.0184,3,61.6667,0.4740,3,43
10,6,183.4684,338.2212,3,37.2222,0.4740,3,28
10,6,329.3318,174.0614,3,11.6667,0.4740,3,8
10,6,239.1750,365.2725,3,41.0000,0.4740,3,32
10,6,363.5424,279.0263,3,29.7778,0.4740,3,21
10,6,292.1119,360.4405,3,36.2222,0.4740,3,27
10,6,356.2063,188.0773,3,36.2222,0.4740,3,25
10,6,156.2973,325.1963,3,69.6667,0.4740,3,52
10,6,366.4782,309.0926,3,47.1111,0.4740,3,36
10,6,267.0586,378.2424,3,44.6667,0.4740,3,32
10,6,386.3818,230.5280,3,42.6667,0.4740,3,31
10,6,214.3143,382.1302,3,29.0000,0.4740,3,22
10,6,186.4544,369.2481,3,24.1111,0.4740,3,19
10,6,389.2066,261.2548,3,37.4444,0.4740,3,25
10,6,319.1532,374.1591,3,35.6667,0.4740,3,26
10,6,344.1949,357.1729,3,24.8889,0.4740,3,17
10,6,130.1831,311.3095,3,77.2222,0.4740,3,52
10,6,383.3662,201.0319,3,41.0000,0.4740,3,31
10,6,159.2875,355.3948,3,35.1111,0.4740,3,27
10,6,241.5478,395.2348,3,30.2222,0.4740,3,20
10,6,294.3391,391.0021,3,43.4444,0.4740,3,32
10,6,391.4558,291.2539,3,26.4444,0.4740,3,21
10,6,369.3556,339.4377,3,26.8889,0.4740,3,19
10,6,131.3954,342.2864,3,75.4444,0.4740,3,53
10,6,268.6132,408.4759,3,39.1111,0.4740,3,28
10,6,394.2048,322.0658,3,31.7778,0.4740,3,23
10,6,190.0130,398.5227,3,37.7778,0.4740,3,25
10,6,414.4351,244.2136,3,32.3333,0.4740,3,25
10,6,410.4237,213.3552,3,8.4444,0.4740,3,9
10,6,347.1248,388.0230,3,32.3333,0.4740,3,21
10,6,416.1162,274.1860,3,36.2222,0.4740,3,25
10,6,161.2398,386.2398,3,34.7778,0.4740,3,23
10,6,216.4854,412.4616,3,24.5556,0.4740,3,21
10,6,372.1596,369.3734,3,18.1111,0.4740,3,13
10,6,322.1247,404.2363,3,10.3333,0.4740,3,8
10,6,134.2235,372.4546,3,45.3333,0.4740,3,31
10,6,396.4237,352.4597,3,23.1111,0.4740,3,18
10,6,419.0572,305.1530,3,43.2222,0.4740,3,28
10,6,243.2742,426.4073,3,19.0000,0.4740,3,15
10,6,231.5529,87.1487,3,31.3333,0.4740,3,19
10,6,296.3643,422.4418,3,17.1111,0.4740,3,14
10,6,285.0192,83.1329,3,20.0000,0.4740,3,12
1,7,255.7224,256.1295,3,195.7778,0.3880,3,192
1,7,229.4207,242.2608,3,183.3333,0.3880,3,140
1,7,284.1617,268.4296,3,197.2222,0.3880,3,158
1,7,281.5168,238.6376,3,184.1111,0.3880,3,124
1,7,231.4598,273.5281,3,133.5556,0.3880,3,102
1,7,254.4712,225.3076,3,81.3333,0.3880,3,66
1,7,259.4083,287.0002,3,153.7778,0.3880,3,113
1,7,308.3819,252.1593,3,196.7778,0.3880,3,154
1,7,279.3913,209.0904,3,206.5556,0.3880,3,161
1,7,227.3918,212.3362,3,67.5556,0.3880,3,55
1,7,287.0753,299.3334,3,179.1111,0.3880,3,134
1,7,203.4842,260.0323,3,209.4444,0.3880,3,171
1,7,233.4977,305.1873,3,203.6667,0.3880,3,166
1,7,262.2672,316.4343,3,89.3333,0.3880,3,71
1,7,202.4980,229.2292,3,77.2222,0.3880,3,63
1,7,206.3680,290.4078,3,97.5556,0.3880,3,79
1,7,252.1765,195.2300,3,26.2222,0.3880,3,20
1,7,307.0715,222.0309,3,172.5556,0.3880,3,124
1,7,311.5065,282.3024,3,97.8889,0.3880,3,71
1,7,177.2250,246.2634,3,83.8889,0.3880,3,61
1,7,179.1535,277.2881,3,87.1111,0.3880,3,61
1,7,304.1722,192.1744,3,79.0000,0.3880,3,56
1,7,336.3305,265.2606,3,66.0000,0.3880,3,52
1,7,199.2713,198.4830,3,9.2222,0.3880,3,8
1,7,314.2513,312.3593,3,72.7778,0.3880,3,55
1,7,277.1418,178.1982,3,11.5556,0.3880,3,9
1,7,289.5324,330.1225,3,78.7778,0.3880,3,52
1,7,209.0446,322.0349,3,67.3333,0.3880,3,47
1,7,334.3621,234.5439,3,133.0000,0.3880,3,98
1,7,224.3012,181.3932,3,7.7778,0.3880,3,5
1,7,236.3301,335.0078,3,54.0000,0.3880,3,38
1,7,174.3805,216.2522,3,10.7778,0.3880,3,8
1,7,181.3471,308.1349,3,82.5556,0.3880,3,60
1,7,339.3750,295.4968,3,98.4444,0.3880,3,83
1,7,331.4830,204.5013,3,139.2222,0.3880,3,107
1,7,249.3107,164.2468,3,7.4444,0.3880,3,5
1,7,264.4510,348.0452,3,116.4444,0.3880,3,82
1,7,152.1982,263.5065,3,66.0000,0.3880,3,47
1,7,361.0689,248.2923,3,101.4444,0.3880,3,73
1,7,302.0160,161.1874,3,15.4444,0.3880,3,10
1,7,211.2070,352.4105,3,106.3333,0.3880,3,79
1,7,317.1676,343.2110,3,69.5556,0.3880,3,50
1,7,150.1654,233.1615,3,5.8889,0.3880,3,4
1,7,154.1006,294.2465,3,90.0000,0.3880,3,60
1,7,183.4840,338.2100,3,37.1111,0.3880,3,28
1,7,329.3480,174.0653,3,11.6667,0.3880,3,7
1,7,359.1320,217.6015,3,61.1111,0.3880,3,43
1,7,341.5278,325.4807,3,48.5556,0.3880,3,36
1,7,239.1594,365.2775,3,41.0000,0.3880,3,32
1,7,363.5736,279.0349,3,29.4444,0.3880,3,20
1,7,292.1246,360.4226,3,36.2222,0.3880,3,27
1,7,356.2126,188.0812,3,35.8889,0.3880,3,24
1,7,156.3019,325.1932,3,69.4444,0.3880,3,52
1,7,366.4779,309.1033,3,47.0000,0.3880,3,36
1,7,267.0579,378.2425,3,44.1111,0.3880,3,32
1,7,386.3816,230.5302,3,42.2222,0.3880,3,31
1,7,186.4488,369.2481,3,24.1111,0.3880,3,19
1,7,214.3236,382.1472,3,29.0000,0.3880,3,22
1,7,389.1956,261.2516,3,37.4444,0.3880,3,25
1,7,319.1550,374.1721,3,35.6667,0.3880,3,25
1,7,344.2266,357.2206,3,24.7778,0.3880,3,16
1,7,130.1903,311.3123,3,76.8889,0.3880,3,52
1,7,383.3545,201.0265,3,40.5556,0.3880,3,31
1,7,159.2889,355.4022,3,35.0000,0.3880,3,27
1,7,241.5412,395.2548,3,30.0000,0.3880,3,19
1,7,294.3438,391.0156,3,43.0000,0.3880,3,31
1,7,391.4814,291.2546,3,26.4444,0.3880,3,21
1,7,369.3337,339.4274,3,26.8889,0.3880,3,19
1,7,131.3951,342.2844,3,75.4444,0.3880,3,53
1,7,394.1897,322.0582,3,31.7778,0.3880,3,23
1,7,269.0448,408.4965,3,38.3333,0.3880,3,27
1,7,189.5802,398.5785,3,37.5556,0.3880,3,25
1,7,414.4438,244.2213,3,32.0000,0.3880,3,24
1,7,410.4469,213.3796,3,8.3333,0.3880,3,9
1,7,347.1021,388.0335,3,32.3333,0.3880,3,21
1,7,416.1208,274.1848,3,35.8889,0.3880,3,24
1,7,161.2208,386.2580,3,34.4444,0.3880,3,23
1,7,216.4616,412.4504,3,24.1111,0.3880,3,20
1,7,372.1316,369.3538,3,17.6667,0.3880,3,13
1,7,322.1918,404.1876,3,10.3333,0.3880,3,8
1,7,134.2304,372.4630,3,45.3333,0.3880,3,31
1,7,396.4385,352.4284,3,23.1111,0.3880,3,18
1,7,419.0794,305.1766,3,43.2222,0.3880,3,28
1,7,243.2983,426.4848,3,19.0000,0.3880,3,15
1,7,231.5745,87.1543,3,31.3333,0.3880,3,19
1,7,296.4023,422.4873,3,16.7778,0.3880,3,14
1,7,285.0253,83.1345,3,19.5556,0.3880,3,12
2,7,256.1882,256.1352,3,195.5556,0.0193,3,189
2,7,229.4209,242.2614,3,183.2222,0.0193,3,140
2,7,284.1618,268.4305,3,197.1111,0.0193,3,158
2,7,281.5165,238.6377,3,184.1111,0.0193,3,124
2,7,231.4562,273.5298,3,133.5556,0.0193,3,102
2,7,254.4694,225.3080,3,81.3333,0.0193,3,66
2,7,259.4079,287.0011,3,153.7778,0.0193,3,113
2,7,308.3814,252.1606,3,196.7778,0.0193,3,154
2,7,279.3915,209.0912,3,206.3333,0.0193,3,161
2,7,227.3916,212.3414,3,67.4444,0.0193,3,55
2,7,287.0747,299.3353,3,179.0000,0.0193,3,134
2,7,203.4847,260.0323,3,209.4444,0.0193,3,171
2,7,233.4977,305.1873,3,203.5556,0.0193,3,166
2,7,262.2671,316.4339,3,89.2222,0.0193,3,71
2,7,202.5017,229.2306,3,88.4444,0.0193,3,63
2,7,206.3693,290.4064,3,97.5556,0.0193,3,79
2,7,311.5062,282.3002,3,97.7778,0.0193,3,71
2,7,252.1756,195.2225,3,26.1111,0.0193,3,21
2,7,307.0719,222.0321,3,172.4444,0.0193,3,124
2,7,177.2218,246.2626,3,83.7778,0.0193,3,61
2,7,179.1553,277.2921,3,86.8889,0.0193,3,60
2,7,304.1759,192.1726,3,78.8889,0.0193,3,56
2,7,336.3295,265.2622,3,66.0000,0.0193,3,52
2,7,199.2906,198.4852,3,9.2222,0.0193,3,8
2,7,314.2482,312.3596,3,72.7778,0.0193,3,55
2,7,277.1118,178.2135,3,11.3333,0.0193,3,9
2,7,289.5344,330.1231,3,78.7778,0.0193,3,52
2,7,209.0461,322.0457,3,67.2222,0.0193,3,47
2,7,334.3652,234.5466,3,133.0000,0.0193,3,97
2,7,224.3000,181.4104,3,7.7778,0.0193,3,5
2,7,236.3256,335.0076,3,53.7778,0.0193,3,38
2,7,174.4040,216.2500,3,10.7778,0.0193,3,8
2,7,331.4824,204.5011,3,139.2222,0.0193,3,108
2,7,181.3500,308.1337,3,82.5556,0.0193,3,60
2,7,339.3778,295.4978,3,98.4444,0.0193,3,82
2,7,249.3016,164.2023,3,7.4444,0.0193,3,5
2,7,264.4541,348.0462,3,116.1111,0.0193,3,82
2,7,152.1992,263.5061,3,65.8889,0.0193,3,47
2,7,361.0707,248.2951,3,101.3333,0.0193,3,73
2,7,302.0185,161.1953,3,15.4444,0.0193,3,10
2,7,211.2093,352.4116,3,106.3333,0.0193,3,79
2,7,317.1647,343.2070,3,69.5556,0.0193,3,50
2,7,150.1732,233.1693,3,5.6667,0.0193,3,4
2,7,154.1038,294.2489,3,89.7778,0.0193,3,60
2,7,183.4896,338.2068,3,37.1111,0.0193,3,28
2,7,329.3493,174.0766,3,11.6667,0.0193,3,7
2,7,359.1292,217.6081,3,61.0000,0.0193,3,43
2,7,341.5312,325.4835,3,48.4444,0.0193,3,36
2,7,239.1603,365.2812,3,41.0000,0.0193,3,32
2,7,363.5696,279.0357,3,29.1111,0.0193,3,20
2,7,292.1271,360.4100,3,36.2222,0.0193,3,27
2,7,356.2196,188.0887,3,35.8889,0.0193,3,24
2,7,156.3033,325.1974,3,69.4444,0.0193,3,52
2,7,366.4750,309.0995,3,47.0000,0.0193,3,36
2,7,267.0621,378.2405,3,44.0000,0.0193,3,32
2,7,386.3849,230.5343,3,42.2222,0.0193,3,31
2,7,186.4523,369.2527,3,24.1111,0.0193,3,19
2,7,214.3276,382.1446,3,28.7778,0.0193,3,22
2,7,389.1946,261.2539,3,37.4444,0.0193,3,25
2,7,319.1570,374.1734,3,35.6667,0.0193,3,25
2,7,344.2325,357.2181,3,24.6667,0.0193,3,16
2,7,130.1936,311.3207,3,76.8889,0.0193,3,52
2,7,383.3641,201.0321,3,40.4444,0.0193,3,31
2,7,159.2960,355.3959,3,34.8889,0.0193,3,27
2,7,241.5473,395.2493,3,29.8889,0.0193,3,19
2,7,294.3499,390.4849,3,38.6667,0.0193,3,31
2,7,391.4795,291.2591,3,26.4444,0.0193,3,21
2,7,369.3261,339.4242,3,26.8889,0.0193,3,19
2,7,131.3983,342.2863,3,75.4444,0.0193,3,53
2,7,394.1806,322.0638,3,31.7778,0.0193,3,23
2,7,269.0516,408.4958,3,38.3333,0.0193,3,27
2,7,189.5789,398.5755,3,37.2222,0.0193,3,24
2,7,414.4281,244.2250,3,32.0000,0.0193,3,24
2,7,410.4358,213.3758,3,8.3333,0.0193,3,9
2,7,347.1000,388.0357,3,32.3333,0.0193,3,21
2,7,416.1218,274.1819,3,35.8889,0.0193,3,24
2,7,161.2278,386.2661,3,34.1111,0.0193,3,23
2,7,216.4717,412.4538,3,23.8889,0.0193,3,20
2,7,372.1289,369.3498,3,17.6667,0.0193,3,12
2,7,322.2015,404.1546,3,10.1111,0.0193,3,8
2,7,134.2287,372.4592,3,45.3333,0.0193,3,30
2,7,396.4270,352.4258,3,23.1111,0.0193,3,18
2,7,419.0881,305.1906,3,43.0000,0.0193,3,28
2,7,243.3036,426.4846,3,18.7778,0.0193,3,14
2,7,231.5736,87.1588,3,31.3333,0.0193,3,19
2,7,296.3916,422.4914,3,16.5556,0.0193,3,14
2,7,285.0096,83.1326,3,19.5556,0.0193,3,12
3,7,256.1881,256.1351,3,195.5556,0.0000,3,189
3,7,229.4209,242.2614,3,183.2222,0.0000,3,140
3,7,284.1618,268.4305,3,197.1111,0.0000,3,158
3,7,281.5165,238.6377,3,184.1111,0.0000,3,124
3,7,231.4562,273.5298,3,133.5556,0.0000,3,102
3,7,254.4694,225.3080,3,81.3333,0.0000,3,66
3,7,259.4079,287.0011,3,153.7778,0.0000,3,113
3,7,308.3814,252.1606,3,196.7778,0.0000,3,154
3,7,279.3915,209.0912,3,206.3333,0.0000,3,161
3,7,227.3916,212.3414,3,67.4444,0.0000,3,55
3,7,287.0747,299.3353,3,179.0000,0.0000,3,134
3,7,203.4843,260.0328,3,209.4444,0.0000,3,171
3,7,233.4977,305.1873,3,203.5556,0.0000,3,166
3,7,262.2671,316.4339,3,89.2222,0.0000,3,71
3,7,202.5027,229.2290,3,88.4444,0.0000,3,63
3,7,206.3693,290.4064,3,97.5556,0.0000,3,79
3,7,311.5062,282.3002,3,97.7778,0.0000,3,71
3,7,252.1756,195.2225,3,26.1111,0.0000,3,21
3,7,307.0719,222.0321,3,172.4444,0.0000,3,124
3,7,177.2218,246.2626,3,83.7778,0.0000,3,61
3,7,179.1561,277.2902,3,86.8889,0.0000,3,60
3,7,304.1759,192.1726,3,78.8889,0.0000,3,56
3,7,336.3295,265.2622,3,66.0000,0.0000,3,52
3,7,199.2906,198.4852,3,9.2222,0.0000,3,8
3,7,314.2482,312.3596,3,72.7778,0.0000,3,55
3,7,277.1118,178.2135,3,11.3333,0.0000,3,9
3,7,289.5344,330.1231,3,78.7778,0.0000,3,52
3,7,209.0461,322.0457,3,67.2222,0.0000,3,47
3,7,334.3656,234.5477,3,133.0000,0.0000,3,97
3,7,224.3000,181.4104,3,7.7778,0.0000,3,5
3,7,236.3256,335.0076,3,53.7778,0.0000,3,38
3,7,174.4040,216.2500,3,10.7778,0.0000,3,8
3,7,331.4830,204.5015,3,139.2222,0.0000,3,108
3,7,181.3500,308.1337,3,82.5556,0.0000,3,60
3,7,339.3778,295.4978,3,98.4444,0.0000,3,82
3,7,249.3016,164.2023,3,7.4444,0.0000,3,5
3,7,264.4541,348.0462,3,116.1111,0.0000,3,82
3,7,152.1992,263.5061,3,65.8889,0.0000,3,47
3,7,361.0707,248.2951,3,101.3333,0.0000,3,73
3,7,302.0185,161.1953,3,15.4444,0.0000,3,10
3,7,211.2093,352.4116,3,106.3333,0.0000,3,79
3,7,317.1647,343.2070,3,69.5556,0.0000,3,50
3,7,150.1732,233.1693,3,5.6667,0.0000,3,4
3,7,154.1038,294.2489,3,89.7778,0.0000,3,60
3,7,183.4896,338.2068,3,37.1111,0.0000,3,28
3,7,329.3493,174.0766,3,11.6667,0.0000,3,7
3,7,359.1292,217.6081,3,61.0000,0.0000,3,43
3,7,341.5312,325.4835,3,48.4444,0.0000,3,36
3,7,239.1603,365.2812,3,41.0000,0.0000,3,32
3,7,363.5696,279.0357,3,29.1111,0.0000,3,20
3,7,292.1271,360.4100,3,36.2222,0.0000,3,27
3,7,356.2196,188.0887,3,35.8889,0.0000,3,24
3,7,156.3033,325.1974,3,69.4444,0.0000,3,52
3,7,366.4750,309.0995,3,47.0000,0.0000,3,36
3,7,267.0621,378.2405,3,44.0000,0.0000,3,32
3,7,386.3849,230.5343,3,42.2222,0.0000,3,31
3,7,186.4483,369.2524,3,24.1111,0.0000,3,19
3,7,214.3276,382.1446,3,28.7778,0.0000,3,22
3,7,389.1946,261.2539,3,37.4444,0.0000,3,25
3,7,319.1570,374.1734,3,35.6667,0.0000,3,25
3,7,344.2325,357.2181,3,24.6667,0.0000,3,16
3,7,130.1936,311.3207,3,76.8889,0.0000,3,52
3,7,383.3641,201.0321,3,40.4444,0.0000,3,31
3,7,159.2960,355.3959,3,34.8889,0.0000,3,27
3,7,241.5473,395.2493,3,29.8889,0.0000,3,19
3,7,294.3499,390.4849,3,38.6667,0.0000,3,31
3,7,391.4795,291.2591,3,26.4444,0.0000,3,21
3,7,369.3261,339.4242,3,26.8889,0.0000,3,19
3,7,131.3983,342.2863,3,75.4444,0.0000,3,53
3,7,394.1806,322.0638,3,31.7778,0.0000,3,23
3,7,269.0516,408.4958,3,38.3333,0.0000,3,27
3,7,189.5789,398.5755,3,37.2222,0.0000,3,24
3,7,414.4256,244.2248,3,32.0000,0.0000,3,24
3,7,410.4315,213.3776,3,8.3333,0.0000,3,9
3,7,347.1000,388.0357,3,32.3333,0.0000,3,21
3,7,416.1218,274.1819,3,35.8889,0.0000,3,24
3,7,161.2278,386.2661,3,34.1111,0.0000,3,23
3,7,216.4736,412.4528,3,23.8889,0.0000,3,20
3,7,372.1289,369.3498,3,17.6667,0.0000,3,12
3,7,322.2015,404.1546,3,10.1111,0.0000,3,8
3,7,134.2287,372.4592,3,45.3333,0.0000,3,30
3,7,396.4270,352.4258,3,23.1111,0.0000,3,18
3,7,419.0881,305.1906,3,43.0000,0.0000,3,28
3,7,243.3036,426.4846,3,18.7778,0.0000,3,14
3,7,231.5747,87.1638,3,31.3333,0.0000,3,19
3,7,296.3916,422.4914,3,16.5556,0.0000,3,14
3,7,285.0096,83.1326,3,19.5556,0.0000,3,12
4,7,256.1881,256.1351,3,195.5556,0.0000,3,189
4,7,229.4209,242.2614,3,183.2222,0.0000,3,140
4,7,284.1618,268.4305,3,197.1111,0.0000,3,158
4,7,281.5165,238.6377,3,184.1111,0.0000,3,124
4,7,231.4562,273.5298,3,133.5556,0.0000,3,102
4,7,254.4694,225.3080,3,81.3333,0.0000,3,66
4,7,259.4079,287.0011,3,153.7778,0.0000,3,113
4,7,308.3814,252.1606,3,196.7778,0.0000,3,154
4,7,279.3915,209.0912,3,206.3333,0.0000,3,161
4,7,227.3916,212.3414,3,67.4444,0.0000,3,55
4,7,287.0747,299.3353,3,179.0000,0.0000,3,134
4,7,203.4843,260.0328,3,209.4444,0.0000,3,171
4,7,233.4977,305.1873,3,203.5556,0.0000,3,166
4,7,262.2671,316.4339,3,89.2222,0.0000,3,71
4,7,202.5027,229.2290,3,88.4444,0.0000,3,63
4,7,206.3693,290.4064,3,97.5556,0.0000,3,79
4,7,311.5062,282.3002,3,97.7778,0.0000,3,71
4,7,252.1756,195.2225,3,26.1111,0.0000,3,21
4,7,307.0719,222.0321,3,172.4444,0.0000,3,124
4,7,177.2218,246.2626,3,83.7778,0.0000,3,61
4,7,179.1561,277.2902,3,86.8889,0.0000,3,60
4,7,304.1759,192.1726,3,78.8889,0.0000,3,56
4,7,336.3295,265.2622,3,66.0000,0.0000,3,52
4,7,199.2906,198.4852,3,9.2222,0.0000,3,8
4,7,314.2482,312.3596,3,72.7778,0.0000,3,55
4,7,277.1118,178.2135,3,11.3333,0.0000,3,9
4,7,289.5344,330.1231,3,78.7778,0.0000,3,52
4,7,209.0461,322.0457,3,67.2222,0.0000,3,47
4,7,334.3656,234.5477,3,133.0000,0.0000,3,97
4,7,224.3000,181.4104,3,7.7778,0.0000,3,5
4,7,236.3256,335.0076,3,53.7778,0.0000,3,38
4,7,174.4040,216.2500,3,10.7778,0.0000,3,8
4,7,331.4830,204.5015,3,139.2222,0.0000,3,108
4,7,181.3500,308.1337,3,82.5556,0.0000,3,60
4,7,339.3778,295.4978,3,98.4444,0.0000,3,82
4,7,249.3016,164.2023,3,7.4444,0.0000,3,5
4,7,264.4541,348.0462,3,116.1111,0.0000,3,82
4,7,152.1992,263.5061,3,65.8889,0.0000,3,47
4,7,361.0707,248.2951,3,101.3333,0.0000,3,73
4,7,302.0185,161.1953,3,15.4444,0.0000,3,10
4,7,211.2093,352.4116,3,106.3333,0.0000,3,79
4,7,317.1647,343.2070,3,69.5556,0.0000,3,50
4,7,150.1732,233.1693,3,5.6667,0.0000,3,4
4,7,154.1038,294.2489,3,89.7778,0.0000,3,60
4,7,183.4896,338.2068,3,37.1111,0.0000,3,28
4,7,329.3493,174.0766,3,11.6667,0.0000,3,7
4,7,359.1292,217.6081,3,61.0000,0.0000,3,43
4,7,341.5312,325.4835,3,48.4444,0.0000,3,36
4,7,239.1603,365.2812,3,41.0000,0.0000,3,32
4,7,363.5696,279.0357,3,29.1111,0.0000,3,20
4,7,292.1271,360.4100,3,36.2222,0.0000,3,27
4,7,356.2196,188.0887,3,35.8889,0.0000,3,24
4,7,156.3033,325.1974,3,69.4444,0.0000,3,52
4,7,366.4750,309.0995,3,47.0000,0.0000,3,36
4,7,267.0621,378.2405,3,44.0000,0.0000,3,32
4,7,386.3849,230.5343,3,42.2222,0.0000,3,31
4,7,186.4483,369.2524,3,24.1111,0.0000,3,19
4,7,214.3276,382.1446,3,28.7778,0.0000,3,22
4,7,389.1946,261.2539,3,37.4444,0.0000,3,25
4,7,319.1570,374.1734,3,35.6667,0.0000,3,25
4,7,344.2325,357.2181,3,24.6667,0.0000,3,16
4,7,130.1936,311.3207,3,76.8889,0.0000,3,52
4,7,383.3641,201.0321,3,40.4444,0.0000,3,31
4,7,159.2960,355.3959,3,34.8889,0.0000,3,27
4,7,241.5473,395.2493,3,29.8889,0.0000,3,19
4,7,294.3499,390.4849,3,38.6667,0.0000,3,31
4,7,391.4795,291.2591,3,26.4444,0.0000,3,21
4,7,369.3261,339.4242,3,26.8889,0.0000,3,19
4,7,131.3983,342.2863,3,75.4444,0.0000,3,53
4,7,394.1806,322.0638,3,31.7778,0.0000,3,23
4,7,269.0516,408.4958,3,38.3333,0.0000,3,27
4,7,189.5789,398.5755,3,37.2222,0.0000,3,24
4,7,414.4256,244.2248,3,32.0000,0.0000,3,24
4,7,410.4315,213.3776,3,8.3333,0.0000,3,9
4,7,347.1000,388.0357,3,32.3333,0.0000,3,21
4,7,416.1218,274.1819,3,35.8889,0.0000,3,24
4,7,161.2278,386.2661,3,34.1111,0.0000,3,23
4,7,216.4736,412.4528,3,23.8889,0.0000,3,20
4,7,372.1289,369.3498,3,17.6667,0.0000,3,12
4,7,322.2015,404.1546,3,10.1111,0.0000,3,8
4,7,134.2287,372.4592,3,45.3333,0.0000,3,30
4,7,396.4270,352.4258,3,23.1111,0.0000,3,18
4,7,419.0881,305.1906,3,43.0000,0.0000,3,28
4,7,243.3036,426.4846,3,18.7778,0.0000,3,14
4,7,231.5747,87.1638,3,31.3333,0.0000,3,19
4,7,296.3916,422.4914,3,16.5556,0.0000,3,14
4,7,285.0096,83.1326,3,19.5556,0.0000,3,12
5,7,256.1881,256.1351,3,195.5556,0.0000,3,189
5,7,229.4209,242.2614,3,183.2222,0.0000,3,140
5,7,284.1618,268.4305,3,197.1111,0.0000,3,158
5,7,281.5165,238.6377,3,184.1111,0.0000,3,124
5,7,231.4562,273.5298,3,133.5556,0.0000,3,102
5,7,254.4694,225.3080,3,81.3333,0.0000,3,66
5,7,259.4079,287.0011,3,153.7778,0.0000,3,113
5,7,308.3814,252.1606,3,196.7778,0.0000,3,154
5,7,279.3915,209.0912,3,206.3333,0.0000,3,161
5,7,227.3916,212.3414,3,67.4444,0.0000,3,55
5,7,287.0747,299.3353,3,179.0000,0.0000,3,134
5,7,203.4843,260.0328,3,209.4444,0.0000,3,171
5,7,233.4977,305.1873,3,203.5556,0.0000,3,166
5,7,262.2671,316.4339,3,89.2222,0.0000,3,71
5,7,202.5027,229.2290,3,88.4444,0.0000,3,63
5,7,206.3693,290.4064,3,97.5556,0.0000,3,79
5,7,311.5062,282.3002,3,97.7778,0.0000,3,71
5,7,252.1756,195.2225,3,26.1111,0.0000,3,21
5,7,307.0719,222.0321,3,172.4444,0.0000,3,124
5,7,177.2218,246.2626,3,83.7778,0.0000,3,61
5,7,179.1561,277.2902,3,86.8889,0.0000,3,60
5,7,304.1759,192.1726,3,78.8889,0.0000,3,56
5,7,336.3295,265.2622,3,66.0000,0.0000,3,52
5,7,199.2906,198.4852,3,9.2222,0.0000,3,8
5,7,314.2482,312.3596,3,72.7778,0.0000,3,55
5,7,277.1118,178.2135,3,11.3333,0.0000,3,9
5,7,289.5344,330.1231,3,78.7778,0.0000,3,52
5,7,209.0461,322.0457,3,67.2222,0.0000,3,47
5,7,334.3656,234.5477,3,133.0000,0.0000,3,97
5,7,224.3000,181.4104,3,7.7778,0.0000,3,5
5,7,236.3256,335.0076,3,53.7778,0.0000,3,38
5,7,174.4040,216.2500,3,10.7778,0.0000,3,8
5,7,331.4830,204.5015,3,139.2222,0.0000,3,108
5,7,181.3500,308.1337,3,82.5556,0.0000,3,60
5,7,339.3778,295.4978,3,98.4444,0.0000,3,82
5,7,249.3016,164.2023,3,7.4444,0.0000,3,5
5,7,264.4541,348.0462,3,116.1111,0.0000,3,82
5,7,152.1992,263.5061,3,65.8889,0.0000,3,47
5,7,361.0707,248.2951,3,101.3333,0.0000,3,73
5,7,302.0185,161.1953,3,15.4444,0.0000,3,10
5,7,211.2093,352.4116,3,106.3333,0.0000,3,79
5,7,317.1647,343.2070,3,69.5556,0.0000,3,50
5,7,150.1732,233.1693,3,5.6667,0.0000,3,4
5,7,154.1038,294.2489,3,89.7778,0.0000,3,60
5,7,183.4896,338.2068,3,37.1111,0.0000,3,28
5,7,329.3493,174.0766,3,11.6667,0.0000,3,7
5,7,359.1292,217.6081,3,61.0000,0.0000,3,43
5,7,341.5312,325.4835,3,48.4444,0.0000,3,36
5,7,239.1603,365.2812,3,41.0000,0.0000,3,32
5,7,363.5696,279.0357,3,29.1111,0.0000,3,20
5,7,292.1271,360.4100,3,36.2222,0.0000,3,27
5,7,356.2196,188.0887,3,35.8889,0.0000,3,24
5,7,156.3033,325.1974,3,69.4444,0.0000,3,52
5,7,366.4750,309.0995,3,47.0000,0.0000,3,36
5,7,267.0621,378.2405,3,44.0000,0.0000,3,32
5,7,386.3849,230.5343,3,42.2222,0.0000,3,31
5,7,186.4483,369.2524,3,24.1111,0.0000,3,19
5,7,214.3276,382.1446,3,28.7778,0.0000,3,22
5,7,389.1946,261.2539,3,37.4444,0.0000,3,25
5,7,319.1570,374.1734,3,35.6667,0.0000,3,25
5,7,344.2325,357.2181,3,24.6667,0.0000,3,16
5,7,130.1936,311.3207,3,76.8889,0.0000,3,52
5,7,383.3641,201.0321,3,40.4444,0.0000,3,31
5,7,159.2960,355.3959,3,34.8889,0.0000,3,27
5,7,241.5473,395.2493,3,29.8889,0.0000,3,19
5,7,294.3499,390.4849,3,38.6667,0.0000,3,31
5,7,391.4795,291.2591,3,26.4444,0.0000,3,21
5,7,369.3261,339.4242,3,26.8889,0.0000,3,19
5,7,131.3983,342.2863,3,75.4444,0.0000,3,53
5,7,394.1806,322.0638,3,31.7778,0.0000,3,23
5,7,269.0516,408.4958,3,38.3333,0.0000,3,27
5,7,189.5789,398.5755,3,37.2222,0.0000,3,24
5,7,414.4256,244.2248,3,32.0000,0.0000,3,24
5,7,410.4315,213.3776,3,8.3333,0.0000,3,9
5,7,347.1000,388.0357,3,32.3333,0.0000,3,21
5,7,416.1218,274.1819,3,35.8889,0.0000,3,24
5,7,161.2278,386.2661,3,34.1111,0.0000,3,23
5,7,216.4736,412.4528,3,23.8889,0.0000,3,20
5,7,372.1289,369.3498,3,17.6667,0.0000,3,12
5,7,322.2015,404.1546,3,10.1111,0.0000,3,8
5,7,134.2287,372.4592,3,45.3333,0.0000,3,30
5,7,396.4270,352.4258,3,23.1111,0.0000,3,18
5,7,419.0881,305.1906,3,43.0000,0.0000,3,28
5,7,243.3036,426.4846,3,18.7778,0.0000,3,14
5,7,231.5747,87.1638,3,31.3333,0.0000,3,19
5,7,296.3916,422.4914,3,16.5556,0.0000,3,14
5,7,285.0096,83.1326,3,19.5556,0.0000,3,12
6,7,256.1881,256.1351,3,195.5556,0.0000,3,189
6,7,229.4209,242.2614,3,183.2222,0.0000,3,140
6,7,284.1618,268.4305,3,197.1111,0.0000,3,158
6,7,281.5165,238.6377,3,184.1111,0.0000,3,124
6,7,231.4562,273.5298,3,133.5556,0.0000,3,102
6,7,254.4694,225.3080,3,81.3333,0.0000,3,66
6,7,259.4079,287.0011,3,153.7778,0.0000,3,113
6,7,308.3814,252.1606,3,196.7778,0.0000,3,154
6,7,279.3915,209.0912,3,206.3333,0.0000,3,161
6,7,227.3916,212.3414,3,67.4444,0.0000,3,55
6,7,287.0747,299.3353,3,179.0000,0.0000,3,134
6,7,203.4843,260.0328,3,209.4444,0.0000,3,171
6,7,233.4977,305.1873,3,203.5556,0.0000,3,166
6,7,262.2671,316.4339,3,89.2222,0.0000,3,71
6,7,202.5027,229.2290,3,88.4444,0.0000,3,63
6,7,206.3693,290.4064,3,97.5556,0.0000,3,79
6,7,311.5062,282.3002,3,97.7778,0.0000,3,71
6,7,252.1756,195.2225,3,26.1111,0.0000,3,21
6,7,307.0719,222.0321,3,172.4444,0.0000,3,124
6,7,177.2218,246.2626,3,83.7778,0.0000,3,61
6,7,179.1561,277.2902,3,86.8889,0.0000,3,60
6,7,304.1759,192.1726,3,78.8889,0.0000,3,56
6,7,336.3295,265.2622,3,66.0000,0.0000,3,52
6,7,199.2906,198.4852,3,9.2222,0.0000,3,8
6,7,314.2482,312.3596,3,72.7778,0.0000,3,55
6,7,277.1118,178.2135,3,11.3333,0.0000,3,9
6,7,289.5344,330.1231,3,78.7778,0.0000,3,52
6,7,209.0461,322.0457,3,67.2222,0.0000,3,47
6,7,334.3656,234.5477,3,133.0000,0.0000,3,97
6,7,224.3000,181.4104,3,7.7778,0.0000,3,5
6,7,236.3256,335.0076,3,53.7778,0.0000,3,38
6,7,174.4040,216.2500,3,10.7778,0.0000,3,8
6,7,331.4830,204.5015,3,139.2222,0.0000,3,108
6,7,181.3500,308.1337,3,82.5556,0.0000,3,60
6,7,339.3778,295.4978,3,98.4444,0.0000,3,82
6,7,249.3016,164.2023,3,7.4444,0.0000,3,5
6,7,264.4541,348.0462,3,116.1111,0.0000,3,82
6,7,152.1992,263.5061,3,65.8889,0.0000,3,47
6,7,361.0707,248.2951,3,101.3333,0.0000,3,73
6,7,302.0185,161.1953,3,15.4444,0.0000,3,10
6,7,211.2093,352.4116,3,106.3333,0.0000,3,79
6,7,317.1647,343.2070,3,69.5556,0.0000,3,50
6,7,150.1732,233.1693,3,5.6667,0.0000,3,4
6,7,154.1038,294.2489,3,89.7778,0.0000,3,60
6,7,183.4896,338.2068,3,37.1111,0.0000,3,28
6,7,329.3493,174.0766,3,11.6667,0.0000,3,7
6,7,359.1292,217.6081,3,61.0000,0.0000,3,43
6,7,341.5312,325.4835,3,48.4444,0.0000,3,36
6,7,239.1603,365.2812,3,41.0000,0.0000,3,32
6,7,363.5696,279.0357,3,29.1111,0.0000,3,20
6,7,292.1271,360.4100,3,36.2222,0.0000,3,27
6,7,356.2196,188.0887,3,35.8889,0.0000,3,24
6,7,156.3033,325.1974,3,69.4444,0.0000,3,52
6,7,366.4750,309.0995,3,47.0000,0.0000,3,36
6,7,267.0621,378.2405,3,44.0000,0.0000,3,32
6,7,386.3849,230.5343,3,42.2222,0.0000,3,31
6,7,186.4483,369.2524,3,24.1111,0.0000,3,19
6,7,214.3276,382.1446,3,28.7778,0.0000,3,22
6,7,389.1946,261.2539,3,37.4444,0.0000,3,25
6,7,319.1570,374.1734,3,35.6667,0.0000,3,25
6,7,344.2325,357.2181,3,24.6667,0.0000,3,16
6,7,130.1936,311.3207,3,76.8889,0.0000,3,52
6,7,383.3641,201.0321,3,40.4444,0.0000,3,31
6,7,159.2960,355.3959,3,34.8889,0.0000,3,27
6,7,241.5473,395.2493,3,29.8889,0.0000,3,19
6,7,294.3499,390.4849,3,38.6667,0.0000,3,31
6,7,391.4795,291.2591,3,26.4444,0.0000,3,21
6,7,369.3261,339.4242,3,26.8889,0.0000,3,19
6,7,131.3983,342.2863,3,75.4444,0.0000,3,53
6,7,394.1806,322.0638,3,31.7778,0.0000,3,23
6,7,269.0516,408.4958,3,38.3333,0.0000,3,27
6,7,189.5789,398.5755,3,37.2222,0.0000,3,24
6,7,414.4256,244.2248,3,32.0000,0.0000,3,24
6,7,410.4315,213.3776,3,8.3333,0.0000,3,9
6,7,347.1000,388.0357,3,32.3333,0.0000,3,21
6,7,416.1218,274.1819,3,35.8889,0.0000,3,24
6,7,161.2278,386.2661,3,34.1111,0.0000,3,23
6,7,216.4736,412.4528,3,23.8889,0.0000,3,20
6,7,372.1289,369.3498,3,17.6667,0.0000,3,12
6,7,322.2015,404.1546,3,10.1111,0.0000,3,8
6,7,134.2287,372.4592,3,45.3333,0.0000,3,30
6,7,396.4270,352.4258,3,23.1111,0.0000,3,18
6,7,419.0881,305.1906,3,43.0000,0.0000,3,28
6,7,243.3036,426.4846,3,18.7778,0.0000,3,14
6,7,231.5747,87.1638,3,31.3333,0.0000,3,19
6,7,296.3916,422.4914,3,16.5556,0.0000,3,14
6,7,285.0096,83.1326,3,19.5556,0.0000,3,12
7,7,256.1881,256.1351,3,195.5556,0.0000,3,189
7,7,229.4209,242.2614,3,183.2222,0.0000,3,140
7,7,284.1618,268.4305,3,197.1111,0.0000,3,158
7,7,281.5165,238.6377,3,184.1111,0.0000,3,124
7,7,231.4562,273.5298,3,133.5556,0.0000,3,102
7,7,254.4694,225.3080,3,81.3333,0.0000,3,66
7,7,259.4079,287.0011,3,153.7778,0.0000,3,113
7,7,308.3814,252.1606,3,196.7778,0.0000,3,154
7,7,279.3915,209.0912,3,206.3333,0.0000,3,161
7,7,227.3916,212.3414,3,67.4444,0.0000,3,55
7,7,287.0747,299.3353,3,179.0000,0.0000,3,134
7,7,203.4843,260.0328,3,209.4444,0.0000,3,171
7,7,233.4977,305.1873,3,203.5556,0.0000,3,166
7,7,262.2671,316.4339,3,89.2222,0.0000,3,71
7,7,202.5027,229.2290,3,88.4444,0.0000,3,63
7,7,206.3693,290.4064,3,97.5556,0.0000,3,79
7,7,311.5062,282.3002,3,97.7778,0.0000,3,71
7,7,252.1756,195.2225,3,26.1111,0.0000,3,21
7,7,307.0719,222.0321,3,172.4444,0.0000,3,124
7,7,177.2218,246.2626,3,83.7778,0.0000,3,61
7,7,179.1561,277.2902,3,86.8889,0.0000,3,60
7,7,304.1759,192.1726,3,78.8889,0.0000,3,56
7,7,336.3295,265.2622,3,66.0000,0.0000,3,52
7,7,199.2906,198.4852,3,9.2222,0.0000,3,8
7,7,314.2482,312.3596,3,72.7778,0.0000,3,55
7,7,277.1118,178.2135,3,11.3333,0.0000,3,9
7,7,289.5344,330.1231,3,78.7778,0.0000,3,52
7,7,209.0461,322.0457,3,67.2222,0.0000,3,47
7,7,334.3656,234.5477,3,133.0000,0.0000,3,97
7,7,224.3000,181.4104,3,7.7778,0.0000,3,5
7,7,236.3256,335.0076,3,53.7778,0.0000,3,38
7,7,174.4040,216.2500,3,10.7778,0.0000,3,8
7,7,331.4830,204.5015,3,139.2222,0.0000,3,108
7,7,181.3500,308.1337,3,82.5556,0.0000,3,60
7,7,339.3778,295.4978,3,98.4444,0.0000,3,82
7,7,249.3016,164.2023,3,7.4444,0.0000,3,5
7,7,264.4541,348.0462,3,116.1111,0.0000,3,82
7,7,152.1992,263.5061,3,65.8889,0.0000,3,47
7,7,361.0707,248.2951,3,101.3333,0.0000,3,73
7,7,302.0185,161.1953,3,15.4444,0.0000,3,10
7,7,211.2093,352.4116,3,106.3333,0.0000,3,79
7,7,317.1647,343.2070,3,69.5556,0.0000,3,50
7,7,150.1732,233.1693,3,5.6667,0.0000,3,4
7,7,154.1038,294.2489,3,89.7778,0.0000,3,60
7,7,183.4896,338.2068,3,37.1111,0.0000,3,28
7,7,329.3493,174.0766,3,11.6667,0.0000,3,7
7,7,359.1292,217.6081,3,61.0000,0.0000,3,43
7,7,341.5312,325.4835,3,48.4444,0.0000,3,36
7,7,239.1603,365.2812,3,41.0000,0.0000,3,32
7,7,363.5696,279.0357,3,29.1111,0.0000,3,20
7,7,292.1271,360.4100,3,36.2222,0.0000,3,27
7,7,356.2196,188.0887,3,35.8889,0.0000,3,24
7,7,156.3033,325.1974,3,69.4444,0.0000,3,52
7,7,366.4750,309.0995,3,47.0000,0.0000,3,36
7,7,267.0621,378.2405,3,44.0000,0.0000,3,32
7,7,386.3849,230.5343,3,42.2222,0.0000,3,31
7,7,186.4483,369.2524,3,24.1111,0.0000,3,19
7,7,214.3276,382.1446,3,28.7778,0.0000,3,22
7,7,389.1946,261.2539,3,37.4444,0.0000,3,25
7,7,319.1570,374.1734,3,35.6667,0.0000,3,25
7,7,344.2325,357.2181,3,24.6667,0.0000,3,16
7,7,130.1936,311.3207,3,76.8889,0.0000,3,52
7,7,383.3641,201.0321,3,40.4444,0.0000,3,31
7,7,159.2960,355.3959,3,34.8889,0.0000,3,27
7,7,241.5473,395.2493,3,29.8889,0.0000,3,19
7,7,294.3499,390.4849,3,38.6667,0.0000,3,31
7,7,391.4795,291.2591,3,26.4444,0.0000,3,21
7,7,369.3261,339.4242,3,26.8889,0.0000,3,19
7,7,131.3983,342.2863,3,75.4444,0.0000,3,53
7,7,394.1806,322.0638,3,31.7778,0.0000,3,23
7,7,269.0516,408.4958,3,38.3333,0.0000,3,27
7,7,189.5789,398.5755,3,37.2222,0.0000,3,24
7,7,414.4256,244.2248,3,32.0000,0.0000,3,24
7,7,410.4315,213.3776,3,8.3333,0.0000,3,9
7,7,347.1000,388.0357,3,32.3333,0.0000,3,21
7,7,416.1218,274.1819,3,35.8889,0.0000,3,24
7,7,161.2278,386.2661,3,34.1111,0.0000,3,23
7,7,216.4736,412.4528,3,23.8889,0.0000,3,20
7,7,372.1289,369.3498,3,17.6667,0.0000,3,12
7,7,322.2015,404.1546,3,10.1111,0.0000,3,8
7,7,134.2287,372.4592,3,45.3333,0.0000,3,30
7,7,396.4270,352.4258,3,23.1111,0.0000,3,18
7,7,419.0881,305.1906,3,43.0000,0.0000,3,28
7,7,243.3036,426.4846,3,18.7778,0.0000,3,14
7,7,231.5747,87.1638,3,31.3333,0.0000,3,19
7,7,296.3916,422.4914,3,16.5556,0.0000,3,14
7,7,285.0096,83.1326,3,19.5556,0.0000,3,12
8,7,256.1881,256.1351,3,195.5556,0.0000,3,189
8,7,229.4209,242.2614,3,183.2222,0.0000,3,140
8,7,284.1618,268.4305,3,197.1111,0.0000,3,158
8,7,281.5165,238.6377,3,184.1111,0.0000,3,124
8,7,231.4562,273.5298,3,133.5556,0.0000,3,102
8,7,254.4694,225.3080,3,81.3333,0.0000,3,66
8,7,259.4079,287.0011,3,153.7778,0.0000,3,113
8,7,308.3814,252.1606,3,196.7778,0.0000,3,154
8,7,279.3915,209.0912,3,206.3333,0.0000,3,161
8,7,227.3916,212.3414,3,67.4444,0.0000,3,55
8,7,287.0747,299.3353,3,179.0000,0.0000,3,134
8,7,203.4843,260.0328,3,209.4444,0.0000,3,171
8,7,233.4977,305.1873,3,203.5556,0.0000,3,166
8,7,262.2671,316.4339,3,89.2222,0.0000,3,71
8,7,202.5027,229.2290,3,88.4444,0.0000,3,63
8,7,206.3693,290.4064,3,97.5556,0.0000,3,79
8,7,311.5062,282.3002,3,97.7778,0.0000,3,71
8,7,252.1756,195.2225,3,26.1111,0.0000,3,21
8,7,307.0719,222.0321,3,172.4444,0.0000,3,124
8,7,177.2218,246.2626,3,83.7778,0.0000,3,61
8,7,179.1561,277.2902,3,86.8889,0.0000,3,60
8,7,304.1759,192.1726,3,78.8889,0.0000,3,56
8,7,336.3295,265.2622,3,66.0000,0.0000,3,52
8,7,199.2906,198.4852,3,9.2222,0.0000,3,8
8,7,314.2482,312.3596,3,72.7778,0.0000,3,55
8,7,277.1118,178.2135,3,11.3333,0.0000,3,9
8,7,289.5344,330.1231,3,78.7778,0.0000,3,52
8,7,209.0461,322.0457,3,67.2222,0.0000,3,47
8,7,334.3656,234.5477,3,133.0000,0.0000,3,97
8,7,224.3000,181.4104,3,7.7778,0.0000,3,5
8,7,236.3256,335.0076,3,53.7778,0.0000,3,38
8,7,174.4040,216.2500,3,10.7778,0.0000,3,8
8,7,331.4830,204.5015,3,139.2222,0.0000,3,108
8,7,181.3500,308.1337,3,82.5556,0.0000,3,60
8,7,339.3778,295.4978,3,98.4444,0.0000,3,82
8,7,249.3016,164.2023,3,7.4444,0.0000,3,5
8,7,264.4541,348.0462,3,116.1111,0.0000,3,82
8,7,152.1992,263.5061,3,65.8889,0.0000,3,47
8,7,361.0707,248.2951,3,101.3333,0.0000,3,73
8,7,302.0185,161.1953,3,15.4444,0.0000,3,10
8,7,211.2093,352.4116,3,106.3333,0.0000,3,79
8,7,317.1647,343.2070,3,69.5556,0.0000,3,50
8,7,150.1732,233.1693,3,5.6667,0.0000,3,4
8,7,154.1038,294.2489,3,89.7778,0.0000,3,60
8,7,183.4896,338.2068,3,37.1111,0.0000,3,28
8,7,329.3493,174.0766,3,11.6667,0.0000,3,7
8,7,359.1292,217.6081,3,61.0000,0.0000,3,43
8,7,341.5312,325.4835,3,48.4444,0.0000,3,36
8,7,239.1603,365.2812,3,41.0000,0.0000,3,32
8,7,363.5696,279.0357,3,29.1111,0.0000,3,20
8,7,292.1271,360.4100,3,36.2222,0.0000,3,27
8,7,356.2196,188.0887,3,35.8889,0.0000,3,24
8,7,156.3033,325.1974,3,69.4444,0.0000,3,52
8,7,366.4750,309.0995,3,47.0000,0.0000,3,36
8,7,267.0621,378.2405,3,44.0000,0.0000,3,32
8,7,386.3849,230.5343,3,42.2222,0.0000,3,31
8,7,186.4483,369.2524,3,24.1111,0.0000,3,19
8,7,214.3276,382.1446,3,28.7778,0.0000,3,22
8,7,389.1946,261.2539,3,37.4444,0.0000,3,25
8,7,319.1570,374.1734,3,35.6667,0.0000,3,25
8,7,344.2325,357.2181,3,24.6667,0.0000,3,16
8,7,130.1936,311.3207,3,76.8889,0.0000,3,52
8,7,383.3641,201.0321,3,40.4444,0.0000,3,31
8,7,159.2960,355.3959,3,34.8889,0.0000,3,27
8,7,241.5473,395.2493,3,29.8889,0.0000,3,19
8,7,294.3499,390.4849,3,38.6667,0.0000,3,31
8,7,391.4795,291.2591,3,26.4444,0.0000,3,21
8,7,369.3261,339.4242,3,26.8889,0.0000,3,19
8,7,131.3983,342.2863,3,75.4444,0.0000,3,53
8,7,394.1806,322.0638,3,31.7778,0.0000,3,23
8,7,269.0516,408.4958,3,38.3333,0.0000,3,27
8,7,189.5789,398.5755,3,37.2222,0.0000,3,24
8,7,414.4256,244.2248,3,32.0000,0.0000,3,24
8,7,410.4315,213.3776,3,8.3333,0.0000,3,9
8,7,347.1000,388.0357,3,32.3333,0.0000,3,21
8,7,416.1218,274.1819,3,35.8889,0.0000,3,24
8,7,161.2278,386.2661,3,34.1111,0.0000,3,23
8,7,216.4736,412.4528,3,23.8889,0.0000,3,20
8,7,372.1289,369.3498,3,17.6667,0.0000,3,12
8,7,322.2015,404.1546,3,10.1111,0.0000,3,8
8,7,134.2287,372.4592,3,45.3333,0.0000,3,30
8,7,396.4270,352.4258,3,23.1111,0.0000,3,18
8,7,419.0881,305.1906,3,43.0000,0.0000,3,28
8,7,243.3036,426.4846,3,18.7778,0.0000,3,14
8,7,231.5747,87.1638,3,31.3333,0.0000,3,19
8,7,296.3916,422.4914,3,16.5556,0.0000,3,14
8,7,285.0096,83.1326,3,19.5556,0.0000,3,12
9,7,256.1881,256.1351,3,195.5556,0.0000,3,189
9,7,229.4209,242.2614,3,183.2222,0.0000,3,140
9,7,284.1618,268.4305,3,197.1111,0.0000,3,158
9,7,281.5165,238.6377,3,184.1111,0.0000,3,124
9,7,231.4562,273.5298,3,133.5556,0.0000,3,102
9,7,254.4694,225.3080,3,81.3333,0.0000,3,66
9,7,259.4079,287.0011,3,153.7778,0.0000,3,113
9,7,308.3814,252.1606,3,196.7778,0.0000,3,154
9,7,279.3915,209.0912,3,206.3333,0.0000,3,161
9,7,227.3916,212.3414,3,67.4444,0.0000,3,55
9,7,287.0747,299.3353,3,179.0000,0.0000,3,134
9,7,203.4843,260.0328,3,209.4444,0.0000,3,171
9,7,233.4977,305.1873,3,203.5556,0.0000,3,166
9,7,262.2671,316.4339,3,89.2222,0.0000,3,71
9,7,202.5027,229.2290,3,88.4444,0.0000,3,63
9,7,206.3693,290.4064,3,97.5556,0.0000,3,79
9,7,311.5062,282.3002,3,97.7778,0.0000,3,71
9,7,252.1756,195.2225,3,26.1111,0.0000,3,21
9,7,307.0719,222.0321,3,172.4444,0.0000,3,124
9,7,177.2218,246.2626,3,83.7778,0.0000,3,61
9,7,179.1561,277.2902,3,86.8889,0.0000,3,60
9,7,304.1759,192.1726,3,78.8889,0.0000,3,56
9,7,336.3295,265.2622,3,66.0000,0.0000,3,52
9,7,199.2906,198.4852,3,9.2222,0.0000,3,8
9,7,314.2482,312.3596,3,72.7778,0.0000,3,55
9,7,277.1118,178.2135,3,11.3333,0.0000,3,9
9,7,289.5344,330.1231,3,78.7778,0.0000,3,52
9,7,209.0461,322.0457,3,67.2222,0.0000,3,47
9,7,334.3656,234.5477,3,133.0000,0.0000,3,97
9,7,224.3000,181.4104,3,7.7778,0.0000,3,5
9,7,236.3256,335.0076,3,53.7778,0.0000,3,38
9,7,174.4040,216.2500,3,10.7778,0.0000,3,8
9,7,331.4830,204.5015,3,139.2222,0.0000,3,108
9,7,181.3500,308.1337,3,82.5556,0.0000,3,60
9,7,339.3778,295.4978,3,98.4444,0.0000,3,82
9,7,249.3016,164.2023,3,7.4444,0.0000,3,5
9,7,264.4541,348.0462,3,116.1111,0.0000,3,82
9,7,152.1992,263.5061,3,65.8889,0.0000,3,47
9,7,361.0707,248.2951,3,101.3333,0.0000,3,73
9,7,302.0185,161.1953,3,15.4444,0.0000,3,10
9,7,211.2093,352.4116,3,106.3333,0.0000,3,79
9,7,317.1647,343.2070,3,69.5556,0.0000,3,50
9,7,150.1732,233.1693,3,5.6667,0.0000,3,4
9,7,154.1038,294.2489,3,89.7778,0.0000,3,60
9,7,183.4896,338.2068,3,37.1111,0.0000,3,28
9,7,329.3493,174.0766,3,11.6667,0.0000,3,7
9,7,359.1292,217.6081,3,61.0000,0.0000,3,43
9,7,341.5312,325.4835,3,48.4444,0.0000,3,36
9,7,239.1603,365.2812,3,41.0000,0.0000,3,32
9,7,363.5696,279.0357,3,29.1111,0.0000,3,20
9,7,292.1271,360.4100,3,36.2222,0.0000,3,27
9,7,356.2196,188.0887,3,35.8889,0.0000,3,24
9,7,156.3033,325.1974,3,69.4444,0.0000,3,52
9,7,366.4750,309.0995,3,47.0000,0.0000,3,36
9,7,267.0621,378.2405,3,44.0000,0.0000,3,32
9,7,386.3849,230.5343,3,42.2222,0.0000,3,31
9,7,186.4483,369.2524,3,24.1111,0.0000,3,19
9,7,214.3276,382.1446,3,28.7778,0.0000,3,22
9,7,389.1946,261.2539,3,37.4444,0.0000,3,25
9,7,319.1570,374.1734,3,35.6667,0.0000,3,25
9,7,344.2325,357.2181,3,24.6667,0.0000,3,16
9,7,130.1936,311.3207,3,76.8889,0.0000,3,52
9,7,383.3641,201.0321,3,40.4444,0.0000,3,31
9,7,159.2960,355.3959,3,34.8889,0.0000,3,27
9,7,241.5473,395.2493,3,29.8889,0.0000,3,19
9,7,294.3499,390.4849,3,38.6667,0.0000,3,31
9,7,391.4795,291.2591,3,26.4444,0.0000,3,21
9,7,369.3261,339.4242,3,26.8889,0.0000,3,19
9,7,131.3983,342.2863,3,75.4444,0.0000,3,53
9,7,394.1806,322.0638,3,31.7778,0.0000,3,23
9,7,269.0516,408.4958,3,38.3333,0.0000,3,27
9,7,189.5789,398.5755,3,37.2222,0.0000,3,24
9,7,414.4256,244.2248,3,32.0000,0.0000,3,24
9,7,410.4315,213.3776,3,8.3333,0.0000,3,9
9,7,347.1000,388.0357,3,32.3333,0.0000,3,21
9,7,416.1218,274.1819,3,35.8889,0.0000,3,24
9,7,161.2278,386.2661,3,34.1111,0.0000,3,23
9,7,216.4736,412.4528,3,23.8889,0.0000,3,20
9,7,372.1289,369.3498,3,17.6667,0.0000,3,12
9,7,322.2015,404.1546,3,10.1111,0.0000,3,8
9,7,134.2287,372.4592,3,45.3333,0.0000,3,30
9,7,396.4270,352.4258,3,23.1111,0.0000,3,18
9,7,419.0881,305.1906,3,43.0000,0.0000,3,28
9,7,243.3036,426.4846,3,18.7778,0.0000,3,14
9,7,231.5747,87.1638,3,31.3333,0.0000,3,19
9,7,296.3916,422.4914,3,16.5556,0.0000,3,14
9,7,285.0096,83.1326,3,19.5556,0.0000,3,12
10,7,256.1881,256.1351,3,195.5556,0.0000,3,189
10,7,229.4209,242.2614,3,183.2222,0.0000,3,140
10,7,284.1618,268.4305,3,197.1111,0.0000,3,158
10,7,281.5165,238.6377,3,184.1111,0.0000,3,124
10,7,231.4562,273.5298,3,133.5556,0.0000,3,102
10,7,254.4694,225.3080,3,81.3333,0.0000,3,66
10,7,259.4079,287.0011,3,153.7778,0.0000,3,113
10,7,308.3814,252.1606,3,196.7778,0.0000,3,154
10,7,279.3915,209.0912,3,206.3333,0.0000,3,161
10,7,227.3916,212.3414,3,67.4444,0.0000,3,55
10,7,287.0747,299.3353,3,179.0000,0.0000,3,134
10,7,203.4843,260.0328,3,209.4444,0.0000,3,171
10,7,233.4977,305.1873,3,203.5556,0.0000,3,166
10,7,262.2671,316.4339,3,89.2222,0.0000,3,71
10,7,202.5027,229.2290,3,88.4444,0.0000,3,63
10,7,206.3693,290.4064,3,97.5556,0.0000,3,79
10,7,311.5062,282.3002,3,97.7778,0.0000,3,71
10,7,252.1756,195.2225,3,26.1111,0.0000,3,21
10,7,307.0719,222.0321,3,172.4444,0.0000,3,124
10,7,177.2218,246.2626,3,83.7778,0.0000,3,61
10,7,179.1561,277.2902,3,86.8889,0.0000,3,60
10,7,304.1759,192.1726,3,78.8889,0.0000,3,56
10,7,336.3295,265.2622,3,66.0000,0.0000,3,52
10,7,199.2906,198.4852,3,9.2222,0.0000,3,8
10,7,314.2482,312.3596,3,72.7778,0.0000,3,55
10,7,277.1118,178.2135,3,11.3333,0.0000,3,9
10,7,289.5344,330.1231,3,78.7778,0.0000,3,52
10,7,209.0461,322.0457,3,67.2222,0.0000,3,47
10,7,334.3656,234.5477,3,133.0000,0.0000,3,97
10,7,224.3000,181.4104,3,7.7778,0.0000,3,5
10,7,236.3256,335.0076,3,53.7778,0.0000,3,38
10,7,174.4040,216.2500,3,10.7778,0.0000,3,8
10,7,331.4830,204.5015,3,139.2222,0.0000,3,108
10,7,181.3500,308.1337,3,82.5556,0.0000,3,60
10,7,339.3778,295.4978,3,98.4444,0.0000,3,82
10,7,249.3016,164.2023,3,7.4444,0.0000,3,5
10,7,264.4541,348.0462,3,116.1111,0.0000,3,82
10,7,152.1992,263.5061,3,65.8889,0.0000,3,47
10,7,361.0707,248.2951,3,101.3333,0.0000,3,73
10,7,302.0185,161.1953,3,15.4444,0.0000,3,10
10,7,211.2093,352.4116,3,106.3333,0.0000,3,79
10,7,317.1647,343.2070,3,69.5556,0.0000,3,50
10,7,150.1732,233.1693,3,5.6667,0.0000,3,4
10,7,154.1038,294.2489,3,89.7778,0.0000,3,60
10,7,183.4896,338.2068,3,37.1111,0.0000,3,28
10,7,329.3493,174.0766,3,11.6667,0.0000,3,7
10,7,359.1292,217.6081,3,61.0000,0.0000,3,43
10,7,341.5312,325.4835,3,48.4444,0.0000,3,36
10,7,239.1603,365.2812,3,41.0000,0.0000,3,32
10,7,363.5696,279.0357,3,29.1111,0.0000,3,20
10,7,292.1271,360.4100,3,36.2222,0.0000,3,27
10,7,356.2196,188.0887,3,35.8889,0.0000,3,24
10,7,156.3033,325.1974,3,69.4444,0.0000,3,52
10,7,366.4750,309.0995,3,47.0000,0.0000,3,36
10,7,267.0621,378.2405,3,44.0000,0.0000,3,32
10,7,386.3849,230.5343,3,42.2222,0.0000,3,31
10,7,186.4483,369.2524,3,24.1111,0.0000,3,19
10,7,214.3276,382.1446,3,28.7778,0.0000,3,22
10,7,389.1946,261.2539,3,37.4444,0.0000,3,25
10,7,319.1570,374.1734,3,35.6667,0.0000,3,25
10,7,344.2325,357.2181,3,24.6667,0.0000,3,16
10,7,130.1936,311.3207,3,76.8889,0.0000,3,52
10,7,383.3641,201.0321,3,40.4444,0.0000,3,31
10,7,159.2960,355.3959,3,34.8889,0.0000,3,27
10,7,241.5473,395.2493,3,29.8889,0.0000,3,19
10,7,294.3499,390.4849,3,38.6667,0.0000,3,31
10,7,391.4795,291.2591,3,26.4444,0.0000,3,21
10,7,369.3261,339.4242,3,26.8889,0.0000,3,19
10,7,131.3983,342.2863,3,75.4444,0.0000,3,53
10,7,394.1806,322.0638,3,31.7778,0.0000,3,23
10,7,269.0516,408.4958,3,38.3333,0.0000,3,27
10,7,189.5789,398.5755,3,37.2222,0.0000,3,24
10,7,414.4256,244.2248,3,32.0000,0.0000,3,24
10,7,410.4315,213.3776,3,8.3333,0.0000,3,9
10,7,347.1000,388.0357,3,32.3333,0.0000,3,21
10,7,416.1218,274.1819,3,35.8889,0.0000,3,24
10,7,161.2278,386.2661,3,34.1111,0.0000,3,23
10,7,216.4736,412.4528,3,23.8889,0.0000,3,20
10,7,372.1289,369.3498,3,17.6667,0.0000,3,12
10,7,322.2015,404.1546,3,10.1111,0.0000,3,8
10,7,134.2287,372.4592,3,45.3333,0.0000,3,30
10,7,396.4270,352.4258,3,23.1111,0.0000,3,18
10,7,419.0881,305.1906,3,43.0000,0.0000,3,28
10,7,243.3036,426.4846,3,18.7778,0.0000,3,14
10,7,231.5747,87.1638,3,31.3333,0.0000,3,19
10,7,296.3916,422.4914,3,16.5556,0.0000,3,14
10,7,285.0096,83.1326,3,19.5556,0.0000,3,12
1,8,256.1881,256.1351,3,195.5556,0.0000,3,189
1,8,229.4209,242.2614,3,183.2222,0.0000,3,140
1,8,284.1618,268.4305,3,197.1111,0.0000,3,158
1,8,281.5165,238.6377,3,184.1111,0.0000,3,124
1,8,231.4562,273.5298,3,133.5556,0.0000,3,102
1,8,254.4694,225.3080,3,81.3333,0.0000,3,66
1,8,259.4079,287.0011,3,153.7778,0.0000,3,113
1,8,308.3814,252.1606,3,196.7778,0.0000,3,154
1,8,279.3915,209.0912,3,206.3333,0.0000,3,161
1,8,227.3916,212.3414,3,67.4444,0.0000,3,55
1,8,287.0747,299.3353,3,179.0000,0.0000,3,134
1,8,203.4843,260.0328,3,209.4444,0.0000,3,171
1,8,233.4977,305.1873,3,203.5556,0.0000,3,166
1,8,262.2671,316.4339,3,89.2222,0.0000,3,71
1,8,202.5027,229.2290,3,88.4444,0.0000,3,63
1,8,206.3693,290.4064,3,97.5556,0.0000,3,79
1,8,311.5062,282.3002,3,97.7778,0.0000,3,71
1,8,252.1756,195.2225,3,26.1111,0.0000,3,21
1,8,307.0719,222.0321,3,172.4444,0.0000,3,124
1,8,177.2218,246.2626,3,83.7778,0.0000,3,61
1,8,179.1561,277.2902,3,86.8889,0.0000,3,60
1,8,304.1759,192.1726,3,78.8889,0.0000,3,56
1,8,336.3295,265.2622,3,66.0000,0.0000,3,52
1,8,199.2906,198.4852,3,9.2222,0.0000,3,8
1,8,314.2482,312.3596,3,72.7778,0.0000,3,55
1,8,277.1118,178.2135,3,11.3333,0.0000,3,9
1,8,289.5344,330.1231,3,78.7778,0.0000,3,52
1,8,209.0461,322.0457,3,67.2222,0.0000,3,47
1,8,334.3656,234.5477,3,133.0000,0.0000,3,97
1,8,224.3000,181.4104,3,7.7778,0.0000,3,5
1,8,236.3256,335.0076,3,53.7778,0.0000,3,38
1,8,174.4040,216.2500,3,10.7778,0.0000,3,8
1,8,331.4830,204.5015,3,139.2222,0.0000,3,108
1,8,181.3500,308.1337,3,82.5556,0.0000,3,60
1,8,339.3778,295.4978,3,98.4444,0.0000,3,82
1,8,249.3016,164.2023,3,7.4444,0.0000,3,5
1,8,264.4541,348.0462,3,116.1111,0.0000,3,82
1,8,152.1992,263.5061,3,65.8889,0.0000,3,47
1,8,361.0707,248.2951,3,101.3333,0.0000,3,73
1,8,302.0185,161.1953,3,15.4444,0.0000,3,10
1,8,211.2093,352.4116,3,106.3333,0.0000,3,79
1,8,317.1647,343.2070,3,69.5556,0.0000,3,50
1,8,150.1732,233.1693,3,5.6667,0.0000,3,4
1,8,154.1038,294.2489,3,89.7778,0.0000,3,60
1,8,183.4896,338.2068,3,37.1111,0.0000,3,28
1,8,329.3493,174.0766,3,11.6667,0.0000,3,7
1,8,359.1292,217.6081,3,61.0000,0.0000,3,43
1,8,341.5312,325.4835,3,48.4444,0.0000,3,36
1,8,239.1603,365.2812,3,41.0000,0.0000,3,32
1,8,363.5696,279.0357,3,29.1111,0.0000,3,20
1,8,292.1271,360.4100,3,36.2222,0.0000,3,27
1,8,356.2196,188.0887,3,35.8889,0.0000,3,24
1,8,156.3033,325.1974,3,69.4444,0.0000,3,52
1,8,366.4750,309.0995,3,47.0000,0.0000,3,36
1,8,267.0621,378.2405,3,44.0000,0.0000,3,32
1,8,386.3849,230.5343,3,42.2222,0.0000,3,31
1,8,186.4483,369.2524,3,24.1111,0.0000,3,19
1,8,214.3276,382.1446,3,28.7778,0.0000,3,22
1,8,389.1946,261.2539,3,37.4444,0.0000,3,25
1,8,319.1570,374.1734,3,35.6667,0.0000,3,25
1,8,344.2325,357.2181,3,24.6667,0.0000,3,16
1,8,130.1936,311.3207,3,76.8889,0.0000,3,52
1,8,383.3641,201.0321,3,40.4444,0.0000,3,31
1,8,159.2960,355.3959,3,34.8889,0.0000,3,27
1,8,241.5473,395.2493,3,29.8889,0.0000,3,19
1,8,294.3499,390.4849,3,38.6667,0.0000,3,31
1,8,391.4795,291.2591,3,26.4444,0.0000,3,21
1,8,369.3261,339.4242,3,26.8889,0.0000,3,19
1,8,131.3983,342.2863,3,75.4444,0.0000,3,53
1,8,394.1806,322.0638,3,31.7778,0.0000,3,23
1,8,269.0516,408.4958,3,38.3333,0.0000,3,27
1,8,189.5789,398.5755,3,37.2222,0.0000,3,24
1,8,414.4256,244.2248,3,32.0000,0.0000,3,24
1,8,410.4315,213.3776,3,8.3333,0.0000,3,9
1,8,347.1000,388.0357,3,32.3333,0.0000,3,21
1,8,416.1218,274.1819,3,35.8889,0.0000,3,24
1,8,161.2278,386.2661,3,34.1111,0.0000,3,23
1,8,216.4736,412.4528,3,23.8889,0.0000,3,20
1,8,372.1289,369.3498,3,17.6667,0.0000,3,12
1,8,322.2015,404.1546,3,10.1111,0.0000,3,8
1,8,134.2287,372.4592,3,45.3333,0.0000,3,30
1,8,396.4270,352.4258,3,23.1111,0.0000,3,18
1,8,419.0881,305.1906,3,43.0000,0.0000,3,28
1,8,243.3036,426.4846,3,18.7778,0.0000,3,14
1,8,231.5747,87.1638,3,31.3333,0.0000,3,19
1,8,296.3916,422.4914,3,16.5556,0.0000,3,14
1,8,285.0096,83.1326,3,19.5556,0.0000,3,12
2,8,256.1881,256.1351,3,195.5556,0.0000,3,189
2,8,229.4209,242.2614,3,183.2222,0.0000,3,140
2,8,284.1618,268.4305,3,197.1111,0.0000,3,158
2,8,281.5165,238.6377,3,184.1111,0.0000,3,124
2,8,231.4562,273.5298,3,133.5556,0.0000,3,102
2,8,254.4694,225.3080,3,81.3333,0.0000,3,66
2,8,259.4079,287.0011,3,153.7778,0.0000,3,113
2,8,308.3814,252.1606,3,196.7778,0.0000,3,154
2,8,279.3915,209.0912,3,206.3333,0.0000,3,161
2,8,227.3916,212.3414,3,67.4444,0.0000,3,55
2,8,287.0747,299.3353,3,179.0000,0.0000,3,134
2,8,203.4843,260.0328,3,209.4444,0.0000,3,171
2,8,233.4977,305.1873,3,203.5556,0.0000,3,166
2,8,262.2671,316.4339,3,89.2222,0.0000,3,71
2,8,202.5027,229.2290,3,88.4444,0.0000,3,63
2,8,206.3693,290.4064,3,97.5556,0.0000,3,79
2,8,311.5062,282.3002,3,97.7778,0.0000,3,71
2,8,252.1756,195.2225,3,26.1111,0.0000,3,21
2,8,307.0719,222.0321,3,172.4444,0.0000,3,124
2,8,177.2218,246.2626,3,83.7778,0.0000,3,61
2,8,179.1561,277.2902,3,86.8889,0.0000,3,60
2,8,304.1759,192.1726,3,78.8889,0.0000,3,56
2,8,336.3295,265.2622,3,66.0000,0.0000,3,52
2,8,199.2906,198.4852,3,9.2222,0.0000,3,8
2,8,314.2482,312.3596,3,72.7778,0.0000,3,55
2,8,277.1118,178.2135,3,11.3333,0.0000,3,9
2,8,289.5344,330.1231,3,78.7778,0.0000,3,52
2,8,209.0461,322.0457,3,67.2222,0.0000,3,47
2,8,334.3656,234.5477,3,133.0000,0.0000,3,97
2,8,224.3000,181.4104,3,7.7778,0.0000,3,5
2,8,236.3256,335.0076,3,53.7778,0.0000,3,38
2,8,174.4040,216.2500,3,10.7778,0.0000,3,8
2,8,331.4830,204.5015,3,139.2222,0.0000,3,108
2,8,181.3500,308.1337,3,82.5556,0.0000,3,60
2,8,339.3778,295.4978,3,98.4444,0.0000,3,82
2,8,249.3016,164.2023,3,7.4444,0.0000,3,5
2,8,264.4541,348.0462,3,116.1111,0.0000,3,82
2,8,152.1992,263.5061,3,65.8889,0.0000,3,47
2,8,361.0707,248.2951,3,101.3333,0.0000,3,73
2,8,302.0185,161.1953,3,15.4444,0.0000,3,10
2,8,211.2093,352.4116,3,106.3333,0.0000,3,79
2,8,317.1647,343.2070,3,69.5556,0.0000,3,50
2,8,150.1732,233.1693,3,5.6667,0.0000,3,4
2,8,154.1038,294.2489,3,89.7778,0.0000,3,60
2,8,183.4896,338.2068,3,37.1111,0.0000,3,28
2,8,329.3493,174.0766,3,11.6667,0.0000,3,7
2,8,359.1292,217.6081,3,61.0000,0.0000,3,43
2,8,341.5312,325.4835,3,48.4444,0.0000,3,36
2,8,239.1603,365.2812,3,41.0000,0.0000,3,32
2,8,363.5696,279.0357,3,29.1111,0.0000,3,20
2,8,292.1271,360.4100,3,36.2222,0.0000,3,27
2,8,356.2196,188.0887,3,35.8889,0.0000,3,24
2,8,156.3033,325.1974,3,69.4444,0.0000,3,52
2,8,366.4750,309.0995,3,47.0000,0.0000,3,36
2,8,267.0621,378.2405,3,44.0000,0.0000,3,32
2,8,386.3849,230.5343,3,42.2222,0.0000,3,31
2,8,186.4483,369.2524,3,24.1111,0.0000,3,19
2,8,214.3276,382.1446,3,28.7778,0.0000,3,22
2,8,389.1946,261.2539,3,37.4444,0.0000,3,25
2,8,319.1570,374.1734,3,35.6667,0.0000,3,25
2,8,344.2325,357.2181,3,24.6667,0.0000,3,16
2,8,130.1936,311.3207,3,76.8889,0.0000,3,52
2,8,383.3641,201.0321,3,40.4444,0.0000,3,31
2,8,159.2960,355.3959,3,34.8889,0.0000,3,27
2,8,241.5473,395.2493,3,29.8889,0.0000,3,19
2,8,294.3499,390.4849,3,38.6667,0.0000,3,31
2,8,391.4795,291.2591,3,26.4444,0.0000,3,21
2,8,369.3261,339.4242,3,26.8889,0.0000,3,19
2,8,131.3983,342.2863,3,75.4444,0.0000,3,53
2,8,394.1806,322.0638,3,31.7778,0.0000,3,23
2,8,269.0516,408.4958,3,38.3333,0.0000,3,27
2,8,189.5789,398.5755,3,37.2222,0.0000,3,24
2,8,414.4256,244.2248,3,32.0000,0.0000,3,24
2,8,410.4315,213.3776,3,8.3333,0.0000,3,9
2,8,347.1000,388.0357,3,32.3333,0.0000,3,21
2,8,416.1218,274.1819,3,35.8889,0.0000,3,24
2,8,161.2278,386.2661,3,34.1111,0.0000,3,23
2,8,216.4736,412.4528,3,23.8889,0.0000,3,20
2,8,372.1289,369.3498,3,17.6667,0.0000,3,12
2,8,322.2015,404.1546,3,10.1111,0.0000,3,8
2,8,134.2287,372.4592,3,45.3333,0.0000,3,30
2,8,396.4270,352.4258,3,23.1111,0.0000,3,18
2,8,419.0881,305.1906,3,43.0000,0.0000,3,28
2,8,243.3036,426.4846,3,18.7778,0.0000,3,14
2,8,231.5747,87.1638,3,31.3333,0.0000,3,19
2,8,296.3916,422.4914,3,16.5556,0.0000,3,14
2,8,285.0096,83.1326,3,19.5556,0.0000,3,12
3,8,256.1881,256.1351,3,195.5556,0.0000,3,189
3,8,229.4209,242.2614,3,183.2222,0.0000,3,140
3,8,284.1618,268.4305,3,197.1111,0.0000,3,158
3,8,281.5165,238.6377,3,184.1111,0.0000,3,124
3,8,231.4562,273.5298,3,133.5556,0.0000,3,102
3,8,254.4694,225.3080,3,81.3333,0.0000,3,66
3,8,259.4079,287.0011,3,153.7778,0.0000,3,113
3,8,308.3814,252.1606,3,196.7778,0.0000,3,154
3,8,279.3915,209.0912,3,206.3333,0.0000,3,161
3,8,227.3916,212.3414,3,67.4444,0.0000,3,55
3,8,287.0747,299.3353,3,179.0000,0.0000,3,134
3,8,203.4843,260.0328,3,209.4444,0.0000,3,171
3,8,233.4977,305.1873,3,203.5556,0.0000,3,166
3,8,262.2671,316.4339,3,89.2222,0.0000,3,71
3,8,202.5027,229.2290,3,88.4444,0.0000,3,63
3,8,206.3693,290.4064,3,97.5556,0.0000,3,79
3,8,311.5062,282.3002,3,97.7778,0.0000,3,71
3,8,252.1756,195.2225,3,26.1111,0.0000,3,21
3,8,307.0719,222.0321,3,172.4444,0.0000,3,124
3,8,177.2218,246.2626,3,83.7778,0.0000,3,61
3,8,179.1561,277.2902,3,86.8889,0.0000,3,60
3,8,304.1759,192.1726,3,78.8889,0.0000,3,56
3,8,336.3295,265.2622,3,66.0000,0.0000,3,52
3,8,199.2906,198.4852,3,9.2222,0.0000,3,8
3,8,314.2482,312.3596,3,72.7778,0.0000,3,55
3,8,277.1118,178.2135,3,11.3333,0.0000,3,9
3,8,289.5344,330.1231,3,78.7778,0.0000,3,52
3,8,209.0461,322.0457,3,67.2222,0.0000,3,47
3,8,334.3656,234.5477,3,133.0000,0.0000,3,97
3,8,224.3000,181.4104,3,7.7778,0.0000,3,5
3,8,236.3256,335.0076,3,53.7778,0.0000,3,38
3,8,174.4040,216.2500,3,10.7778,0.0000,3,8
3,8,331.4830,204.5015,3,139.2222,0.0000,3,108
3,8,181.3500,308.1337,3,82.5556,0.0000,3,60
3,8,339.3778,295.4978,3,98.4444,0.0000,3,82
3,8,249.3016,164.2023,3,7.4444,0.0000,3,5
3,8,264.4541,348.0462,3,116.1111,0.0000,3,82
3,8,152.1992,263.5061,3,65.8889,0.0000,3,47
3,8,361.0707,248.2951,3,101.3333,0.0000,3,73
3,8,302.0185,161.1953,3,15.4444,0.0000,3,10
3,8,211.2093,352.4116,3,106.3333,0.0000,3,79
3,8,317.1647,343.2070,3,69.5556,0.0000,3,50
3,8,150.1732,233.1693,3,5.6667,0.0000,3,4
3,8,154.1038,294.2489,3,89.7778,0.0000,3,60
3,8,183.4896,338.2068,3,37.1111,0.0000,3,28
3,8,329.3493,174.0766,3,11.6667,0.0000,3,7
3,8,359.1292,217.6081,3,61.0000,0.0000,3,43
3,8,341.5312,325.4835,3,48.4444,0.0000,3,36
3,8,239.1603,365.2812,3,41.0000,0.0000,3,32
3,8,363.5696,279.0357,3,29.1111,0.0000,3,20
3,8,292.1271,360.4100,3,36.2222,0.0000,3,27
3,8,356.2196,188.0887,3,35.8889,0.0000,3,24
3,8,156.3033,325.1974,3,69.4444,0.0000,3,52
3,8,366.4750,309.0995,3,47.0000,0.0000,3,36
3,8,267.0621,378.2405,3,44.0000,0.0000,3,32
3,8,386.3849,230.5343,3,42.2222,0.0000,3,31
3,8,186.4483,369.2524,3,24.1111,0.0000,3,19
3,8,214.3276,382.1446,3,28.7778,0.0000,3,22
3,8,389.1946,261.2539,3,37.4444,0.0000,3,25
3,8,319.1570,374.1734,3,35.6667,0.0000,3,25
3,8,344.2325,357.2181,3,24.6667,0.0000,3,16
3,8,130.1936,311.3207,3,76.8889,0.0000,3,52
3,8,383.3641,201.0321,3,40.4444,0.0000,3,31
3,8,159.2960,355.3959,3,34.8889,0.0000,3,27
3,8,241.5473,395.2493,3,29.8889,0.0000,3,19
3,8,294.3499,390.4849,3,38.6667,0.0000,3,31
3,8,391.4795,291.2591,3,26.4444,0.0000,3,21
3,8,369.3261,339.4242,3,26.8889,0.0000,3,19
3,8,131.3983,342.2863,3,75.4444,0.0000,3,53
3,8,394.1806,322.0638,3,31.7778,0.0000,3,23
3,8,269.0516,408.4958,3,38.3333,0.0000,3,27
3,8,189.5789,398.5755,3,37.2222,0.0000,3,24
3,8,414.4256,244.2248,3,32.0000,0.0000,3,24
3,8,410.4315,213.3776,3,8.3333,0.0000,3,9
3,8,347.1000,388.0357,3,32.3333,0.0000,3,21
3,8,416.1218,274.1819,3,35.8889,0.0000,3,24
3,8,161.2278,386.2661,3,34.1111,0.0000,3,23
3,8,216.4736,412.4528,3,23.8889,0.0000,3,20
3,8,372.1289,369.3498,3,17.6667,0.0000,3,12
3,8,322.2015,404.1546,3,10.1111,0.0000,3,8
3,8,134.2287,372.4592,3,45.3333,0.0000,3,30
3,8,396.4270,352.4258,3,23.1111,0.0000,3,18
3,8,419.0881,305.1906,3,43.0000,0.0000,3,28
3,8,243.3036,426.4846,3,18.7778,0.0000,3,14
3,8,231.5747,87.1638,3,31.3333,0.0000,3,19
3,8,296.3916,422.4914,3,16.5556,0.0000,3,14
3,8,285.0096,83.1326,3,19.5556,0.0000,3,12
4,8,256.1881,256.1351,3,195.5556,0.0000,3,189
4,8,229.4209,242.2614,3,183.2222,0.0000,3,140
4,8,284.1618,268.4305,3,197.1111,0.0000,3,158
4,8,281.5165,238.6377,3,184.1111,0.0000,3,124
4,8,231.4562,273.5298,3,133.5556,0.0000,3,102
4,8,254.4694,225.3080,3,81.3333,0.0000,3,66
4,8,259.4079,287.0011,3,153.7778,0.0000,3,113
4,8,308.3814,252.1606,3,196.7778,0.0000,3,154
4,8,279.3915,209.0912,3,206.3333,0.0000,3,161
4,8,227.3916,212.3414,3,67.4444,0.0000,3,55
4,8,287.0747,299.3353,3,179.0000,0.0000,3,134
4,8,203.4843,260.0328,3,209.4444,0.0000,3,171
4,8,233.4977,305.1873,3,203.5556,0.0000,3,166
4,8,262.2671,316.4339,3,89.2222,0.0000,3,71
4,8,202.5027,229.2290,3,88.4444,0.0000,3,63
4,8,206.3693,290.4064,3,97.5556,0.0000,3,79
4,8,311.5062,282.3002,3,97.7778,0.0000,3,71
4,8,252.1756,195.2225,3,26.1111,0.0000,3,21
4,8,307.0719,222.0321,3,172.4444,0.0000,3,124
4,8,177.2218,246.2626,3,83.7778,0.0000,3,61
4,8,179.1561,277.2902,3,86.8889,0.0000,3,60
4,8,304.1759,192.1726,3,78.8889,0.0000,3,56
4,8,336.3295,265.2622,3,66.0000,0.0000,3,52
4,8,199.2906,198.4852,3,9.2222,0.0000,3,8
4,8,314.2482,312.3596,3,72.7778,0.0000,3,55
4,8,277.1118,178.2135,3,11.3333,0.0000,3,9
4,8,289.5344,330.1231,3,78.7778,0.0000,3,52
4,8,209.0461,322.0457,3,67.2222,0.0000,3,47
4,8,334.3656,234.5477,3,133.0000,0.0000,3,97
4,8,224.3000,181.4104,3,7.7778,0.0000,3,5
4,8,236.3256,335.0076,3,53.7778,0.0000,3,38
4,8,174.4040,216.2500,3,10.7778,0.0000,3,8
4,8,331.4830,204.5015,3,139.2222,0.0000,3,108
4,8,181.3500,308.1337,3,82.5556,0.0000,3,60
4,8,339.3778,295.4978,3,98.4444,0.0000,3,82
4,8,249.3016,164.2023,3,7.4444,0.0000,3,5
4,8,264.4541,348.0462,3,116.1111,0.0000,3,82
4,8,152.1992,263.5061,3,65.8889,0.0000,3,47
4,8,361.0707,248.2951,3,101.3333,0.0000,3,73
4,8,302.0185,161.1953,3,15.4444,0.0000,3,10
4,8,211.2093,352.4116,3,106.3333,0.0000,3,79
4,8,317.1647,343.2070,3,69.5556,0.0000,3,50
4,8,150.1732,233.1693,3,5.6667,0.0000,3,4
4,8,154.1038,294.2489,3,89.7778,0.0000,3,60
4,8,183.4896,338.2068,3,37.1111,0.0000,3,28
4,8,329.3493,174.0766,3,11.6667,0.0000,3,7
4,8,359.1292,217.6081,3,61.0000,0.0000,3,43
4,8,341.5312,325.4835,3,48.4444,0.0000,3,36
4,8,239.1603,365.2812,3,41.0000,0.0000,3,32
4,8,363.5696,279.0357,3,29.1111,0.0000,3,20
4,8,292.1271,360.4100,3,36.2222,0.0000,3,27
4,8,356.2196,188.0887,3,35.8889,0.0000,3,24
4,8,156.3033,325.1974,3,69.4444,0.0000,3,52
4,8,366.4750,309.0995,3,47.0000,0.0000,3,36
4,8,267.0621,378.2405,3,44.0000,0.0000,3,32
4,8,386.3849,230.5343,3,42.2222,0.0000,3,31
4,8,186.4483,369.2524,3,24.1111,0.0000,3,19
4,8,214.3276,382.1446,3,28.7778,0.0000,3,22
4,8,389.1946,261.2539,3,37.4444,0.0000,3,25
4,8,319.1570,374.1734,3,35.6667,0.0000,3,25
4,8,344.2325,357.2181,3,24.6667,0.0000,3,16
4,8,130.1936,311.3207,3,76.8889,0.0000,3,52
4,8,383.3641,201.0321,3,40.4444,0.0000,3,31
4,8,159.2960,355.3959,3,34.8889,0.0000,3,27
4,8,241.5473,395.2493,3,29.8889,0.0000,3,19
4,8,294.3499,390.4849,3,38.6667,0.0000,3,31
4,8,391.4795,291.2591,3,26.4444,0.0000,3,21
4,8,369.3261,339.4242,3,26.8889,0.0000,3,19
4,8,131.3983,342.2863,3,75.4444,0.0000,3,53
4,8,394.1806,322.0638,3,31.7778,0.0000,3,23
4,8,269.0516,408.4958,3,38.3333,0.0000,3,27
4,8,189.5789,398.5755,3,37.2222,0.0000,3,24
4,8,414.4256,244.2248,3,32.0000,0.0000,3,24
4,8,410.4315,213.3776,3,8.3333,0.0000,3,9
4,8,347.1000,388.0357,3,32.3333,0.0000,3,21
4,8,416.1218,274.1819,3,35.8889,0.0000,3,24
4,8,161.2278,386.2661,3,34.1111,0.0000,3,23
4,8,216.4736,412.4528,3,23.8889,0.0000,3,20
4,8,372.1289,369.3498,3,17.6667,0.0000,3,12
4,8,322.2015,404.1546,3,10.1111,0.0000,3,8
4,8,134.2287,372.4592,3,45.3333,0.0000,3,30
4,8,396.4270,352.4258,3,23.1111,0.0000,3,18
4,8,419.0881,305.1906,3,43.0000,0.0000,3,28
4,8,243.3036,426.4846,3,18.7778,0.0000,3,14
4,8,231.5747,87.1638,3,31.3333,0.0000,3,19
4,8,296.3916,422.4914,3,16.5556,0.0000,3,14
4,8,285.0096,83.1326,3,19.5556,0.0000,3,12
5,8,256.1881,256.1351,3,195.5556,0.0000,3,189
5,8,229.4209,242.2614,3,183.2222,0.0000,3,140
5,8,284.1618,268.4305,3,197.1111,0.0000,3,158
5,8,281.5165,238.6377,3,184.1111,0.0000,3,124
5,8,231.4562,273.5298,3,133.5556,0.0000,3,102
5,8,254.4694,225.3080,3,81.3333,0.0000,3,66
5,8,259.4079,287.0011,3,153.7778,0.0000,3,113
5,8,308.3814,252.1606,3,196.7778,0.0000,3,154
5,8,279.3915,209.0912,3,206.3333,0.0000,3,161
5,8,227.3916,212.3414,3,67.4444,0.0000,3,55
5,8,287.0747,299.3353,3,179.0000,0.0000,3,134
5,8,203.4843,260.0328,3,209.4444,0.0000,3,171
5,8,233.4977,305.1873,3,203.5556,0.0000,3,166
5,8,262.2671,316.4339,3,89.2222,0.0000,3,71
5,8,202.5027,229.2290,3,88.4444,0.0000,3,63
5,8,206.3693,290.4064,3,97.5556,0.0000,3,79
5,8,311.5062,282.3002,3,97.7778,0.0000,3,71
5,8,252.1756,195.2225,3,26.1111,0.0000,3,21
5,8,307.0719,222.0321,3,172.4444,0.0000,3,124
5,8,177.2218,246.2626,3,83.7778,0.0000,3,61
5,8,179.1561,277.2902,3,86.8889,0.0000,3,60
5,8,304.1759,192.1726,3,78.8889,0.0000,3,56
5,8,336.3295,265.2622,3,66.0000,0.0000,3,52
5,8,199.2906,198.4852,3,9.2222,0.0000,3,8
5,8,314.2482,312.3596,3,72.7778,0.0000,3,55
5,8,277.1118,178.2135,3,11.3333,0.0000,3,9
5,8,289.5344,330.1231,3,78.7778,0.0000,3,52
5,8,209.0461,322.0457,3,67.2222,0.0000,3,47
5,8,334.3656,234.5477,3,133.0000,0.0000,3,97
5,8,224.3000,181.4104,3,7.7778,0.0000,3,5
5,8,236.3256,335.0076,3,53.7778,0.0000,3,38
5,8,174.4040,216.2500,3,10.7778,0.0000,3,8
5,8,331.4830,204.5015,3,139.2222,0.0000,3,108
5,8,181.3500,308.1337,3,82.5556,0.0000,3,60
5,8,339.3778,295.4978,3,98.4444,0.0000,3,82
5,8,249.3016,164.2023,3,7.4444,0.0000,3,5
5,8,264.4541,348.0462,3,116.1111,0.0000,3,82
5,8,152.1992,263.5061,3,65.8889,0.0000,3,47
5,8,361.0707,248.2951,3,101.3333,0.0000,3,73
5,8,302.0185,161.1953,3,15.4444,0.0000,3,10
5,8,211.2093,352.4116,3,106.3333,0.0000,3,79
5,8,317.1647,343.2070,3,69.5556,0.0000,3,50
5,8,150.1732,233.1693,3,5.6667,0.0000,3,4
5,8,154.1038,294.2489,3,89.7778,0.0000,3,60
5,8,183.4896,338.2068,3,37.1111,0.0000,3,28
5,8,329.3493,174.0766,3,11.6667,0.0000,3,7
5,8,359.1292,217.6081,3,61.0000,0.0000,3,43
5,8,341.5312,325.4835,3,48.4444,0.0000,3,36
5,8,239.1603,365.2812,3,41.0000,0.0000,3,32
5,8,363.5696,279.0357,3,29.1111,0.0000,3,20
5,8,292.1271,360.4100,3,36.2222,0.0000,3,27
5,8,356.2196,188.0887,3,35.8889,0.0000,3,24
5,8,156.3033,325.1974,3,69.4444,0.0000,3,52
5,8,366.4750,309.0995,3,47.0000,0.0000,3,36
5,8,267.0621,378.2405,3,44.0000,0.0000,3,32
5,8,386.3849,230.5343,3,42.2222,0.0000,3,31
5,8,186.4483,369.2524,3,24.1111,0.0000,3,19
5,8,214.3276,382.1446,3,28.7778,0.0000,3,22
5,8,389.1946,261.2539,3,37.4444,0.0000,3,25
5,8,319.1570,374.1734,3,35.6667,0.0000,3,25
5,8,344.2325,357.2181,3,24.6667,0.0000,3,16
5,8,130.1936,311.3207,3,76.8889,0.0000,3,52
5,8,383.3641,201.0321,3,40.4444,0.0000,3,31
5,8,159.2960,355.3959,3,34.8889,0.0000,3,27
5,8,241.5473,395.2493,3,29.8889,0.0000,3,19
5,8,294.3499,390.4849,3,38.6667,0.0000,3,31
5,8,391.4795,291.2591,3,26.4444,0.0000,3,21
5,8,369.3261,339.4242,3,26.8889,0.0000,3,19
5,8,131.3983,342.2863,3,75.4444,0.0000,3,53
5,8,394.1806,322.0638,3,31.7778,0.0000,3,23
5,8,269.0516,408.4958,3,38.3333,0.0000,3,27
5,8,189.5789,398.5755,3,37.2222,0.0000,3,24
5,8,414.4256,244.2248,3,32.0000,0.0000,3,24
5,8,410.4315,213.3776,3,8.3333,0.0000,3,9
5,8,347.1000,388.0357,3,32.3333,0.0000,3,21
5,8,416.1218,274.1819,3,35.8889,0.0000,3,24
5,8,161.2278,386.2661,3,34.1111,0.0000,3,23
5,8,216.4736,412.4528,3,23.8889,0.0000,3,20
5,8,372.1289,369.3498,3,17.6667,0.0000,3,12
5,8,322.2015,404.1546,3,10.1111,0.0000,3,8
5,8,134.2287,372.4592,3,45.3333,0.0000,3,30
5,8,396.4270,352.4258,3,23.1111,0.0000,3,18
5,8,419.0881,305.1906,3,43.0000,0.0000,3,28
5,8,243.3036,426.4846,3,18.7778,0.0000,3,14
5,8,231.5747,87.1638,3,31.3333,0.0000,3,19
5,8,296.3916,422.4914,3,16.5556,0.0000,3,14
5,8,285.0096,83.1326,3,19.5556,0.0000,3,12
6,8,256.1881,256.1351,3,195.5556,0.0000,3,189
6,8,229.4209,242.2614,3,183.2222,0.0000,3,140
6,8,284.1618,268.4305,3,197.1111,0.0000,3,158
6,8,281.5165,238.6377,3,184.1111,0.0000,3,124
6,8,231.4562,273.5298,3,133.5556,0.0000,3,102
6,8,254.4694,225.3080,3,81.3333,0.0000,3,66
6,8,259.4079,287.0011,3,153.7778,0.0000,3,113
6,8,308.3814,252.1606,3,196.7778,0.0000,3,154
6,8,279.3915,209.0912,3,206.3333,0.0000,3,161
6,8,227.3916,212.3414,3,67.4444,0.0000,3,55
6,8,287.0747,299.3353,3,179.0000,0.0000,3,134
6,8,203.4843,260.0328,3,209.4444,0.0000,3,171
6,8,233.4977,305.1873,3,203.5556,0.0000,3,166
6,8,262.2671,316.4339,3,89.2222,0.0000,3,71
6,8,202.5027,229.2290,3,88.4444,0.0000,3,63
6,8,206.3693,290.4064,3,97.5556,0.0000,3,79
6,8,311.5062,282.3002,3,97.7778,0.0000,3,71
6,8,252.1756,195.2225,3,26.1111,0.0000,3,21
6,8,307.0719,222.0321,3,172.4444,0.0000,3,124
6,8,177.2218,246.2626,3,83.7778,0.0000,3,61
6,8,179.1561,277.2902,3,86.8889,0.0000,3,60
6,8,304.1759,192.1726,3,78.8889,0.0000,3,56
6,8,336.3295,265.2622,3,66.0000,0.0000,3,52
6,8,199.2906,198.4852,3,9.2222,0.0000,3,8
6,8,314.2482,312.3596,3,72.7778,0.0000,3,55
6,8,277.1118,178.2135,3,11.3333,0.0000,3,9
6,8,289.5344,330.1231,3,78.7778,0.0000,3,52
6,8,209.0461,322.0457,3,67.2222,0.0000,3,47
6,8,334.3656,234.5477,3,133.0000,0.0000,3,97
6,8,224.3000,181.4104,3,7.7778,0.0000,3,5
6,8,236.3256,335.0076,3,53.7778,0.0000,3,38
6,8,174.4040,216.2500,3,10.7778,0.0000,3,8
6,8,331.4830,204.5015,3,139.2222,0.0000,3,108
6,8,181.3500,308.1337,3,82.5556,0.0000,3,60
6,8,339.3778,295.4978,3,98.4444,0.0000,3,82
6,8,249.3016,164.2023,3,7.4444,0.0000,3,5
6,8,264.4541,348.0462,3,116.1111,0.0000,3,82
6,8,152.1992,263.5061,3,65.8889,0.0000,3,47
6,8,361.0707,248.2951,3,101.3333,0.0000,3,73
6,8,302.0185,161.1953,3,15.4444,0.0000,3,10
6,8,211.2093,352.4116,3,106.3333,0.0000,3,79
6,8,317.1647,343.2070,3,69.5556,0.0000,3,50
6,8,150.1732,233.1693,3,5.6667,0.0000,3,4
6,8,154.1038,294.2489,3,89.7778,0.0000,3,60
6,8,183.4896,338.2068,3,37.1111,0.0000,3,28
6,8,329.3493,174.0766,3,11.6667,0.0000,3,7
6,8,359.1292,217.6081,3,61.0000,0.0000,3,43
6,8,341.5312,325.4835,3,48.4444,0.0000,3,36
6,8,239.1603,365.2812,3,41.0000,0.0000,3,32
6,8,363.5696,279.0357,3,29.1111,0.0000,3,20
6,8,292.1271,360.4100,3,36.2222,0.0000,3,27
6,8,356.2196,188.0887,3,35.8889,0.0000,3,24
6,8,156.3033,325.1974,3,69.4444,0.0000,3,52
6,8,366.4750,309.0995,3,47.0000,0.0000,3,36
6,8,267.0621,378.2405,3,44.0000,0.0000,3,32
6,8,386.3849,230.5343,3,42.2222,0.0000,3,31
6,8,186.4483,369.2524,3,24.1111,0.0000,3,19
6,8,214.3276,382.1446,3,28.7778,0.0000,3,22
6,8,389.1946,261.2539,3,37.4444,0.0000,3,25
6,8,319.1570,374.1734,3,35.6667,0.0000,3,25
6,8,344.2325,357.2181,3,24.6667,0.0000,3,16
6,8,130.1936,311.3207,3,76.8889,0.0000,3,52
6,8,383.3641,201.0321,3,40.4444,0.0000,3,31
6,8,159.2960,355.3959,3,34.8889,0.0000,3,27
6,8,241.5473,395.2493,3,29.8889,0.0000,3,19
6,8,294.3499,390.4849,3,38.6667,0.0000,3,31
6,8,391.4795,291.2591,3,26.4444,0.0000,3,21
6,8,369.3261,339.4242,3,26.8889,0.0000,3,19
6,8,131.3983,342.2863,3,75.4444,0.0000,3,53
6,8,394.1806,322.0638,3,31.7778,0.0000,3,23
6,8,269.0516,408.4958,3,38.3333,0.0000,3,27
6,8,189.5789,398.5755,3,37.2222,0.0000,3,24
6,8,414.4256,244.2248,3,32.0000,0.0000,3,24
6,8,410.4315,213.3776,3,8.3333,0.0000,3,9
6,8,347.1000,388.0357,3,32.3333,0.0000,3,21
6,8,416.1218,274.1819,3,35.8889,0.0000,3,24
6,8,161.2278,386.2661,3,34.1111,0.0000,3,23
6,8,216.4736,412.4528,3,23.8889,0.0000,3,20
6,8,372.1289,369.3498,3,17.6667,0.0000,3,12
6,8,322.2015,404.1546,3,10.1111,0.0000,3,8
6,8,134.2287,372.4592,3,45.3333,0.0000,3,30
6,8,396.4270,352.4258,3,23.1111,0.0000,3,18
6,8,419.0881,305.1906,3,43.0000,0.0000,3,28
6,8,243.3036,426.4846,3,18.7778,0.0000,3,14
6,8,231.5747,87.1638,3,31.3333,0.0000,3,19
6,8,296.3916,422.4914,3,16.5556,0.0000,3,14
6,8,285.0096,83.1326,3,19.5556,0.0000,3,12
7,8,256.1881,256.1351,3,195.5556,0.0000,3,189
7,8,229.4209,242.2614,3,183.2222,0.0000,3,140
7,8,284.1618,268.4305,3,197.1111,0.0000,3,158
7,8,281.5165,238.6377,3,184.1111,0.0000,3,124
7,8,231.4562,273.5298,3,133.5556,0.0000,3,102
7,8,254.4694,225.3080,3,81.3333,0.0000,3,66
7,8,259.4079,287.0011,3,153.7778,0.0000,3,113
7,8,308.3814,252.1606,3,196.7778,0.0000,3,154
7,8,279.3915,209.0912,3,206.3333,0.0000,3,161
7,8,227.3916,212.3414,3,67.4444,0.0000,3,55
7,8,287.0747,299.3353,3,179.0000,0.0000,3,134
7,8,203.4843,260.0328,3,209.4444,0.0000,3,171
7,8,233.4977,305.1873,3,203.5556,0.0000,3,166
7,8,262.2671,316.4339,3,89.2222,0.0000,3,71
7,8,202.5027,229.2290,3,88.4444,0.0000,3,63
7,8,206.3693,290.4064,3,97.5556,0.0000,3,79
7,8,311.5062,282.3002,3,97.7778,0.0000,3,71
7,8,252.1756,195.2225,3,26.1111,0.0000,3,21
7,8,307.0719,222.0321,3,172.4444,0.0000,3,124
7,8,177.2218,246.2626,3,83.7778,0.0000,3,61
7,8,179.1561,277.2902,3,86.8889,0.0000,3,60
7,8,304.1759,192.1726,3,78.8889,0.0000,3,56
7,8,336.3295,265.2622,3,66.0000,0.0000,3,52
7,8,199.2906,198.4852,3,9.2222,0.0000,3,8
7,8,314.2482,312.3596,3,72.7778,0.0000,3,55
7,8,277.1118,178.2135,3,11.3333,0.0000,3,9
7,8,289.5344,330.1231,3,78.7778,0.0000,3,52
7,8,209.0461,322.0457,3,67.2222,0.0000,3,47
7,8,334.3656,234.5477,3,133.0000,0.0000,3,97
7,8,224.3000,181.4104,3,7.7778,0.0000,3,5
7,8,236.3256,335.0076,3,53.7778,0.0000,3,38
7,8,174.4040,216.2500,3,10.7778,0.0000,3,8
7,8,331.4830,204.5015,3,139.2222,0.0000,3,108
7,8,181.3500,308.1337,3,82.5556,0.0000,3,60
7,8,339.3778,295.4978,3,98.4444,0.0000,3,82
7,8,249.3016,164.2023,3,7.4444,0.0000,3,5
7,8,264.4541,348.0462,3,116.1111,0.0000,3,82
7,8,152.1992,263.5061,3,65.8889,0.0000,3,47
7,8,361.0707,248.2951,3,101.3333,0.0000,3,73
7,8,302.0185,161.1953,3,15.4444,0.0000,3,10
7,8,211.2093,352.4116,3,106.3333,0.0000,3,79
7,8,317.1647,343.2070,3,69.5556,0.0000,3,50
7,8,150.1732,233.1693,3,5.6667,0.0000,3,4
7,8,154.1038,294.2489,3,89.7778,0.0000,3,60
7,8,183.4896,338.2068,3,37.1111,0.0000,3,28
7,8,329.3493,174.0766,3,11.6667,0.0000,3,7
7,8,359.1292,217.6081,3,61.0000,0.0000,3,43
7,8,341.5312,325.4835,3,48.4444,0.0000,3,36
7,8,239.1603,365.2812,3,41.0000,0.0000,3,32
7,8,363.5696,279.0357,3,29.1111,0.0000,3,20
7,8,292.1271,360.4100,3,36.2222,0.0000,3,27
7,8,356.2196,188.0887,3,35.8889,0.0000,3,24
7,8,156.3033,325.1974,3,69.4444,0.0000,3,52
7,8,366.4750,309.0995,3,47.0000,0.0000,3,36
7,8,267.0621,378.2405,3,44.0000,0.0000,3,32
7,8,386.3849,230.5343,3,42.2222,0.0000,3,31
7,8,186.4483,369.2524,3,24.1111,0.0000,3,19
7,8,214.3276,382.1446,3,28.7778,0.0000,3,22
7,8,389.1946,261.2539,3,37.4444,0.0000,3,25
7,8,319.1570,374.1734,3,35.6667,0.0000,3,25
7,8,344.2325,357.2181,3,24.6667,0.0000,3,16
7,8,130.1936,311.3207,3,76.8889,0.0000,3,52
7,8,383.3641,201.0321,3,40.4444,0.0000,3,31
7,8,159.2960,355.3959,3,34.8889,0.0000,3,27
7,8,241.5473,395.2493,3,29.8889,0.0000,3,19
7,8,294.3499,390.4849,3,38.6667,0.0000,3,31
7,8,391.4795,291.2591,3,26.4444,0.0000,3,21
7,8,369.3261,339.4242,3,26.8889,0.0000,3,19
7,8,131.3983,342.2863,3,75.4444,0.0000,3,53
7,8,394.1806,322.0638,3,31.7778,0.0000,3,23
7,8,269.0516,408.4958,3,38.3333,0.0000,3,27
7,8,189.5789,398.5755,3,37.2222,0.0000,3,24
7,8,414.4256,244.2248,3,32.0000,0.0000,3,24
7,8,410.4315,213.3776,3,8.3333,0.0000,3,9
7,8,347.1000,388.0357,3,32.3333,0.0000,3,21
7,8,416.1218,274.1819,3,35.8889,0.0000,3,24
7,8,161.2278,386.2661,3,34.1111,0.0000,3,23
7,8,216.4736,412.4528,3,23.8889,0.0000,3,20
7,8,372.1289,369.3498,3,17.6667,0.0000,3,12
7,8,322.2015,404.1546,3,10.1111,0.0000,3,8
7,8,134.2287,372.4592,3,45.3333,0.0000,3,30
7,8,396.4270,352.4258,3,23.1111,0.0000,3,18
7,8,419.0881,305.1906,3,43.0000,0.0000,3,28
7,8,243.3036,426.4846,3,18.7778,0.0000,3,14
7,8,231.5747,87.1638,3,31.3333,0.0000,3,19
7,8,296.3916,422.4914,3,16.5556,0.0000,3,14
7,8,285.0096,83.1326,3,19.5556,0.0000,3,12
8,8,256.1881,256.1351,3,195.5556,0.0000,3,189
8,8,229.4209,242.2614,3,183.2222,0.0000,3,140
8,8,284.1618,268.4305,3,197.1111,0.0000,3,158
8,8,281.5165,238.6377,3,184.1111,0.0000,3,124
8,8,231.4562,273.5298,3,133.5556,0.0000,3,102
8,8,254.4694,225.3080,3,81.3333,0.0000,3,66
8,8,259.4079,287.0011,3,153.7778,0.0000,3,113
8,8,308.3814,252.1606,3,196.7778,0.0000,3,154
8,8,279.3915,209.0912,3,206.3333,0.0000,3,161
8,8,227.3916,212.3414,3,67.4444,0.0000,3,55
8,8,287.0747,299.3353,3,179.0000,0.0000,3,134
8,8,203.4843,260.0328,3,209.4444,0.0000,3,171
8,8,233.4977,305.1873,3,203.5556,0.0000,3,166
8,8,262.2671,316.4339,3,89.2222,0.0000,3,71
8,8,202.5027,229.2290,3,88.4444,0.0000,3,63
8,8,206.3693,290.4064,3,97.5556,0.0000,3,79
8,8,311.5062,282.3002,3,97.7778,0.0000,3,71
8,8,252.1756,195.2225,3,26.1111,0.0000,3,21
8,8,307.0719,222.0321,3,172.4444,0.0000,3,124
8,8,177.2218,246.2626,3,83.7778,0.0000,3,61
8,8,179.1561,277.2902,3,86.8889,0.0000,3,60
8,8,304.1759,192.1726,3,78.8889,0.0000,3,56
8,8,336.3295,265.2622,3,66.0000,0.0000,3,52
8,8,199.2906,198.4852,3,9.2222,0.0000,3,8
8,8,314.2482,312.3596,3,72.7778,0.0000,3,55
8,8,277.1118,178.2135,3,11.3333,0.0000,3,9
8,8,289.5344,330.1231,3,78.7778,0.0000,3,52
8,8,209.0461,322.0457,3,67.2222,0.0000,3,47
8,8,334.3656,234.5477,3,133.0000,0.0000,3,97
8,8,224.3000,181.4104,3,7.7778,0.0000,3,5
8,8,236.3256,335.0076,3,53.7778,0.0000,3,38
8,8,174.4040,216.2500,3,10.7778,0.0000,3,8
8,8,331.4830,204.5015,3,139.2222,0.0000,3,108
8,8,181.3500,308.1337,3,82.5556,0.0000,3,60
8,8,339.3778,295.4978,3,98.4444,0.0000,3,82
8,8,249.3016,164.2023,3,7.4444,0.0000,3,5
8,8,264.4541,348.0462,3,116.1111,0.0000,3,82
8,8,152.1992,263.5061,3,65.8889,0.0000,3,47
8,8,361.0707,248.2951,3,101.3333,0.0000,3,73
8,8,302.0185,161.1953,3,15.4444,0.0000,3,10
8,8,211.2093,352.4116,3,106.3333,0.0000,3,79
8,8,317.1647,343.2070,3,69.5556,0.0000,3,50
8,8,150.1732,233.1693,3,5.6667,0.0000,3,4
8,8,154.1038,294.2489,3,89.7778,0.0000,3,60
8,8,183.4896,338.2068,3,37.1111,0.0000,3,28
8,8,329.3493,174.0766,3,11.6667,0.0000,3,7
8,8,359.1292,217.6081,3,61.0000,0.0000,3,43
8,8,341.5312,325.4835,3,48.4444,0.0000,3,36
8,8,239.1603,365.2812,3,41.0000,0.0000,3,32
8,8,363.5696,279.0357,3,29.1111,0.0000,3,20
8,8,292.1271,360.4100,3,36.2222,0.0000,3,27
8,8,356.2196,188.0887,3,35.8889,0.0000,3,24
8,8,156.3033,325.1974,3,69.4444,0.0000,3,52
8,8,366.4750,309.0995,3,47.0000,0.0000,3,36
8,8,267.0621,378.2405,3,44.0000,0.0000,3,32
8,8,386.3849,230.5343,3,42.2222,0.0000,3,31
8,8,186.4483,369.2524,3,24.1111,0.0000,3,19
8,8,214.3276,382.1446,3,28.7778,0.0000,3,22
8,8,389.1946,261.2539,3,37.4444,0.0000,3,25
8,8,319.1570,374.1734,3,35.6667,0.0000,3,25
8,8,344.2325,357.2181,3,24.6667,0.0000,3,16
8,8,130.1936,311.3207,3,76.8889,0.0000,3,52
8,8,383.3641,201.0321,3,40.4444,0.0000,3,31
8,8,159.2960,355.3959,3,34.8889,0.0000,3,27
8,8,241.5473,395.2493,3,29.8889,0.0000,3,19
8,8,294.3499,390.4849,3,38.6667,0.0000,3,31
8,8,391.4795,291.2591,3,26.4444,0.0000,3,21
8,8,369.3261,339.4242,3,26.8889,0.0000,3,19
8,8,131.3983,342.2863,3,75.4444,0.0000,3,53
8,8,394.1806,322.0638,3,31.7778,0.0000,3,23
8,8,269.0516,408.4958,3,38.3333,0.0000,3,27
8,8,189.5789,398.5755,3,37.2222,0.0000,3,24
8,8,414.4256,244.2248,3,32.0000,0.0000,3,24
8,8,410.4315,213.3776,3,8.3333,0.0000,3,9
8,8,347.1000,388.0357,3,32.3333,0.0000,3,21
8,8,416.1218,274.1819,3,35.8889,0.0000,3,24
8,8,161.2278,386.2661,3,34.1111,0.0000,3,23
8,8,216.4736,412.4528,3,23.8889,0.0000,3,20
8,8,372.1289,369.3498,3,17.6667,0.0000,3,12
8,8,322.2015,404.1546,3,10.1111,0.0000,3,8
8,8,134.2287,372.4592,3,45.3333,0.0000,3,30
8,8,396.4270,352.4258,3,23.1111,0.0000,3,18
8,8,419.0881,305.1906,3,43.0000,0.0000,3,28
8,8,243.3036,426.4846,3,18.7778,0.0000,3,14
8,8,231.5747,87.1638,3,31.3333,0.0000,3,19
8,8,296.3916,422.4914,3,16.5556,0.0000,3,14
8,8,285.0096,83.1326,3,19.5556,0.0000,3,12
9,8,256.1881,256.1351,3,195.5556,0.0000,3,189
9,8,229.4209,242.2614,3,183.2222,0.0000,3,140
9,8,284.1618,268.4305,3,197.1111,0.0000,3,158
9,8,281.5165,238.6377,3,184.1111,0.0000,3,124
9,8,231.4562,273.5298,3,133.5556,0.0000,3,102
9,8,254.4694,225.3080,3,81.3333,0.0000,3,66
9,8,259.4079,287.0011,3,153.7778,0.0000,3,113
9,8,308.3814,252.1606,3,196.7778,0.0000,3,154
9,8,279.3915,209.0912,3,206.3333,0.0000,3,161
9,8,227.3916,212.3414,3,67.4444,0.0000,3,55
9,8,287.0747,299.3353,3,179.0000,0.0000,3,134
9,8,203.4843,260.0328,3,209.4444,0.0000,3,171
9,8,233.4977,305.1873,3,203.5556,0.0000,3,166
9,8,262.2671,316.4339,3,89.2222,0.0000,3,71
9,8,202.5027,229.2290,3,88.4444,0.0000,3,63
9,8,206.3693,290.4064,3,97.5556,0.0000,3,79
9,8,311.5062,282.3002,3,97.7778,0.0000,3,71
9,8,252.1756,195.2225,3,26.1111,0.0000,3,21
9,8,307.0719,222.0321,3,172.4444,0.0000,3,124
9,8,177.2218,246.2626,3,83.7778,0.0000,3,61
9,8,179.1561,277.2902,3,86.8889,0.0000,3,60
9,8,304.1759,192.1726,3,78.8889,0.0000,3,56
9,8,336.3295,265.2622,3,66.0000,0.0000,3,52
9,8,199.2906,198.4852,3,9.2222,0.0000,3,8
9,8,314.2482,312.3596,3,72.7778,0.0000,3,55
9,8,277.1118,178.2135,3,11.3333,0.0000,3,9
9,8,289.5344,330.1231,3,78.7778,0.0000,3,52
9,8,209.0461,322.0457,3,67.2222,0.0000,3,47
9,8,334.3656,234.5477,3,133.0000,0.0000,3,97
9,8,224.3000,181.4104,3,7.7778,0.0000,3,5
9,8,236.3256,335.0076,3,53.7778,0.0000,3,38
9,8,174.4040,216.2500,3,10.7778,0.0000,3,8
9,8,331.4830,204.5015,3,139.2222,0.0000,3,108
9,8,181.3500,308.1337,3,82.5556,0.0000,3,60
9,8,339.3778,295.4978,3,98.4444,0.0000,3,82
9,8,249.3016,164.2023,3,7.4444,0.0000,3,5
9,8,264.4541,348.0462,3,116.1111,0.0000,3,82
9,8,152.1992,263.5061,3,65.8889,0.0000,3,47
9,8,361.0707,248.2951,3,101.3333,0.0000,3,73
9,8,302.0185,161.1953,3,15.4444,0.0000,3,10
9,8,211.2093,352.4116,3,106.3333,0.0000,3,79
9,8,317.1647,343.2070,3,69.5556,0.0000,3,50
9,8,150.1732,233.1693,3,5.6667,0.0000,3,4
9,8,154.1038,294.2489,3,89.7778,0.0000,3,60
9,8,183.4896,338.2068,3,37.1111,0.0000,3,28
9,8,329.3493,174.0766,3,11.6667,0.0000,3,7
9,8,359.1292,217.6081,3,61.0000,0.0000,3,43
9,8,341.5312,325.4835,3,48.4444,0.0000,3,36
9,8,239.1603,365.2812,3,41.0000,0.0000,3,32
9,8,363.5696,279.0357,3,29.1111,0.0000,3,20
9,8,292.1271,360.4100,3,36.2222,0.0000,3,27
9,8,356.2196,188.0887,3,35.8889,0.0000,3,24
9,8,156.3033,325.1974,3,69.4444,0.0000,3,52
9,8,366.4750,309.0995,3,47.0000,0.0000,3,36
9,8,267.0621,378.2405,3,44.0000,0.0000,3,32
9,8,386.3849,230.5343,3,42.2222,0.0000,3,31
9,8,186.4483,369.2524,3,24.1111,0.0000,3,19
9,8,214.3276,382.1446,3,28.7778,0.0000,3,22
9,8,389.1946,261.2539,3,37.4444,0.0000,3,25
9,8,319.1570,374.1734,3,35.6667,0.0000,3,25
9,8,344.2325,357.2181,3,24.6667,0.0000,3,16
9,8,130.1936,311.3207,3,76.8889,0.0000,3,52
9,8,383.3641,201.0321,3,40.4444,0.0000,3,31
9,8,159.2960,355.3959,3,34.8889,0.0000,3,27
9,8,241.5473,395.2493,3,29.8889,0.0000,3,19
9,8,294.3499,390.4849,3,38.6667,0.0000,3,31
9,8,391.4795,291.2591,3,26.4444,0.0000,3,21
9,8,369.3261,339.4242,3,26.8889,0.0000,3,19
9,8,131.3983,342.2863,3,75.4444,0.0000,3,53
9,8,394.1806,322.0638,3,31.7778,0.0000,3,23
9,8,269.0516,408.4958,3,38.3333,0.0000,3,27
9,8,189.5789,398.5755,3,37.2222,0.0000,3,24
9,8,414.4256,244.2248,3,32.0000,0.0000,3,24
9,8,410.4315,213.3776,3,8.3333,0.0000,3,9
9,8,347.1000,388.0357,3,32.3333,0.0000,3,21
9,8,416.1218,274.1819,3,35.8889,0.0000,3,24
9,8,161.2278,386.2661,3,34.1111,0.0000,3,23
9,8,216.4736,412.4528,3,23.8889,0.0000,3,20
9,8,372.1289,369.3498,3,17.6667,0.0000,3,12
9,8,322.2015,404.1546,3,10.1111,0.0000,3,8
9,8,134.2287,372.4592,3,45.3333,0.0000,3,30
9,8,396.4270,352.4258,3,23.1111,0.0000,3,18
9,8,419.0881,305.1906,3,43.0000,0.0000,3,28
9,8,243.3036,426.4846,3,18.7778,0.0000,3,14
9,8,231.5747,87.1638,3,31.3333,0.0000,3,19
9,8,296.3916,422.4914,3,16.5556,0.0000,3,14
9,8,285.0096,83.1326,3,19.5556,0.0000,3,12
10,8,256.1881,256.1351,3,195.5556,0.0000,3,189
10,8,229.4209,242.2614,3,183.2222,0.0000,3,140
10,8,284.1618,268.4305,3,197.1111,0.0000,3,158
10,8,281.5165,238.6377,3,184.1111,0.0000,3,124
10,8,231.4562,273.5298,3,133.5556,0.0000,3,102
10,8,254.4694,225.3080,3,81.3333,0.0000,3,66
10,8,259.4079,287.0011,3,153.7778,0.0000,3,113
10,8,308.3814,252.1606,3,196.7778,0.0000,3,154
10,8,279.3915,209.0912,3,206.3333,0.0000,3,161
10,8,227.3916,212.3414,3,67.4444,0.0000,3,55
10,8,287.0747,299.3353,3,179.0000,0.0000,3,134
10,8,203.4843,260.0328,3,209.4444,0.0000,3,171
10,8,233.4977,305.1873,3,203.5556,0.0000,3,166
10,8,262.2671,316.4339,3,89.2222,0.0000,3,71
10,8,202.5027,229.2290,3,88.4444,0.0000,3,63
10,8,206.3693,290.4064,3,97.5556,0.0000,3,79
10,8,311.5062,282.3002,3,97.7778,0.0000,3,71
10,8,252.1756,195.2225,3,26.1111,0.0000,3,21
10,8,307.0719,222.0321,3,172.4444,0.0000,3,124
10,8,177.2218,246.2626,3,83.7778,0.0000,3,61
10,8,179.1561,277.2902,3,86.8889,0.0000,3,60
10,8,304.1759,192.1726,3,78.8889,0.0000,3,56
10,8,336.3295,265.2622,3,66.0000,0.0000,3,52
10,8,199.2906,198.4852,3,9.2222,0.0000,3,8
10,8,314.2482,312.3596,3,72.7778,0.0000,3,55
10,8,277.1118,178.2135,3,11.3333,0.0000,3,9
10,8,289.5344,330.1231,3,78.7778,0.0000,3,52
10,8,209.0461,322.0457,3,67.2222,0.0000,3,47
10,8,334.3656,234.5477,3,133.0000,0.0000,3,97
10,8,224.3000,181.4104,3,7.7778,0.0000,3,5
10,8,236.3256,335.0076,3,53.7778,0.0000,3,38
10,8,174.4040,216.2500,3,10.7778,0.0000,3,8
10,8,331.4830,204.5015,3,139.2222,0.0000,3,108
10,8,181.3500,308.1337,3,82.5556,0.0000,3,60
10,8,339.3778,295.4978,3,98.4444,0.0000,3,82
10,8,249.3016,164.2023,3,7.4444,0.0000,3,5
10,8,264.4541,348.0462,3,116.1111,0.0000,3,82
10,8,152.1992,263.5061,3,65.8889,0.0000,3,47
10,8,361.0707,248.2951,3,101.3333,0.0000,3,73
10,8,302.0185,161.1953,3,15.4444,0.0000,3,10
10,8,211.2093,352.4116,3,106.3333,0.0000,3,79
10,8,317.1647,343.2070,3,69.5556,0.0000,3,50
10,8,150.1732,233.1693,3,5.6667,0.0000,3,4
10,8,154.1038,294.2489,3,89.7778,0.0000,3,60
10,8,183.4896,338.2068,3,37.1111,0.0000,3,28
10,8,329.3493,174.0766,3,11.6667,0.0000,3,7
10,8,359.1292,217.6081,3,61.0000,0.0000,3,43
10,8,341.5312,325.4835,3,48.4444,0.0000,3,36
10,8,239.1603,365.2812,3,41.0000,0.0000,3,32
10,8,363.5696,279.0357,3,29.1111,0.0000,3,20
10,8,292.1271,360.4100,3,36.2222,0.0000,3,27
10,8,356.2196,188.0887,3,35.8889,0.0000,3,24
10,8,156.3033,325.1974,3,69.4444,0.0000,3,52
10,8,366.4750,309.0995,3,47.0000,0.0000,3,36
10,8,267.0621,378.2405,3,44.0000,0.0000,3,32
10,8,386.3849,230.5343,3,42.2222,0.0000,3,31
10,8,186.4483,369.2524,3,24.1111,0.0000,3,19
10,8,214.3276,382.1446,3,28.7778,0.0000,3,22
10,8,389.1946,261.2539,3,37.4444,0.0000,3,25
10,8,319.1570,374.1734,3,35.6667,0.0000,3,25
10,8,344.2325,357.2181,3,24.6667,0.0000,3,16
10,8,130.1936,311.3207,3,76.8889,0.0000,3,52
10,8,383.3641,201.0321,3,40.4444,0.0000,3,31
10,8,159.2960,355.3959,3,34.8889,0.0000,3,27
10,8,241.5473,395.2493,3,29.8889,0.0000,3,19
10,8,294.3499,390.4849,3,38.6667,0.0000,3,31
10,8,391.4795,291.2591,3,26.4444,0.0000,3,21
10,8,369.3261,339.4242,3,26.8889,0.0000,3,19
10,8,131.3983,342.2863,3,75.4444,0.0000,3,53
10,8,394.1806,322.0638,3,31.7778,0.0000,3,23
10,8,269.0516,408.4958,3,38.3333,0.0000,3,27
10,8,189.5789,398.5755,3,37.2222,0.0000,3,24
10,8,414.4256,244.2248,3,32.0000,0.0000,3,24
10,8,410.4315,213.3776,3,8.3333,0.0000,3,9
10,8,347.1000,388.0357,3,32.3333,0.0000,3,21
10,8,416.1218,274.1819,3,35.8889,0.0000,3,24
10,8,161.2278,386.2661,3,34.1111,0.0000,3,23
10,8,216.4736,412.4528,3,23.8889,0.0000,3,20
10,8,372.1289,369.3498,3,17.6667,0.0000,3,12
10,8,322.2015,404.1546,3,10.1111,0.0000,3,8
10,8,134.2287,372.4592,3,45.3333,0.0000,3,30
10,8,396.4270,352.4258,3,23.1111,0.0000,3,18
10,8,419.0881,305.1906,3,43.0000,0.0000,3,28
10,8,243.3036,426.4846,3,18.7778,0.0000,3,14
10,8,231.5747,87.1638,3,31.3333,0.0000,3,19
10,8,296.3916,422.4914,3,16.5556,0.0000,3,14
10,8,285.0096,83.1326,3,19.5556,0.0000,3,12
1,9,256.1881,256.1351,3,195.5556,0.0000,3,189
1,9,229.4209,242.2614,3,183.2222,0.0000,3,140
1,9,284.1618,268.4305,3,197.1111,0.0000,3,158
1,9,281.5165,238.6377,3,184.1111,0.0000,3,124
1,9,231.4562,273.5298,3,133.5556,0.0000,3,102
1,9,254.4694,225.3080,3,81.3333,0.0000,3,66
1,9,259.4079,287.0011,3,153.7778,0.0000,3,113
1,9,308.3814,252.1606,3,196.7778,0.0000,3,154
1,9,279.3915,209.0912,3,206.3333,0.0000,3,161
1,9,227.3916,212.3414,3,67.4444,0.0000,3,55
1,9,287.0747,299.3353,3,179.0000,0.0000,3,134
1,9,203.4843,260.0328,3,209.4444,0.0000,3,171
1,9,233.4977,305.1873,3,203.5556,0.0000,3,166
1,9,262.2671,316.4339,3,89.2222,0.0000,3,71
1,9,202.5027,229.2290,3,88.4444,0.0000,3,63
1,9,206.3693,290.4064,3,97.5556,0.0000,3,79
1,9,311.5062,282.3002,3,97.7778,0.0000,3,71
1,9,252.1756,195.2225,3,26.1111,0.0000,3,21
1,9,307.0719,222.0321,3,172.4444,0.0000,3,124
1,9,177.2218,246.2626,3,83.7778,0.0000,3,61
1,9,179.1561,277.2902,3,86.8889,0.0000,3,60
1,9,304.1759,192.1726,3,78.8889,0.0000,3,56
1,9,336.3295,265.2622,3,66.0000,0.0000,3,52
1,9,199.2906,198.4852,3,9.2222,0.0000,3,8
1,9,314.2482,312.3596,3,72.7778,0.0000,3,55
1,9,277.1118,178.2135,3,11.3333,0.0000,3,9
1,9,289.5344,330.1231,3,78.7778,0.0000,3,52
1,9,209.0461,322.0457,3,67.2222,0.0000,3,47
1,9,334.3656,234.5477,3,133.0000,0.0000,3,97
1,9,224.3000,181.4104,3,7.7778,0.0000,3,5
1,9,236.3256,335.0076,3,53.7778,0.0000,3,38
1,9,174.4040,216.2500,3,10.7778,0.0000,3,8
1,9,331.4830,204.5015,3,139.2222,0.0000,3,108
1,9,181.3500,308.1337,3,82.5556,0.0000,3,60
1,9,339.3778,295.4978,3,98.4444,0.0000,3,82
1,9,249.3016,164.2023,3,7.4444,0.0000,3,5
1,9,264.4541,348.0462,3,116.1111,0.0000,3,82
1,9,152.1992,263.5061,3,65.8889,0.0000,3,47
1,9,361.0707,248.2951,3,101.3333,0.0000,3,73
1,9,302.0185,161.1953,3,15.4444,0.0000,3,10
1,9,211.2093,352.4116,3,106.3333,0.0000,3,79
1,9,317.1647,343.2070,3,69.5556,0.0000,3,50
1,9,150.1732,233.1693,3,5.6667,0.0000,3,4
1,9,154.1038,294.2489,3,89.7778,0.0000,3,60
1,9,183.4896,338.2068,3,37.1111,0.0000,3,28
1,9,329.3493,174.0766,3,11.6667,0.0000,3,7
1,9,359.1292,217.6081,3,61.0000,0.0000,3,43
1,9,341.5312,325.4835,3,48.4444,0.0000,3,36
1,9,239.1603,365.2812,3,41.0000,0.0000,3,32
1,9,363.5696,279.0357,3,29.1111,0.0000,3,20
1,9,292.1271,360.4100,3,36.2222,0.0000,3,27
1,9,356.2196,188.0887,3,35.8889,0.0000,3,24
1,9,156.3033,325.1974,3,69.4444,0.0000,3,52
1,9,366.4750,309.0995,3,47.0000,0.0000,3,36
1,9,267.0621,378.2405,3,44.0000,0.0000,3,32
1,9,386.3849,230.5343,3,42.2222,0.0000,3,31
1,9,186.4483,369.2524,3,24.1111,0.0000,3,19
1,9,214.3276,382.1446,3,28.7778,0.0000,3,22
1,9,389.1946,261.2539,3,37.4444,0.0000,3,25
1,9,319.1570,374.1734,3,35.6667,0.0000,3,25
1,9,344.2325,357.2181,3,24.6667,0.0000,3,16
1,9,130.1936,311.3207,3,76.8889,0.0000,3,52
1,9,383.3641,201.0321,3,40.4444,0.0000,3,31
1,9,159.2960,355.3959,3,34.8889,0.0000,3,27
1,9,241.5473,395.2493,3,29.8889,0.0000,3,19
1,9,294.3499,390.4849,3,38.6667,0.0000,3,31
1,9,391.4795,291.2591,3,26.4444,0.0000,3,21
1,9,369.3261,339.4242,3,26.8889,0.0000,3,19
1,9,131.3983,342.2863,3,75.4444,0.0000,3,53
1,9,394.1806,322.0638,3,31.7778,0.0000,3,23
1,9,269.0516,408.4958,3,38.3333,0.0000,3,27
1,9,189.5789,398.5755,3,37.2222,0.0000,3,24
1,9,414.4256,244.2248,3,32.0000,0.0000,3,24
1,9,410.4315,213.3776,3,8.3333,0.0000,3,9
1,9,347.1000,388.0357,3,32.3333,0.0000,3,21
1,9,416.1218,274.1819,3,35.8889,0.0000,3,24
1,9,161.2278,386.2661,3,34.1111,0.0000,3,23
1,9,216.4736,412.4528,3,23.8889,0.0000,3,20
1,9,372.1289,369.3498,3,17.6667,0.0000,3,12
1,9,322.2015,404.1546,3,10.1111,0.0000,3,8
1,9,134.2287,372.4592,3,45.3333,0.0000,3,30
1,9,396.4270,352.4258,3,23.1111,0.0000,3,18
1,9,419.0881,305.1906,3,43.0000,0.0000,3,28
1,9,243.3036,426.4846,3,18.7778,0.0000,3,14
1,9,231.5747,87.1638,3,31.3333,0.0000,3,19
1,9,296.3916,422.4914,3,16.5556,0.0000,3,14
1,9,285.0096,83.1326,3,19.5556,0.0000,3,12
2,9,256.1881,256.1351,3,195.5556,0.0000,3,189
2,9,229.4209,242.2614,3,183.2222,0.0000,3,140
2,9,284.1618,268.4305,3,197.1111,0.0000,3,158
2,9,281.5165,238.6377,3,184.1111,0.0000,3,124
2,9,231.4562,273.5298,3,133.5556,0.0000,3,102
2,9,254.4694,225.3080,3,81.3333,0.0000,3,66
2,9,259.4079,287.0011,3,153.7778,0.0000,3,113
2,9,308.3814,252.1606,3,196.7778,0.0000,3,154
2,9,279.3915,209.0912,3,206.3333,0.0000,3,161
2,9,227.3916,212.3414,3,67.4444,0.0000,3,55
2,9,287.0747,299.3353,3,179.0000,0.0000,3,134
2,9,203.4843,260.0328,3,209.4444,0.0000,3,171
2,9,233.4977,305.1873,3,203.5556,0.0000,3,166
2,9,262.2671,316.4339,3,89.2222,0.0000,3,71
2,9,202.5027,229.2290,3,88.4444,0.0000,3,63
2,9,206.3693,290.4064,3,97.5556,0.0000,3,79
2,9,311.5062,282.3002,3,97.7778,0.0000,3,71
2,9,252.1756,195.2225,3,26.1111,0.0000,3,21
2,9,307.0719,222.0321,3,172.4444,0.0000,3,124
2,9,177.2218,246.2626,3,83.7778,0.0000,3,61
2,9,179.1561,277.2902,3,86.8889,0.0000,3,60
2,9,304.1759,192.1726,3,78.8889,0.0000,3,56
2,9,336.3295,265.2622,3,66.0000,0.0000,3,52
2,9,199.2906,198.4852,3,9.2222,0.0000,3,8
2,9,314.2482,312.3596,3,72.7778,0.0000,3,55
2,9,277.1118,178.2135,3,11.3333,0.0000,3,9
2,9,289.5344,330.1231,3,78.7778,0.0000,3,52
2,9,209.0461,322.0457,3,67.2222,0.0000,3,47
2,9,334.3656,234.5477,3,133.0000,0.0000,3,97
2,9,224.3000,181.4104,3,7.7778,0.0000,3,5
2,9,236.3256,335.0076,3,53.7778,0.0000,3,38
2,9,174.4040,216.2500,3,10.7778,0.0000,3,8
2,9,331.4830,204.5015,3,139.2222,0.0000,3,108
2,9,181.3500,308.1337,3,82.5556,0.0000,3,60
2,9,339.3778,295.4978,3,98.4444,0.0000,3,82
2,9,249.3016,164.2023,3,7.4444,0.0000,3,5
2,9,264.4541,348.0462,3,116.1111,0.0000,3,82
2,9,152.1992,263.5061,3,65.8889,0.0000,3,47
2,9,361.0707,248.2951,3,101.3333,0.0000,3,73
2,9,302.0185,161.1953,3,15.4444,0.0000,3,10
2,9,211.2093,352.4116,3,106.3333,0.0000,3,79
2,9,317.1647,343.2070,3,69.5556,0.0000,3,50
2,9,150.1732,233.1693,3,5.6667,0.0000,3,4
2,9,154.1038,294.2489,3,89.7778,0.0000,3,60
2,9,183.4896,338.2068,3,37.1111,0.0000,3,28
2,9,329.3493,174.0766,3,11.6667,0.0000,3,7
2,9,359.1292,217.6081,3,61.0000,0.0000,3,43
2,9,341.5312,325.4835,3,48.4444,0.0000,3,36
2,9,239.1603,365.2812,3,41.0000,0.0000,3,32
2,9,363.5696,279.0357,3,29.1111,0.0000,3,20
2,9,292.1271,360.4100,3,36.2222,0.0000,3,27
2,9,356.2196,188.0887,3,35.8889,0.0000,3,24
2,9,156.3033,325.1974,3,69.4444,0.0000,3,52
2,9,366.4750,309.0995,3,47.0000,0.0000,3,36
2,9,267.0621,378.2405,3,44.0000,0.0000,3,32
2,9,386.3849,230.5343,3,42.2222,0.0000,3,31
2,9,186.4483,369.2524,3,24.1111,0.0000,3,19
2,9,214.3276,382.1446,3,28.7778,0.0000,3,22
2,9,389.1946,261.2539,3,37.4444,0.0000,3,25
2,9,319.1570,374.1734,3,35.6667,0.0000,3,25
2,9,344.2325,357.2181,3,24.6667,0.0000,3,16
2,9,130.1936,311.3207,3,76.8889,0.0000,3,52
2,9,383.3641,201.0321,3,40.4444,0.0000,3,31
2,9,159.2960,355.3959,3,34.8889,0.0000,3,27
2,9,241.5473,395.2493,3,29.8889,0.0000,3,19
2,9,294.3499,390.4849,3,38.6667,0.0000,3,31
2,9,391.4795,291.2591,3,26.4444,0.0000,3,21
2,9,369.3261,339.4242,3,26.8889,0.0000,3,19
2,9,131.3983,342.2863,3,75.4444,0.0000,3,53
2,9,394.1806,322.0638,3,31.7778,0.0000,3,23
2,9,269.0516,408.4958,3,38.3333,0.0000,3,27
2,9,189.5789,398.5755,3,37.2222,0.0000,3,24
2,9,414.4256,244.2248,3,32.0000,0.0000,3,24
2,9,410.4315,213.3776,3,8.3333,0.0000,3,9
2,9,347.1000,388.0357,3,32.3333,0.0000,3,21
2,9,416.1218,274.1819,3,35.8889,0.0000,3,24
2,9,161.2278,386.2661,3,34.1111,0.0000,3,23
2,9,216.4736,412.4528,3,23.8889,0.0000,3,20
2,9,372.1289,369.3498,3,17.6667,0.0000,3,12
2,9,322.2015,404.1546,3,10.1111,0.0000,3,8
2,9,134.2287,372.4592,3,45.3333,0.0000,3,30
2,9,396.4270,352.4258,3,23.1111,0.0000,3,18
2,9,419.0881,305.1906,3,43.0000,0.0000,3,28
2,9,243.3036,426.4846,3,18.7778,0.0000,3,14
2,9,231.5747,87.1638,3,31.3333,0.0000,3,19
2,9,296.3916,422.4914,3,16.5556,0.0000,3,14
2,9,285.0096,83.1326,3,19.5556,0.0000,3,12
3,9,256.1881,256.1351,3,195.5556,0.0000,3,189
3,9,229.4209,242.2614,3,183.2222,0.0000,3,140
3,9,284.1618,268.4305,3,197.1111,0.0000,3,158
3,9,281.5165,238.6377,3,184.1111,0.0000,3,124
3,9,231.4562,273.5298,3,133.5556,0.0000,3,102
3,9,254.4694,225.3080,3,81.3333,0.0000,3,66
3,9,259.4079,287.0011,3,153.7778,0.0000,3,113
3,9,308.3814,252.1606,3,196.7778,0.0000,3,154
3,9,279.3915,209.0912,3,206.3333,0.0000,3,161
3,9,227.3916,212.3414,3,67.4444,0.0000,3,55
3,9,287.0747,299.3353,3,179.0000,0.0000,3,134
3,9,203.4843,260.0328,3,209.4444,0.0000,3,171
3,9,233.4977,305.1873,3,203.5556,0.0000,3,166
3,9,262.2671,316.4339,3,89.2222,0.0000,3,71
3,9,202.5027,229.2290,3,88.4444,0.0000,3,63
3,9,206.3693,290.4064,3,97.5556,0.0000,3,79
3,9,311.5062,282.3002,3,97.7778,0.0000,3,71
3,9,252.1756,195.2225,3,26.1111,0.0000,3,21
3,9,307.0719,222.0321,3,172.4444,0.0000,3,124
3,9,177.2218,246.2626,3,83.7778,0.0000,3,61
3,9,179.1561,277.2902,3,86.8889,0.0000,3,60
3,9,304.1759,192.1726,3,78.8889,0.0000,3,56
3,9,336.3295,265.2622,3,66.0000,0.0000,3,52
3,9,199.2906,198.4852,3,9.2222,0.0000,3,8
3,9,314.2482,312.3596,3,72.7778,0.0000,3,55
3,9,277.1118,178.2135,3,11.3333,0.0000,3,9
3,9,289.5344,330.1231,3,78.7778,0.0000,3,52
3,9,209.0461,322.0457,3,67.2222,0.0000,3,47
3,9,334.3656,234.5477,3,133.0000,0.0000,3,97
3,9,224.3000,181.4104,3,7.7778,0.0000,3,5
3,9,236.3256,335.0076,3,53.7778,0.0000,3,38
3,9,174.4040,216.2500,3,10.7778,0.0000,3,8
3,9,331.4830,204.5015,3,139.2222,0.0000,3,108
3,9,181.3500,308.1337,3,82.5556,0.0000,3,60
3,9,339.3778,295.4978,3,98.4444,0.0000,3,82
3,9,249.3016,164.2023,3,7.4444,0.0000,3,5
3,9,264.4541,348.0462,3,116.1111,0.0000,3,82
3,9,152.1992,263.5061,3,65.8889,0.0000,3,47
3,9,361.0707,248.2951,3,101.3333,0.0000,3,73
3,9,302.0185,161.1953,3,15.4444,0.0000,3,10
3,9,211.2093,352.4116,3,106.3333,0.0000,3,79
3,9,317.1647,343.2070,3,69.5556,0.0000,3,50
3,9,150.1732,233.1693,3,5.6667,0.0000,3,4
3,9,154.1038,294.2489,3,89.7778,0.0000,3,60
3,9,183.4896,338.2068,3,37.1111,0.0000,3,28
3,9,329.3493,174.0766,3,11.6667,0.0000,3,7
3,9,359.1292,217.6081,3,61.0000,0.0000,3,43
3,9,341.5312,325.4835,3,48.4444,0.0000,3,36
3,9,239.1603,365.2812,3,41.0000,0.0000,3,32
3,9,363.5696,279.0357,3,29.1111,0.0000,3,20
3,9,292.1271,360.4100,3,36.2222,0.0000,3,27
3,9,356.2196,188.0887,3,35.8889,0.0000,3,24
3,9,156.3033,325.1974,3,69.4444,0.0000,3,52
3,9,366.4750,309.0995,3,47.0000,0.0000,3,36
3,9,267.0621,378.2405,3,44.0000,0.0000,3,32
3,9,386.3849,230.5343,3,42.2222,0.0000,3,31
3,9,186.4483,369.2524,3,24.1111,0.0000,3,19
3,9,214.3276,382.1446,3,28.7778,0.0000,3,22
3,9,389.1946,261.2539,3,37.4444,0.0000,3,25
3,9,319.1570,374.1734,3,35.6667,0.0000,3,25
3,9,344.2325,357.2181,3,24.6667,0.0000,3,16
3,9,130.1936,311.3207,3,76.8889,0.0000,3,52
3,9,383.3641,201.0321,3,40.4444,0.0000,3,31
3,9,159.2960,355.3959,3,34.8889,0.0000,3,27
3,9,241.5473,395.2493,3,29.8889,0.0000,3,19
3,9,294.3499,390.4849,3,38.6667,0.0000,3,31
3,9,391.4795,291.2591,3,26.4444,0.0000,3,21
3,9,369.3261,339.4242,3,26.8889,0.0000,3,19
3,9,131.3983,342.2863,3,75.4444,0.0000,3,53
3,9,394.1806,322.0638,3,31.7778,0.0000,3,23
3,9,269.0516,408.4958,3,38.3333,0.0000,3,27
3,9,189.5789,398.5755,3,37.2222,0.0000,3,24
3,9,414.4256,244.2248,3,32.0000,0.0000,3,24
3,9,410.4315,213.3776,3,8.3333,0.0000,3,9
3,9,347.1000,388.0357,3,32.3333,0.0000,3,21
3,9,416.1218,274.1819,3,35.8889,0.0000,3,24
3,9,161.2278,386.2661,3,34.1111,0.0000,3,23
3,9,216.4736,412.4528,3,23.8889,0.0000,3,20
3,9,372.1289,369.3498,3,17.6667,0.0000,3,12
3,9,322.2015,404.1546,3,10.1111,0.0000,3,8
3,9,134.2287,372.4592,3,45.3333,0.0000,3,30
3,9,396.4270,352.4258,3,23.1111,0.0000,3,18
3,9,419.0881,305.1906,3,43.0000,0.0000,3,28
3,9,243.3036,426.4846,3,18.7778,0.0000,3,14
3,9,231.5747,87.1638,3,31.3333,0.0000,3,19
3,9,296.3916,422.4914,3,16.5556,0.0000,3,14
3,9,285.0096,83.1326,3,19.5556,0.0000,3,12
4,9,256.1881,256.1351,3,195.5556,0.0000,3,189
4,9,229.4209,242.2614,3,183.2222,0.0000,3,140
4,9,284.1618,268.4305,3,197.1111,0.0000,3,158
4,9,281.5165,238.6377,3,184.1111,0.0000,3,124
4,9,231.4562,273.5298,3,133.5556,0.0000,3,102
4,9,254.4694,225.3080,3,81.3333,0.0000,3,66
4,9,259.4079,287.0011,3,153.7778,0.0000,3,113
4,9,308.3814,252.1606,3,196.7778,0.0000,3,154
4,9,279.3915,209.0912,3,206.3333,0.0000,3,161
4,9,227.3916,212.3414,3,67.4444,0.0000,3,55
4,9,287.0747,299.3353,3,179.0000,0.0000,3,134
4,9,203.4843,260.0328,3,209.4444,0.0000,3,171
4,9,233.4977,305.1873,3,203.5556,0.0000,3,166
4,9,262.2671,316.4339,3,89.2222,0.0000,3,71
4,9,202.5027,229.2290,3,88.4444,0.0000,3,63
4,9,206.3693,290.4064,3,97.5556,0.0000,3,79
4,9,311.5062,282.3002,3,97.7778,0.0000,3,71
4,9,252.1756,195.2225,3,26.1111,0.0000,3,21
4,9,307.0719,222.0321,3,172.4444,0.0000,3,124
4,9,177.2218,246.2626,3,83.7778,0.0000,3,61
4,9,179.1561,277.2902,3,86.8889,0.0000,3,60
4,9,304.1759,192.1726,3,78.8889,0.0000,3,56
4,9,336.3295,265.2622,3,66.0000,0.0000,3,52
4,9,199.2906,198.4852,3,9.2222,0.0000,3,8
4,9,314.2482,312.3596,3,72.7778,0.0000,3,55
4,9,277.1118,178.2135,3,11.3333,0.0000,3,9
4,9,289.5344,330.1231,3,78.7778,0.0000,3,52
4,9,209.0461,322.0457,3,67.2222,0.0000,3,47
4,9,334.3656,234.5477,3,133.0000,0.0000,3,97
4,9,224.3000,181.4104,3,7.7778,0.0000,3,5
4,9,236.3256,335.0076,3,53.7778,0.0000,3,38
4,9,174.4040,216.2500,3,10.7778,0.0000,3,8
4,9,331.4830,204.5015,3,139.2222,0.0000,3,108
4,9,181.3500,308.1337,3,82.5556,0.0000,3,60
4,9,339.3778,295.4978,3,98.4444,0.0000,3,82
4,9,249.3016,164.2023,3,7.4444,0.0000,3,5
4,9,264.4541,348.0462,3,116.1111,0.0000,3,82
4,9,152.1992,263.5061,3,65.8889,0.0000,3,47
4,9,361.0707,248.2951,3,101.3333,0.0000,3,73
4,9,302.0185,161.1953,3,15.4444,0.0000,3,10
4,9,211.2093,352.4116,3,106.3333,0.0000,3,79
4,9,317.1647,343.2070,3,69.5556,0.0000,3,50
4,9,150.1732,233.1693,3,5.6667,0.0000,3,4
4,9,154.1038,294.2489,3,89.7778,0.0000,3,60
4,9,183.4896,338.2068,3,37.1111,0.0000,3,28
4,9,329.3493,174.0766,3,11.6667,0.0000,3,7
4,9,359.1292,217.6081,3,61.0000,0.0000,3,43
4,9,341.5312,325.4835,3,48.4444,0.0000,3,36
4,9,239.1603,365.2812,3,41.0000,0.0000,3,32
4,9,363.5696,279.0357,3,29.1111,0.0000,3,20
4,9,292.1271,360.4100,3,36.2222,0.0000,3,27
4,9,356.2196,188.0887,3,35.8889,0.0000,3,24
4,9,156.3033,325.1974,3,69.4444,0.0000,3,52
4,9,366.4750,309.0995,3,47.0000,0.0000,3,36
4,9,267.0621,378.2405,3,44.0000,0.0000,3,32
4,9,386.3849,230.5343,3,42.2222,0.0000,3,31
4,9,186.4483,369.2524,3,24.1111,0.0000,3,19
4,9,214.3276,382.1446,3,28.7778,0.0000,3,22
4,9,389.1946,261.2539,3,37.4444,0.0000,3,25
4,9,319.1570,374.1734,3,35.6667,0.0000,3,25
4,9,344.2325,357.2181,3,24.6667,0.0000,3,16
4,9,130.1936,311.3207,3,76.8889,0.0000,3,52
4,9,383.3641,201.0321,3,40.4444,0.0000,3,31
4,9,159.2960,355.3959,3,34.8889,0.0000,3,27
4,9,241.5473,395.2493,3,29.8889,0.0000,3,19
4,9,294.3499,390.4849,3,38.6667,0.0000,3,31
4,9,391.4795,291.2591,3,26.4444,0.0000,3,21
4,9,369.3261,339.4242,3,26.8889,0.0000,3,19
4,9,131.3983,342.2863,3,75.4444,0.0000,3,53
4,9,394.1806,322.0638,3,31.7778,0.0000,3,23
4,9,269.0516,408.4958,3,38.3333,0.0000,3,27
4,9,189.5789,398.5755,3,37.2222,0.0000,3,24
4,9,414.4256,244.2248,3,32.0000,0.0000,3,24
4,9,410.4315,213.3776,3,8.3333,0.0000,3,9
4,9,347.1000,388.0357,3,32.3333,0.0000,3,21
4,9,416.1218,274.1819,3,35.8889,0.0000,3,24
4,9,161.2278,386.2661,3,34.1111,0.0000,3,23
4,9,216.4736,412.4528,3,23.8889,0.0000,3,20
4,9,372.1289,369.3498,3,17.6667,0.0000,3,12
4,9,322.2015,404.1546,3,10.1111,0.0000,3,8
4,9,134.2287,372.4592,3,45.3333,0.0000,3,30
4,9,396.4270,352.4258,3,23.1111,0.0000,3,18
4,9,419.0881,305.1906,3,43.0000,0.0000,3,28
4,9,243.3036,426.4846,3,18.7778,0.0000,3,14
4,9,231.5747,87.1638,3,31.3333,0.0000,3,19
4,9,296.3916,422.4914,3,16.5556,0.0000,3,14
4,9,285.0096,83.1326,3,19.5556,0.0000,3,12
5,9,256.1881,256.1351,3,195.5556,0.0000,3,189
5,9,229.4209,242.2614,3,183.2222,0.0000,3,140
5,9,284.1618,268.4305,3,197.1111,0.0000,3,158
5,9,281.5165,238.6377,3,184.1111,0.0000,3,124
5,9,231.4562,273.5298,3,133.5556,0.0000,3,102
5,9,254.4694,225.3080,3,81.3333,0.0000,3,66
5,9,259.4079,287.0011,3,153.7778,0.0000,3,113
5,9,308.3814,252.1606,3,196.7778,0.0000,3,154
5,9,279.3915,209.0912,3,206.3333,0.0000,3,161
5,9,227.3916,212.3414,3,67.4444,0.0000,3,55
5,9,287.0747,299.3353,3,179.0000,0.0000,3,134
5,9,203.4843,260.0328,3,209.4444,0.0000,3,171
5,9,233.4977,305.1873,3,203.5556,0.0000,3,166
5,9,262.2671,316.4339,3,89.2222,0.0000,3,71
5,9,202.5027,229.2290,3,88.4444,0.0000,3,63
5,9,206.3693,290.4064,3,97.5556,0.0000,3,79
5,9,311.5062,282.3002,3,97.7778,0.0000,3,71
5,9,252.1756,195.2225,3,26.1111,0.0000,3,21
5,9,307.0719,222.0321,3,172.4444,0.0000,3,124
5,9,177.2218,246.2626,3,83.7778,0.0000,3,61
5,9,179.1561,277.2902,3,86.8889,0.0000,3,60
5,9,304.1759,192.1726,3,78.8889,0.0000,3,56
5,9,336.3295,265.2622,3,66.0000,0.0000,3,52
5,9,199.2906,198.4852,3,9.2222,0.0000,3,8
5,9,314.2482,312.3596,3,72.7778,0.0000,3,55
5,9,277.1118,178.2135,3,11.3333,0.0000,3,9
5,9,289.5344,330.1231,3,78.7778,0.0000,3,52
5,9,209.0461,322.0457,3,67.2222,0.0000,3,47
5,9,334.3656,234.5477,3,133.0000,0.0000,3,97
5,9,224.3000,181.4104,3,7.7778,0.0000,3,5
5,9,236.3256,335.0076,3,53.7778,0.0000,3,38
5,9,174.4040,216.2500,3,10.7778,0.0000,3,8
5,9,331.4830,204.5015,3,139.2222,0.0000,3,108
5,9,181.3500,308.1337,3,82.5556,0.0000,3,60
5,9,339.3778,295.4978,3,98.4444,0.0000,3,82
5,9,249.3016,164.2023,3,7.4444,0.0000,3,5
5,9,264.4541,348.0462,3,116.1111,0.0000,3,82
5,9,152.1992,263.5061,3,65.8889,0.0000,3,47
5,9,361.0707,248.2951,3,101.3333,0.0000,3,73
5,9,302.0185,161.1953,3,15.4444,0.0000,3,10
5,9,211.2093,352.4116,3,106.3333,0.0000,3,79
5,9,317.1647,343.2070,3,69.5556,0.0000,3,50
5,9,150.1732,233.1693,3,5.6667,0.0000,3,4
5,9,154.1038,294.2489,3,89.7778,0.0000,3,60
5,9,183.4896,338.2068,3,37.1111,0.0000,3,28
5,9,329.3493,174.0766,3,11.6667,0.0000,3,7
5,9,359.1292,217.6081,3,61.0000,0.0000,3,43
5,9,341.5312,325.4835,3,48.4444,0.0000,3,36
5,9,239.1603,365.2812,3,41.0000,0.0000,3,32
5,9,363.5696,279.0357,3,29.1111,0.0000,3,20
5,9,292.1271,360.4100,3,36.2222,0.0000,3,27
5,9,356.2196,188.0887,3,35.8889,0.0000,3,24
5,9,156.3033,325.1974,3,69.4444,0.0000,3,52
5,9,366.4750,309.0995,3,47.0000,0.0000,3,36
5,9,267.0621,378.2405,3,44.0000,0.0000,3,32
5,9,386.3849,230.5343,3,42.2222,0.0000,3,31
5,9,186.4483,369.2524,3,24.1111,0.0000,3,19
5,9,214.3276,382.1446,3,28.7778,0.0000,3,22
5,9,389.1946,261.2539,3,37.4444,0.0000,3,25
5,9,319.1570,374.1734,3,35.6667,0.0000,3,25
5,9,344.2325,357.2181,3,24.6667,0.0000,3,16
5,9,130.1936,311.3207,3,76.8889,0.0000,3,52
5,9,383.3641,201.0321,3,40.4444,0.0000,3,31
5,9,159.2960,355.3959,3,34.8889,0.0000,3,27
5,9,241.5473,395.2493,3,29.8889,0.0000,3,19
5,9,294.3499,390.4849,3,38.6667,0.0000,3,31
5,9,391.4795,291.2591,3,26.4444,0.0000,3,21
5,9,369.3261,339.4242,3,26.8889,0.0000,3,19
5,9,131.3983,342.2863,3,75.4444,0.0000,3,53
5,9,394.1806,322.0638,3,31.7778,0.0000,3,23
5,9,269.0516,408.4958,3,38.3333,0.0000,3,27
5,9,189.5789,398.5755,3,37.2222,0.0000,3,24
5,9,414.4256,244.2248,3,32.0000,0.0000,3,24
5,9,410.4315,213.3776,3,8.3333,0.0000,3,9
5,9,347.1000,388.0357,3,32.3333,0.0000,3,21
5,9,416.1218,274.1819,3,35.8889,0.0000,3,24
5,9,161.2278,386.2661,3,34.1111,0.0000,3,23
5,9,216.4736,412.4528,3,23.8889,0.0000,3,20
5,9,372.1289,369.3498,3,17.6667,0.0000,3,12
5,9,322.2015,404.1546,3,10.1111,0.0000,3,8
5,9,134.2287,372.4592,3,45.3333,0.0000,3,30
5,9,396.4270,352.4258,3,23.1111,0.0000,3,18
5,9,419.0881,305.1906,3,43.0000,0.0000,3,28
5,9,243.3036,426.4846,3,18.7778,0.0000,3,14
5,9,231.5747,87.1638,3,31.3333,0.0000,3,19
5,9,296.3916,422.4914,3,16.5556,0.0000,3,14
5,9,285.0096,83.1326,3,19.5556,0.0000,3,12
6,9,256.1881,256.1351,3,195.5556,0.0000,3,189
6,9,229.4209,242.2614,3,183.2222,0.0000,3,140
6,9,284.1618,268.4305,3,197.1111,0.0000,3,158
6,9,281.5165,238.6377,3,184.1111,0.0000,3,124
6,9,231.4562,273.5298,3,133.5556,0.0000,3,102
6,9,254.4694,225.3080,3,81.3333,0.0000,3,66
6,9,259.4079,287.0011,3,153.7778,0.0000,3,113
6,9,308.3814,252.1606,3,196.7778,0.0000,3,154
6,9,279.3915,209.0912,3,206.3333,0.0000,3,161
6,9,227.3916,212.3414,3,67.4444,0.0000,3,55
6,9,287.0747,299.3353,3,179.0000,0.0000,3,134
6,9,203.4843,260.0328,3,209.4444,0.0000,3,171
6,9,233.4977,305.1873,3,203.5556,0.0000,3,166
6,9,262.2671,316.4339,3,89.2222,0.0000,3,71
6,9,202.5027,229.2290,3,88.4444,0.0000,3,63
6,9,206.3693,290.4064,3,97.5556,0.0000,3,79
6,9,311.5062,282.3002,3,97.7778,0.0000,3,71
6,9,252.1756,195.2225,3,26.1111,0.0000,3,21
6,9,307.0719,222.0321,3,172.4444,0.0000,3,124
6,9,177.2218,246.2626,3,83.7778,0.0000,3,61
6,9,179.1561,277.2902,3,86.8889,0.0000,3,60
6,9,304.1759,192.1726,3,78.8889,0.0000,3,56
6,9,336.3295,265.2622,3,66.0000,0.0000,3,52
6,9,199.2906,198.4852,3,9.2222,0.0000,3,8
6,9,314.2482,312.3596,3,72.7778,0.0000,3,55
6,9,277.1118,178.2135,3,11.3333,0.0000,3,9
6,9,289.5344,330.1231,3,78.7778,0.0000,3,52
6,9,209.0461,322.0457,3,67.2222,0.0000,3,47
6,9,334.3656,234.5477,3,133.0000,0.0000,3,97
6,9,224.3000,181.4104,3,7.7778,0.0000,3,5
6,9,236.3256,335.0076,3,53.7778,0.0000,3,38
6,9,174.4040,216.2500,3,10.7778,0.0000,3,8
6,9,331.4830,204.5015,3,139.2222,0.0000,3,108
6,9,181.3500,308.1337,3,82.5556,0.0000,3,60
6,9,339.3778,295.4978,3,98.4444,0.0000,3,82
6,9,249.3016,164.2023,3,7.4444,0.0000,3,5
6,9,264.4541,348.0462,3,116.1111,0.0000,3,82
6,9,152.1992,263.5061,3,65.8889,0.0000,3,47
6,9,361.0707,248.2951,3,101.3333,0.0000,3,73
6,9,302.0185,161.1953,3,15.4444,0.0000,3,10
6,9,211.2093,352.4116,3,106.3333,0.0000,3,79
6,9,317.1647,343.2070,3,69.5556,0.0000,3,50
6,9,150.1732,233.1693,3,5.6667,0.0000,3,4
6,9,154.1038,294.2489,3,89.7778,0.0000,3,60
6,9,183.4896,338.2068,3,37.1111,0.0000,3,28
6,9,329.3493,174.0766,3,11.6667,0.0000,3,7
6,9,359.1292,217.6081,3,61.0000,0.0000,3,43
6,9,341.5312,325.4835,3,48.4444,0.0000,3,36
6,9,239.1603,365.2812,3,41.0000,0.0000,3,32
6,9,363.5696,279.0357,3,29.1111,0.0000,3,20
6,9,292.1271,360.4100,3,36.2222,0.0000,3,27
6,9,356.2196,188.0887,3,35.8889,0.0000,3,24
6,9,156.3033,325.1974,3,69.4444,0.0000,3,52
6,9,366.4750,309.0995,3,47.0000,0.0000,3,36
6,9,267.0621,378.2405,3,44.0000,0.0000,3,32
6,9,386.3849,230.5343,3,42.2222,0.0000,3,31
6,9,186.4483,369.2524,3,24.1111,0.0000,3,19
6,9,214.3276,382.1446,3,28.7778,0.0000,3,22
6,9,389.1946,261.2539,3,37.4444,0.0000,3,25
6,9,319.1570,374.1734,3,35.6667,0.0000,3,25
6,9,344.2325,357.2181,3,24.6667,0.0000,3,16
6,9,130.1936,311.3207,3,76.8889,0.0000,3,52
6,9,383.3641,201.0321,3,40.4444,0.0000,3,31
6,9,159.2960,355.3959,3,34.8889,0.0000,3,27
6,9,241.5473,395.2493,3,29.8889,0.0000,3,19
6,9,294.3499,390.4849,3,38.6667,0.0000,3,31
6,9,391.4795,291.2591,3,26.4444,0.0000,3,21
6,9,369.3261,339.4242,3,26.8889,0.0000,3,19
6,9,131.3983,342.2863,3,75.4444,0.0000,3,53
6,9,394.1806,322.0638,3,31.7778,0.0000,3,23
6,9,269.0516,408.4958,3,38.3333,0.0000,3,27
6,9,189.5789,398.5755,3,37.2222,0.0000,3,24
6,9,414.4256,244.2248,3,32.0000,0.0000,3,24
6,9,410.4315,213.3776,3,8.3333,0.0000,3,9
6,9,347.1000,388.0357,3,32.3333,0.0000,3,21
6,9,416.1218,274.1819,3,35.8889,0.0000,3,24
6,9,161.2278,386.2661,3,34.1111,0.0000,3,23
6,9,216.4736,412.4528,3,23.8889,0.0000,3,20
6,9,372.1289,369.3498,3,17.6667,0.0000,3,12
6,9,322.2015,404.1546,3,10.1111,0.0000,3,8
6,9,134.2287,372.4592,3,45.3333,0.0000,3,30
6,9,396.4270,352.4258,3,23.1111,0.0000,3,18
6,9,419.0881,305.1906,3,43.0000,0.0000,3,28
6,9,243.3036,426.4846,3,18.7778,0.0000,3,14
6,9,231.5747,87.1638,3,31.3333,0.0000,3,19
6,9,296.3916,422.4914,3,16.5556,0.0000,3,14
6,9,285.0096,83.1326,3,19.5556,0.0000,3,12
7,9,256.1881,256.1351,3,195.5556,0.0000,3,189
7,9,229.4209,242.2614,3,183.2222,0.0000,3,140
7,9,284.1618,268.4305,3,197.1111,0.0000,3,158
7,9,281.5165,238.6377,3,184.1111,0.0000,3,124
7,9,231.4562,273.5298,3,133.5556,0.0000,3,102
7,9,254.4694,225.3080,3,81.3333,0.0000,3,66
7,9,259.4079,287.0011,3,153.7778,0.0000,3,113
7,9,308.3814,252.1606,3,196.7778,0.0000,3,154
7,9,279.3915,209.0912,3,206.3333,0.0000,3,161
7,9,227.3916,212.3414,3,67.4444,0.0000,3,55
7,9,287.0747,299.3353,3,179.0000,0.0000,3,134
7,9,203.4843,260.0328,3,209.4444,0.0000,3,171
7,9,233.4977,305.1873,3,203.5556,0.0000,3,166
7,9,262.2671,316.4339,3,89.2222,0.0000,3,71
7,9,202.5027,229.2290,3,88.4444,0.0000,3,63
7,9,206.3693,290.4064,3,97.5556,0.0000,3,79
7,9,311.5062,282.3002,3,97.7778,0.0000,3,71
7,9,252.1756,195.2225,3,26.1111,0.0000,3,21
7,9,307.0719,222.0321,3,172.4444,0.0000,3,124
7,9,177.2218,246.2626,3,83.7778,0.0000,3,61
7,9,179.1561,277.2902,3,86.8889,0.0000,3,60
7,9,304.1759,192.1726,3,78.8889,0.0000,3,56
7,9,336.3295,265.2622,3,66.0000,0.0000,3,52
7,9,199.2906,198.4852,3,9.2222,0.0000,3,8
7,9,314.2482,312.3596,3,72.7778,0.0000,3,55
7,9,277.1118,178.2135,3,11.3333,0.0000,3,9
7,9,289.5344,330.1231,3,78.7778,0.0000,3,52
7,9,209.0461,322.0457,3,67.2222,0.0000,3,47
7,9,334.3656,234.5477,3,133.0000,0.0000,3,97
7,9,224.3000,181.4104,3,7.7778,0.0000,3,5
7,9,236.3256,335.0076,3,53.7778,0.0000,3,38
7,9,174.4040,216.2500,3,10.7778,0.0000,3,8
7,9,331.4830,204.5015,3,139.2222,0.0000,3,108
7,9,181.3500,308.1337,3,82.5556,0.0000,3,60
7,9,339.3778,295.4978,3,98.4444,0.0000,3,82
7,9,249.3016,164.2023,3,7.4444,0.0000,3,5
7,9,264.4541,348.0462,3,116.1111,0.0000,3,82
7,9,152.1992,263.5061,3,65.8889,0.0000,3,47
7,9,361.0707,248.2951,3,101.3333,0.0000,3,73
7,9,302.0185,161.1953,3,15.4444,0.0000,3,10
7,9,211.2093,352.4116,3,106.3333,0.0000,3,79
7,9,317.1647,343.2070,3,69.5556,0.0000,3,50
7,9,150.1732,233.1693,3,5.6667,0.0000,3,4
7,9,154.1038,294.2489,3,89.7778,0.0000,3,60
7,9,183.4896,338.2068,3,37.1111,0.0000,3,28
7,9,329.3493,174.0766,3,11.6667,0.0000,3,7
7,9,359.1292,217.6081,3,61.0000,0.0000,3,43
7,9,341.5312,325.4835,3,48.4444,0.0000,3,36
7,9,239.1603,365.2812,3,41.0000,0.0000,3,32
7,9,363.5696,279.0357,3,29.1111,0.0000,3,20
7,9,292.1271,360.4100,3,36.2222,0.0000,3,27
7,9,356.2196,188.0887,3,35.8889,0.0000,3,24
7,9,156.3033,325.1974,3,69.4444,0.0000,3,52
7,9,366.4750,309.0995,3,47.0000,0.0000,3,36
7,9,267.0621,378.2405,3,44.0000,0.0000,3,32
7,9,386.3849,230.5343,3,42.2222,0.0000,3,31
7,9,186.4483,369.2524,3,24.1111,0.0000,3,19
7,9,214.3276,382.1446,3,28.7778,0.0000,3,22
7,9,389.1946,261.2539,3,37.4444,0.0000,3,25
7,9,319.1570,374.1734,3,35.6667,0.0000,3,25
7,9,344.2325,357.2181,3,24.6667,0.0000,3,16
7,9,130.1936,311.3207,3,76.8889,0.0000,3,52
7,9,383.3641,201.0321,3,40.4444,0.0000,3,31
7,9,159.2960,355.3959,3,34.8889,0.0000,3,27
7,9,241.5473,395.2493,3,29.8889,0.0000,3,19
7,9,294.3499,390.4849,3,38.6667,0.0000,3,31
7,9,391.4795,291.2591,3,26.4444,0.0000,3,21
7,9,369.3261,339.4242,3,26.8889,0.0000,3,19
7,9,131.3983,342.2863,3,75.4444,0.0000,3,53
7,9,394.1806,322.0638,3,31.7778,0.0000,3,23
7,9,269.0516,408.4958,3,38.3333,0.0000,3,27
7,9,189.5789,398.5755,3,37.2222,0.0000,3,24
7,9,414.4256,244.2248,3,32.0000,0.0000,3,24
7,9,410.4315,213.3776,3,8.3333,0.0000,3,9
7,9,347.1000,388.0357,3,32.3333,0.0000,3,21
7,9,416.1218,274.1819,3,35.8889,0.0000,3,24
7,9,161.2278,386.2661,3,34.1111,0.0000,3,23
7,9,216.4736,412.4528,3,23.8889,0.0000,3,20
7,9,372.1289,369.3498,3,17.6667,0.0000,3,12
7,9,322.2015,404.1546,3,10.1111,0.0000,3,8
7,9,134.2287,372.4592,3,45.3333,0.0000,3,30
7,9,396.4270,352.4258,3,23.1111,0.0000,3,18
7,9,419.0881,305.1906,3,43.0000,0.0000,3,28
7,9,243.3036,426.4846,3,18.7778,0.0000,3,14
7,9,231.5747,87.1638,3,31.3333,0.0000,3,19
7,9,296.3916,422.4914,3,16.5556,0.0000,3,14
7,9,285.0096,83.1326,3,19.5556,0.0000,3,12
8,9,256.1881,256.1351,3,195.5556,0.0000,3,189
8,9,229.4209,242.2614,3,183.2222,0.0000,3,140
8,9,284.1618,268.4305,3,197.1111,0.0000,3,158
8,9,281.5165,238.6377,3,184.1111,0.0000,3,124
8,9,231.4562,273.5298,3,133.5556,0.0000,3,102
8,9,254.4694,225.3080,3,81.3333,0.0000,3,66
8,9,259.4079,287.0011,3,153.7778,0.0000,3,113
8,9,308.3814,252.1606,3,196.7778,0.0000,3,154
8,9,279.3915,209.0912,3,206.3333,0.0000,3,161
8,9,227.3916,212.3414,3,67.4444,0.0000,3,55
8,9,287.0747,299.3353,3,179.0000,0.0000,3,134
8,9,203.4843,260.0328,3,209.4444,0.0000,3,171
8,9,233.4977,305.1873,3,203.5556,0.0000,3,166
8,9,262.2671,316.4339,3,89.2222,0.0000,3,71
8,9,202.5027,229.2290,3,88.4444,0.0000,3,63
8,9,206.3693,290.4064,3,97.5556,0.0000,3,79
8,9,311.5062,282.3002,3,97.7778,0.0000,3,71
8,9,252.1756,195.2225,3,26.1111,0.0000,3,21
8,9,307.0719,222.0321,3,172.4444,0.0000,3,124
8,9,177.2218,246.2626,3,83.7778,0.0000,3,61
8,9,179.1561,277.2902,3,86.8889,0.0000,3,60
8,9,304.1759,192.1726,3,78.8889,0.0000,3,56
8,9,336.3295,265.2622,3,66.0000,0.0000,3,52
8,9,199.2906,198.4852,3,9.2222,0.0000,3,8
8,9,314.2482,312.3596,3,72.7778,0.0000,3,55
8,9,277.1118,178.2135,3,11.3333,0.0000,3,9
8,9,289.5344,330.1231,3,78.7778,0.0000,3,52
8,9,209.0461,322.0457,3,67.2222,0.0000,3,47
8,9,334.3656,234.5477,3,133.0000,0.0000,3,97
8,9,224.3000,181.4104,3,7.7778,0.0000,3,5
8,9,236.3256,335.0076,3,53.7778,0.0000,3,38
8,9,174.4040,216.2500,3,10.7778,0.0000,3,8
8,9,331.4830,204.5015,3,139.2222,0.0000,3,108
8,9,181.3500,308.1337,3,82.5556,0.0000,3,60
8,9,339.3778,295.4978,3,98.4444,0.0000,3,82
8,9,249.3016,164.2023,3,7.4444,0.0000,3,5
8,9,264.4541,348.0462,3,116.1111,0.0000,3,82
8,9,152.1992,263.5061,3,65.8889,0.0000,3,47
8,9,361.0707,248.2951,3,101.3333,0.0000,3,73
8,9,302.0185,161.1953,3,15.4444,0.0000,3,10
8,9,211.2093,352.4116,3,106.3333,0.0000,3,79
8,9,317.1647,343.2070,3,69.5556,0.0000,3,50
8,9,150.1732,233.1693,3,5.6667,0.0000,3,4
8,9,154.1038,294.2489,3,89.7778,0.0000,3,60
8,9,183.4896,338.2068,3,37.1111,0.0000,3,28
8,9,329.3493,174.0766,3,11.6667,0.0000,3,7
8,9,359.1292,217.6081,3,61.0000,0.0000,3,43
8,9,341.5312,325.4835,3,48.4444,0.0000,3,36
8,9,239.1603,365.2812,3,41.0000,0.0000,3,32
8,9,363.5696,279.0357,3,29.1111,0.0000,3,20
8,9,292.1271,360.4100,3,36.2222,0.0000,3,27
8,9,356.2196,188.0887,3,35.8889,0.0000,3,24
8,9,156.3033,325.1974,3,69.4444,0.0000,3,52
8,9,366.4750,309.0995,3,47.0000,0.0000,3,36
8,9,267.0621,378.2405,3,44.0000,0.0000,3,32
8,9,386.3849,230.5343,3,42.2222,0.0000,3,31
8,9,186.4483,369.2524,3,24.1111,0.0000,3,19
8,9,214.3276,382.1446,3,28.7778,0.0000,3,22
8,9,389.1946,261.2539,3,37.4444,0.0000,3,25
8,9,319.1570,374.1734,3,35.6667,0.0000,3,25
8,9,344.2325,357.2181,3,24.6667,0.0000,3,16
8,9,130.1936,311.3207,3,76.8889,0.0000,3,52
8,9,383.3641,201.0321,3,40.4444,0.0000,3,31
8,9,159.2960,355.3959,3,34.8889,0.0000,3,27
8,9,241.5473,395.2493,3,29.8889,0.0000,3,19
8,9,294.3499,390.4849,3,38.6667,0.0000,3,31
8,9,391.4795,291.2591,3,26.4444,0.0000,3,21
8,9,369.3261,339.4242,3,26.8889,0.0000,3,19
8,9,131.3983,342.2863,3,75.4444,0.0000,3,53
8,9,394.1806,322.0638,3,31.7778,0.0000,3,23
8,9,269.0516,408.4958,3,38.3333,0.0000,3,27
8,9,189.5789,398.5755,3,37.2222,0.0000,3,24
8,9,414.4256,244.2248,3,32.0000,0.0000,3,24
8,9,410.4315,213.3776,3,8.3333,0.0000,3,9
8,9,347.1000,388.0357,3,32.3333,0.0000,3,21
8,9,416.1218,274.1819,3,35.8889,0.0000,3,24
8,9,161.2278,386.2661,3,34.1111,0.0000,3,23
8,9,216.4736,412.4528,3,23.8889,0.0000,3,20
8,9,372.1289,369.3498,3,17.6667,0.0000,3,12
8,9,322.2015,404.1546,3,10.1111,0.0000,3,8
8,9,134.2287,372.4592,3,45.3333,0.0000,3,30
8,9,396.4270,352.4258,3,23.1111,0.0000,3,18
8,9,419.0881,305.1906,3,43.0000,0.0000,3,28
8,9,243.3036,426.4846,3,18.7778,0.0000,3,14
8,9,231.5747,87.1638,3,31.3333,0.0000,3,19
8,9,296.3916,422.4914,3,16.5556,0.0000,3,14
8,9,285.0096,83.1326,3,19.5556,0.0000,3,12
9,9,256.1881,256.1351,3,195.5556,0.0000,3,189
9,9,229.4209,242.2614,3,183.2222,0.0000,3,140
9,9,284.1618,268.4305,3,197.1111,0.0000,3,158
9,9,281.5165,238.6377,3,184.1111,0.0000,3,124
9,9,231.4562,273.5298,3,133.5556,0.0000,3,102
9,9,254.4694,225.3080,3,81.3333,0.0000,3,66
9,9,259.4079,287.0011,3,153.7778,0.0000,3,113
9,9,308.3814,252.1606,3,196.7778,0.0000,3,154
9,9,279.3915,209.0912,3,206.3333,0.0000,3,161
9,9,227.3916,212.3414,3,67.4444,0.0000,3,55
9,9,287.0747,299.3353,3,179.0000,0.0000,3,134
9,9,203.4843,260.0328,3,209.4444,0.0000,3,171
9,9,233.4977,305.1873,3,203.5556,0.0000,3,166
9,9,262.2671,316.4339,3,89.2222,0.0000,3,71
9,9,202.5027,229.2290,3,88.4444,0.0000,3,63
9,9,206.3693,290.4064,3,97.5556,0.0000,3,79
9,9,311.5062,282.3002,3,97.7778,0.0000,3,71
9,9,252.1756,195.2225,3,26.1111,0.0000,3,21
9,9,307.0719,222.0321,3,172.4444,0.0000,3,124
9,9,177.2218,246.2626,3,83.7778,0.0000,3,61
9,9,179.1561,277.2902,3,86.8889,0.0000,3,60
9,9,304.1759,192.1726,3,78.8889,0.0000,3,56
9,9,336.3295,265.2622,3,66.0000,0.0000,3,52
9,9,199.2906,198.4852,3,9.2222,0.0000,3,8
9,9,314.2482,312.3596,3,72.7778,0.0000,3,55
9,9,277.1118,178.2135,3,11.3333,0.0000,3,9
9,9,289.5344,330.1231,3,78.7778,0.0000,3,52
9,9,209.0461,322.0457,3,67.2222,0.0000,3,47
9,9,334.3656,234.5477,3,133.0000,0.0000,3,97
9,9,224.3000,181.4104,3,7.7778,0.0000,3,5
9,9,236.3256,335.0076,3,53.7778,0.0000,3,38
9,9,174.4040,216.2500,3,10.7778,0.0000,3,8
9,9,331.4830,204.5015,3,139.2222,0.0000,3,108
9,9,181.3500,308.1337,3,82.5556,0.0000,3,60
9,9,339.3778,295.4978,3,98.4444,0.0000,3,82
9,9,249.3016,164.2023,3,7.4444,0.0000,3,5
9,9,264.4541,348.0462,3,116.1111,0.0000,3,82
9,9,152.1992,263.5061,3,65.8889,0.0000,3,47
9,9,361.0707,248.2951,3,101.3333,0.0000,3,73
9,9,302.0185,161.1953,3,15.4444,0.0000,3,10
9,9,211.2093,352.4116,3,106.3333,0.0000,3,79
9,9,317.1647,343.2070,3,69.5556,0.0000,3,50
9,9,150.1732,233.1693,3,5.6667,0.0000,3,4
9,9,154.1038,294.2489,3,89.7778,0.0000,3,60
9,9,183.4896,338.2068,3,37.1111,0.0000,3,28
9,9,329.3493,174.0766,3,11.6667,0.0000,3,7
9,9,359.1292,217.6081,3,61.0000,0.0000,3,43
9,9,341.5312,325.4835,3,48.4444,0.0000,3,36
9,9,239.1603,365.2812,3,41.0000,0.0000,3,32
9,9,363.5696,279.0357,3,29.1111,0.0000,3,20
9,9,292.1271,360.4100,3,36.2222,0.0000,3,27
9,9,356.2196,188.0887,3,35.8889,0.0000,3,24
9,9,156.3033,325.1974,3,69.4444,0.0000,3,52
9,9,366.4750,309.0995,3,47.0000,0.0000,3,36
9,9,267.0621,378.2405,3,44.0000,0.0000,3,32
9,9,386.3849,230.5343,3,42.2222,0.0000,3,31
9,9,186.4483,369.2524,3,24.1111,0.0000,3,19
9,9,214.3276,382.1446,3,28.7778,0.0000,3,22
9,9,389.1946,261.2539,3,37.4444,0.0000,3,25
9,9,319.1570,374.1734,3,35.6667,0.0000,3,25
9,9,344.2325,357.2181,3,24.6667,0.0000,3,16
9,9,130.1936,311.3207,3,76.8889,0.0000,3,52
9,9,383.3641,201.0321,3,40.4444,0.0000,3,31
9,9,159.2960,355.3959,3,34.8889,0.0000,3,27
9,9,241.5473,395.2493,3,29.8889,0.0000,3,19
9,9,294.3499,390.4849,3,38.6667,0.0000,3,31
9,9,391.4795,291.2591,3,26.4444,0.0000,3,21
9,9,369.3261,339.4242,3,26.8889,0.0000,3,19
9,9,131.3983,342.2863,3,75.4444,0.0000,3,53
9,9,394.1806,322.0638,3,31.7778,0.0000,3,23
9,9,269.0516,408.4958,3,38.3333,0.0000,3,27
9,9,189.5789,398.5755,3,37.2222,0.0000,3,24
9,9,414.4256,244.2248,3,32.0000,0.0000,3,24
9,9,410.4315,213.3776,3,8.3333,0.0000,3,9
9,9,347.1000,388.0357,3,32.3333,0.0000,3,21
9,9,416.1218,274.1819,3,35.8889,0.0000,3,24
9,9,161.2278,386.2661,3,34.1111,0.0000,3,23
9,9,216.4736,412.4528,3,23.8889,0.0000,3,20
9,9,372.1289,369.3498,3,17.6667,0.0000,3,12
9,9,322.2015,404.1546,3,10.1111,0.0000,3,8
9,9,134.2287,372.4592,3,45.3333,0.0000,3,30
9,9,396.4270,352.4258,3,23.1111,0.0000,3,18
9,9,419.0881,305.1906,3,43.0000,0.0000,3,28
9,9,243.3036,426.4846,3,18.7778,0.0000,3,14
9,9,231.5747,87.1638,3,31.3333,0.0000,3,19
9,9,296.3916,422.4914,3,16.5556,0.0000,3,14
9,9,285.0096,83.1326,3,19.5556,0.0000,3,12
10,9,256.1881,256.1351,3,195.5556,0.0000,3,189
10,9,229.4209,242.2614,3,183.2222,0.0000,3,140
10,9,284.1618,268.4305,3,197.1111,0.0000,3,158
10,9,281.5165,238.6377,3,184.1111,0.0000,3,124
10,9,231.4562,273.5298,3,133.5556,0.0000,3,102
10,9,254.4694,225.3080,3,81.3333,0.0000,3,66
10,9,259.4079,287.0011,3,153.7778,0.0000,3,113
10,9,308.3814,252.1606,3,196.7778,0.0000,3,154
10,9,279.3915,209.0912,3,206.3333,0.0000,3,161
10,9,227.3916,212.3414,3,67.4444,0.0000,3,55
10,9,287.0747,299.3353,3,179.0000,0.0000,3,134
10,9,203.4843,260.0328,3,209.4444,0.0000,3,171
10,9,233.4977,305.1873,3,203.5556,0.0000,3,166
10,9,262.2671,316.4339,3,89.2222,0.0000,3,71
10,9,202.5027,229.2290,3,88.4444,0.0000,3,63
10,9,206.3693,290.4064,3,97.5556,0.0000,3,79
10,9,311.5062,282.3002,3,97.7778,0.0000,3,71
10,9,252.1756,195.2225,3,26.1111,0.0000,3,21
10,9,307.0719,222.0321,3,172.4444,0.0000,3,124
10,9,177.2218,246.2626,3,83.7778,0.0000,3,61
10,9,179.1561,277.2902,3,86.8889,0.0000,3,60
10,9,304.1759,192.1726,3,78.8889,0.0000,3,56
10,9,336.3295,265.2622,3,66.0000,0.0000,3,52
10,9,199.2906,198.4852,3,9.2222,0.0000,3,8
10,9,314.2482,312.3596,3,72.7778,0.0000,3,55
10,9,277.1118,178.2135,3,11.3333,0.0000,3,9
10,9,289.5344,330.1231,3,78.7778,0.0000,3,52
10,9,209.0461,322.0457,3,67.2222,0.0000,3,47
10,9,334.3656,234.5477,3,133.0000,0.0000,3,97
10,9,224.3000,181.4104,3,7.7778,0.0000,3,5
10,9,236.3256,335.0076,3,53.7778,0.0000,3,38
10,9,174.4040,216.2500,3,10.7778,0.0000,3,8
10,9,331.4830,204.5015,3,139.2222,0.0000,3,108
10,9,181.3500,308.1337,3,82.5556,0.0000,3,60
10,9,339.3778,295.4978,3,98.4444,0.0000,3,82
10,9,249.3016,164.2023,3,7.4444,0.0000,3,5
10,9,264.4541,348.0462,3,116.1111,0.0000,3,82
10,9,152.1992,263.5061,3,65.8889,0.0000,3,47
10,9,361.0707,248.2951,3,101.3333,0.0000,3,73
10,9,302.0185,161.1953,3,15.4444,0.0000,3,10
10,9,211.2093,352.4116,3,106.3333,0.0000,3,79
10,9,317.1647,343.2070,3,69.5556,0.0000,3,50
10,9,150.1732,233.1693,3,5.6667,0.0000,3,4
10,9,154.1038,294.2489,3,89.7778,0.0000,3,60
10,9,183.4896,338.2068,3,37.1111,0.0000,3,28
10,9,329.3493,174.0766,3,11.6667,0.0000,3,7
10,9,359.1292,217.6081,3,61.0000,0.0000,3,43
10,9,341.5312,325.4835,3,48.4444,0.0000,3,36
10,9,239.1603,365.2812,3,41.0000,0.0000,3,32
10,9,363.5696,279.0357,3,29.1111,0.0000,3,20
10,9,292.1271,360.4100,3,36.2222,0.0000,3,27
10,9,356.2196,188.0887,3,35.8889,0.0000,3,24
10,9,156.3033,325.1974,3,69.4444,0.0000,3,52
10,9,366.4750,309.0995,3,47.0000,0.0000,3,36
10,9,267.0621,378.2405,3,44.0000,0.0000,3,32
10,9,386.3849,230.5343,3,42.2222,0.0000,3,31
10,9,186.4483,369.2524,3,24.1111,0.0000,3,19
10,9,214.3276,382.1446,3,28.7778,0.0000,3,22
10,9,389.1946,261.2539,3,37.4444,0.0000,3,25
10,9,319.1570,374.1734,3,35.6667,0.0000,3,25
10,9,344.2325,357.2181,3,24.6667,0.0000,3,16
10,9,130.1936,311.3207,3,76.8889,0.0000,3,52
10,9,383.3641,201.0321,3,40.4444,0.0000,3,31
10,9,159.2960,355.3959,3,34.8889,0.0000,3,27
10,9,241.5473,395.2493,3,29.8889,0.0000,3,19
10,9,294.3499,390.4849,3,38.6667,0.0000,3,31
10,9,391.4795,291.2591,3,26.4444,0.0000,3,21
10,9,369.3261,339.4242,3,26.8889,0.0000,3,19
10,9,131.3983,342.2863,3,75.4444,0.0000,3,53
10,9,394.1806,322.0638,3,31.7778,0.0000,3,23
10,9,269.0516,408.4958,3,38.3333,0.0000,3,27
10,9,189.5789,398.5755,3,37.2222,0.0000,3,24
10,9,414.4256,244.2248,3,32.0000,0.0000,3,24
10,9,410.4315,213.3776,3,8.3333,0.0000,3,9
10,9,347.1000,388.0357,3,32.3333,0.0000,3,21
10,9,416.1218,274.1819,3,35.8889,0.0000,3,24
10,9,161.2278,386.2661,3,34.1111,0.0000,3,23
10,9,216.4736,412.4528,3,23.8889,0.0000,3,20
10,9,372.1289,369.3498,3,17.6667,0.0000,3,12
10,9,322.2015,404.1546,3,10.1111,0.0000,3,8
10,9,134.2287,372.4592,3,45.3333,0.0000,3,30
10,9,396.4270,352.4258,3,23.1111,0.0000,3,18
10,9,419.0881,305.1906,3,43.0000,0.0000,3,28
10,9,243.3036,426.4846,3,18.7778,0.0000,3,14
10,9,231.5747,87.1638,3,31.3333,0.0000,3,19
10,9,296.3916,422.4914,3,16.5556,0.0000,3,14
10,9,285.0096,83.1326,3,19.5556,0.0000,3,12
1,10,256.1881,256.1351,3,195.5556,0.0000,3,189
1,10,229.4209,242.2614,3,183.2222,0.0000,3,140
1,10,284.1618,268.4305,3,197.1111,0.0000,3,158
1,10,281.5165,238.6377,3,184.1111,0.0000,3,124
1,10,231.4562,273.5298,3,133.5556,0.0000,3,102
1,10,254.4694,225.3080,3,81.3333,0.0000,3,66
1,10,259.4079,287.0011,3,153.7778,0.0000,3,113
1,10,308.3814,252.1606,3,196.7778,0.0000,3,154
1,10,279.3915,209.0912,3,206.3333,0.0000,3,161
1,10,227.3916,212.3414,3,67.4444,0.0000,3,55
1,10,287.0747,299.3353,3,179.0000,0.0000,3,134
1,10,203.4843,260.0328,3,209.4444,0.0000,3,171
1,10,233.4977,305.1873,3,203.5556,0.0000,3,166
1,10,262.2671,316.4339,3,89.2222,0.0000,3,71
1,10,202.5027,229.2290,3,88.4444,0.0000,3,63
1,10,206.3693,290.4064,3,97.5556,0.0000,3,79
1,10,311.5062,282.3002,3,97.7778,0.0000,3,71
1,10,252.1756,195.2225,3,26.1111,0.0000,3,21
1,10,307.0719,222.0321,3,172.4444,0.0000,3,124
1,10,177.2218,246.2626,3,83.7778,0.0000,3,61
1,10,179.1561,277.2902,3,86.8889,0.0000,3,60
1,10,304.1759,192.1726,3,78.8889,0.0000,3,56
1,10,336.3295,265.2622,3,66.0000,0.0000,3,52
1,10,199.2906,198.4852,3,9.2222,0.0000,3,8
1,10,314.2482,312.3596,3,72.7778,0.0000,3,55
1,10,277.1118,178.2135,3,11.3333,0.0000,3,9
1,10,289.5344,330.1231,3,78.7778,0.0000,3,52
1,10,209.0461,322.0457,3,67.2222,0.0000,3,47
1,10,334.3656,234.5477,3,133.0000,0.0000,3,97
1,10,224.3000,181.4104,3,7.7778,0.0000,3,5
1,10,236.3256,335.0076,3,53.7778,0.0000,3,38
1,10,174.4040,216.2500,3,10.7778,0.0000,3,8
1,10,331.4830,204.5015,3,139.2222,0.0000,3,108
1,10,181.3500,308.1337,3,82.5556,0.0000,3,60
1,10,339.3778,295.4978,3,98.4444,0.0000,3,82
1,10,249.3016,164.2023,3,7.4444,0.0000,3,5
1,10,264.4541,348.0462,3,116.1111,0.0000,3,82
1,10,152.1992,263.5061,3,65.8889,0.0000,3,47
1,10,361.0707,248.2951,3,101.3333,0.0000,3,73
1,10,302.0185,161.1953,3,15.4444,0.0000,3,10
1,10,211.2093,352.4116,3,106.3333,0.0000,3,79
1,10,317.1647,343.2070,3,69.5556,0.0000,3,50
1,10,150.1732,233.1693,3,5.6667,0.0000,3,4
1,10,154.1038,294.2489,3,89.7778,0.0000,3,60
1,10,183.4896,338.2068,3,37.1111,0.0000,3,28
1,10,329.3493,174.0766,3,11.6667,0.0000,3,7
1,10,359.1292,217.6081,3,61.0000,0.0000,3,43
1,10,341.5312,325.4835,3,48.4444,0.0000,3,36
1,10,239.1603,365.2812,3,41.0000,0.0000,3,32
1,10,363.5696,279.0357,3,29.1111,0.0000,3,20
1,10,292.1271,360.4100,3,36.2222,0.0000,3,27
1,10,356.2196,188.0887,3,35.8889,0.0000,3,24
1,10,156.3033,325.1974,3,69.4444,0.0000,3,52
1,10,366.4750,309.0995,3,47.0000,0.0000,3,36
1,10,267.0621,378.2405,3,44.0000,0.0000,3,32
1,10,386.3849,230.5343,3,42.2222,0.0000,3,31
1,10,186.4483,369.2524,3,24.1111,0.0000,3,19
1,10,214.3276,382.1446,3,28.7778,0.0000,3,22
1,10,389.1946,261.2539,3,37.4444,0.0000,3,25
1,10,319.1570,374.1734,3,35.6667,0.0000,3,25
1,10,344.2325,357.2181,3,24.6667,0.0000,3,16
1,10,130.1936,311.3207,3,76.8889,0.0000,3,52
1,10,383.3641,201.0321,3,40.4444,0.0000,3,31
1,10,159.2960,355.3959,3,34.8889,0.0000,3,27
1,10,241.5473,395.2493,3,29.8889,0.0000,3,19
1,10,294.3499,390.4849,3,38.6667,0.0000,3,31
1,10,391.4795,291.2591,3,26.4444,0.0000,3,21
1,10,369.3261,339.4242,3,26.8889,0.0000,3,19
1,10,131.3983,342.2863,3,75.4444,0.0000,3,53
1,10,394.1806,322.0638,3,31.7778,0.0000,3,23
1,10,269.0516,408.4958,3,38.3333,0.0000,3,27
1,10,189.5789,398.5755,3,37.2222,0.0000,3,24
1,10,414.4256,244.2248,3,32.0000,0.0000,3,24
1,10,410.4315,213.3776,3,8.3333,0.0000,3,9
1,10,347.1000,388.0357,3,32.3333,0.0000,3,21
1,10,416.1218,274.1819,3,35.8889,0.0000,3,24
1,10,161.2278,386.2661,3,34.1111,0.0000,3,23
1,10,216.4736,412.4528,3,23.8889,0.0000,3,20
1,10,372.1289,369.3498,3,17.6667,0.0000,3,12
1,10,322.2015,404.1546,3,10.1111,0.0000,3,8
1,10,134.2287,372.4592,3,45.3333,0.0000,3,30
1,10,396.4270,352.4258,3,23.1111,0.0000,3,18
1,10,419.0881,305.1906,3,43.0000,0.0000,3,28
1,10,243.3036,426.4846,3,18.7778,0.0000,3,14
1,10,231.5747,87.1638,3,31.3333,0.0000,3,19
1,10,296.3916,422.4914,3,16.5556,0.0000,3,14
1,10,285.0096,83.1326,3,19.5556,0.0000,3,12
2,10,256.1881,256.1351,3,195.5556,0.0000,3,189
2,10,229.4209,242.2614,3,183.2222,0.0000,3,140
2,10,284.1618,268.4305,3,197.1111,0.0000,3,158
2,10,281.5165,238.6377,3,184.1111,0.0000,3,124
2,10,231.4562,273.5298,3,133.5556,0.0000,3,102
2,10,254.4694,225.3080,3,81.3333,0.0000,3,66
2,10,259.4079,287.0011,3,153.7778,0.0000,3,113
2,10,308.3814,252.1606,3,196.7778,0.0000,3,154
2,10,279.3915,209.0912,3,206.3333,0.0000,3,161
2,10,227.3916,212.3414,3,67.4444,0.0000,3,55
2,10,287.0747,299.3353,3,179.0000,0.0000,3,134
2,10,203.4843,260.0328,3,209.4444,0.0000,3,171
2,10,233.4977,305.1873,3,203.5556,0.0000,3,166
2,10,262.2671,316.4339,3,89.2222,0.0000,3,71
2,10,202.5027,229.2290,3,88.4444,0.0000,3,63
2,10,206.3693,290.4064,3,97.5556,0.0000,3,79
2,10,311.5062,282.3002,3,97.7778,0.0000,3,71
2,10,252.1756,195.2225,3,26.1111,0.0000,3,21
2,10,307.0719,222.0321,3,172.4444,0.0000,3,124
2,10,177.2218,246.2626,3,83.7778,0.0000,3,61
2,10,179.1561,277.2902,3,86.8889,0.0000,3,60
2,10,304.1759,192.1726,3,78.8889,0.0000,3,56
2,10,336.3295,265.2622,3,66.0000,0.0000,3,52
2,10,199.2906,198.4852,3,9.2222,0.0000,3,8
2,10,314.2482,312.3596,3,72.7778,0.0000,3,55
2,10,277.1118,178.2135,3,11.3333,0.0000,3,9
2,10,289.5344,330.1231,3,78.7778,0.0000,3,52
2,10,209.0461,322.0457,3,67.2222,0.0000,3,47
2,10,334.3656,234.5477,3,133.0000,0.0000,3,97
2,10,224.3000,181.4104,3,7.7778,0.0000,3,5
2,10,236.3256,335.0076,3,53.7778,0.0000,3,38
2,10,174.4040,216.2500,3,10.7778,0.0000,3,8
2,10,331.4830,204.5015,3,139.2222,0.0000,3,108
2,10,181.3500,308.1337,3,82.5556,0.0000,3,60
2,10,339.3778,295.4978,3,98.4444,0.0000,3,82
2,10,249.3016,164.2023,3,7.4444,0.0000,3,5
2,10,264.4541,348.0462,3,116.1111,0.0000,3,82
2,10,152.1992,263.5061,3,65.8889,0.0000,3,47
2,10,361.0707,248.2951,3,101.3333,0.0000,3,73
2,10,302.0185,161.1953,3,15.4444,0.0000,3,10
2,10,211.2093,352.4116,3,106.3333,0.0000,3,79
2,10,317.1647,343.2070,3,69.5556,0.0000,3,50
2,10,150.1732,233.1693,3,5.6667,0.0000,3,4
2,10,154.1038,294.2489,3,89.7778,0.0000,3,60
2,10,183.4896,338.2068,3,37.1111,0.0000,3,28
2,10,329.3493,174.0766,3,11.6667,0.0000,3,7
2,10,359.1292,217.6081,3,61.0000,0.0000,3,43
2,10,341.5312,325.4835,3,48.4444,0.0000,3,36
2,10,239.1603,365.2812,3,41.0000,0.0000,3,32
2,10,363.5696,279.0357,3,29.1111,0.0000,3,20
2,10,292.1271,360.4100,3,36.2222,0.0000,3,27
2,10,356.2196,188.0887,3,35.8889,0.0000,3,24
2,10,156.3033,325.1974,3,69.4444,0.0000,3,52
2,10,366.4750,309.0995,3,47.0000,0.0000,3,36
2,10,267.0621,378.2405,3,44.0000,0.0000,3,32
2,10,386.3849,230.5343,3,42.2222,0.0000,3,31
2,10,186.4483,369.2524,3,24.1111,0.0000,3,19
2,10,214.3276,382.1446,3,28.7778,0.0000,3,22
2,10,389.1946,261.2539,3,37.4444,0.0000,3,25
2,10,319.1570,374.1734,3,35.6667,0.0000,3,25
2,10,344.2325,357.2181,3,24.6667,0.0000,3,16
2,10,130.1936,311.3207,3,76.8889,0.0000,3,52
2,10,383.3641,201.0321,3,40.4444,0.0000,3,31
2,10,159.2960,355.3959,3,34.8889,0.0000,3,27
2,10,241.5473,395.2493,3,29.8889,0.0000,3,19
2,10,294.3499,390.4849,3,38.6667,0.0000,3,31
2,10,391.4795,291.2591,3,26.4444,0.0000,3,21
2,10,369.3261,339.4242,3,26.8889,0.0000,3,19
2,10,131.3983,342.2863,3,75.4444,0.0000,3,53
2,10,394.1806,322.0638,3,31.7778,0.0000,3,23
2,10,269.0516,408.4958,3,38.3333,0.0000,3,27
2,10,189.5789,398.5755,3,37.2222,0.0000,3,24
2,10,414.4256,244.2248,3,32.0000,0.0000,3,24
2,10,410.4315,213.3776,3,8.3333,0.0000,3,9
2,10,347.1000,388.0357,3,32.3333,0.0000,3,21
2,10,416.1218,274.1819,3,35.8889,0.0000,3,24
2,10,161.2278,386.2661,3,34.1111,0.0000,3,23
2,10,216.4736,412.4528,3,23.8889,0.0000,3,20
2,10,372.1289,369.3498,3,17.6667,0.0000,3,12
2,10,322.2015,404.1546,3,10.1111,0.0000,3,8
2,10,134.2287,372.4592,3,45.3333,0.0000,3,30
2,10,396.4270,352.4258,3,23.1111,0.0000,3,18
2,10,419.0881,305.1906,3,43.0000,0.0000,3,28
2,10,243.3036,426.4846,3,18.7778,0.0000,3,14
2,10,231.5747,87.1638,3,31.3333,0.0000,3,19
2,10,296.3916,422.4914,3,16.5556,0.0000,3,14
2,10,285.0096,83.1326,3,19.5556,0.0000,3,12
3,10,256.1881,256.1351,3,195.5556,0.0000,3,189
3,10,229.4209,242.2614,3,183.2222,0.0000,3,140
3,10,284.1618,268.4305,3,197.1111,0.0000,3,158
3,10,281.5165,238.6377,3,184.1111,0.0000,3,124
3,10,231.4562,273.5298,3,133.5556,0.0000,3,102
3,10,254.4694,225.3080,3,81.3333,0.0000,3,66
3,10,259.4079,287.0011,3,153.7778,0.0000,3,113
3,10,308.3814,252.1606,3,196.7778,0.0000,3,154
3,10,279.3915,209.0912,3,206.3333,0.0000,3,161
3,10,227.3916,212.3414,3,67.4444,0.0000,3,55
3,10,287.0747,299.3353,3,179.0000,0.0000,3,134
3,10,203.4843,260.0328,3,209.4444,0.0000,3,171
3,10,233.4977,305.1873,3,203.5556,0.0000,3,166
3,10,262.2671,316.4339,3,89.2222,0.0000,3,71
3,10,202.5027,229.2290,3,88.4444,0.0000,3,63
3,10,206.3693,290.4064,3,97.5556,0.0000,3,79
3,10,311.5062,282.3002,3,97.7778,0.0000,3,71
3,10,252.1756,195.2225,3,26.1111,0.0000,3,21
3,10,307.0719,222.0321,3,172.4444,0.0000,3,124
3,10,177.2218,246.2626,3,83.7778,0.0000,3,61
3,10,179.1561,277.2902,3,86.8889,0.0000,3,60
3,10,304.1759,192.1726,3,78.8889,0.0000,3,56
3,10,336.3295,265.2622,3,66.0000,0.0000,3,52
3,10,199.2906,198.4852,3,9.2222,0.0000,3,8
3,10,314.2482,312.3596,3,72.7778,0.0000,3,55
3,10,277.1118,178.2135,3,11.3333,0.0000,3,9
3,10,289.5344,330.1231,3,78.7778,0.0000,3,52
3,10,209.0461,322.0457,3,67.2222,0.0000,3,47
3,10,334.3656,234.5477,3,133.0000,0.0000,3,97
3,10,224.3000,181.4104,3,7.7778,0.0000,3,5
3,10,236.3256,335.0076,3,53.7778,0.0000,3,38
3,10,174.4040,216.2500,3,10.7778,0.0000,3,8
3,10,331.4830,204.5015,3,139.2222,0.0000,3,108
3,10,181.3500,308.1337,3,82.5556,0.0000,3,60
3,10,339.3778,295.4978,3,98.4444,0.0000,3,82
3,10,249.3016,164.2023,3,7.4444,0.0000,3,5
3,10,264.4541,348.0462,3,116.1111,0.0000,3,82
3,10,152.1992,263.5061,3,65.8889,0.0000,3,47
3,10,361.0707,248.2951,3,101.3333,0.0000,3,73
3,10,302.0185,161.1953,3,15.4444,0.0000,3,10
3,10,211.2093,352.4116,3,106.3333,0.0000,3,79
3,10,317.1647,343.2070,3,69.5556,0.0000,3,50
3,10,150.1732,233.1693,3,5.6667,0.0000,3,4
3,10,154.1038,294.2489,3,89.7778,0.0000,3,60
3,10,183.4896,338.2068,3,37.1111,0.0000,3,28
3,10,329.3493,174.0766,3,11.6667,0.0000,3,7
3,10,359.1292,217.6081,3,61.0000,0.0000,3,43
3,10,341.5312,325.4835,3,48.4444,0.0000,3,36
3,10,239.1603,365.2812,3,41.0000,0.0000,3,32
3,10,363.5696,279.0357,3,29.1111,0.0000,3,20
3,10,292.1271,360.4100,3,36.2222,0.0000,3,27
3,10,356.2196,188.0887,3,35.8889,0.0000,3,24
3,10,156.3033,325.1974,3,69.4444,0.0000,3,52
3,10,366.4750,309.0995,3,47.0000,0.0000,3,36
3,10,267.0621,378.2405,3,44.0000,0.0000,3,32
3,10,386.3849,230.5343,3,42.2222,0.0000,3,31
3,10,186.4483,369.2524,3,24.1111,0.0000,3,19
3,10,214.3276,382.1446,3,28.7778,0.0000,3,22
3,10,389.1946,261.2539,3,37.4444,0.0000,3,25
3,10,319.1570,374.1734,3,35.6667,0.0000,3,25
3,10,344.2325,357.2181,3,24.6667,0.0000,3,16
3,10,130.1936,311.3207,3,76.8889,0.0000,3,52
3,10,383.3641,201.0321,3,40.4444,0.0000,3,31
3,10,159.2960,355.3959,3,34.8889,0.0000,3,27
3,10,241.5473,395.2493,3,29.8889,0.0000,3,19
3,10,294.3499,390.4849,3,38.6667,0.0000,3,31
3,10,391.4795,291.2591,3,26.4444,0.0000,3,21
3,10,369.3261,339.4242,3,26.8889,0.0000,3,19
3,10,131.3983,342.2863,3,75.4444,0.0000,3,53
3,10,394.1806,322.0638,3,31.7778,0.0000,3,23
3,10,269.0516,408.4958,3,38.3333,0.0000,3,27
3,10,189.5789,398.5755,3,37.2222,0.0000,3,24
3,10,414.4256,244.2248,3,32.0000,0.0000,3,24
3,10,410.4315,213.3776,3,8.3333,0.0000,3,9
3,10,347.1000,388.0357,3,32.3333,0.0000,3,21
3,10,416.1218,274.1819,3,35.8889,0.0000,3,24
3,10,161.2278,386.2661,3,34.1111,0.0000,3,23
3,10,216.4736,412.4528,3,23.8889,0.0000,3,20
3,10,372.1289,369.3498,3,17.6667,0.0000,3,12
3,10,322.2015,404.1546,3,10.1111,0.0000,3,8
3,10,134.2287,372.4592,3,45.3333,0.0000,3,30
3,10,396.4270,352.4258,3,23.1111,0.0000,3,18
3,10,419.0881,305.1906,3,43.0000,0.0000,3,28
3,10,243.3036,426.4846,3,18.7778,0.0000,3,14
3,10,231.5747,87.1638,3,31.3333,0.0000,3,19
3,10,296.3916,422.4914,3,16.5556,0.0000,3,14
3,10,285.0096,83.1326,3,19.5556,0.0000,3,12
4,10,256.1881,256.1351,3,195.5556,0.0000,3,189
4,10,229.4209,242.2614,3,183.2222,0.0000,3,140
4,10,284.1618,268.4305,3,197.1111,0.0000,3,158
4,10,281.5165,238.6377,3,184.1111,0.0000,3,124
4,10,231.4562,273.5298,3,133.5556,0.0000,3,102
4,10,254.4694,225.3080,3,81.3333,0.0000,3,66
4,10,259.4079,287.0011,3,153.7778,0.0000,3,113
4,10,308.3814,252.1606,3,196.7778,0.0000,3,154
4,10,279.3915,209.0912,3,206.3333,0.0000,3,161
4,10,227.3916,212.3414,3,67.4444,0.0000,3,55
4,10,287.0747,299.3353,3,179.0000,0.0000,3,134
4,10,203.4843,260.0328,3,209.4444,0.0000,3,171
4,10,233.4977,305.1873,3,203.5556,0.0000,3,166
4,10,262.2671,316.4339,3,89.2222,0.0000,3,71
4,10,202.5027,229.2290,3,88.4444,0.0000,3,63
4,10,206.3693,290.4064,3,97.5556,0.0000,3,79
4,10,311.5062,282.3002,3,97.7778,0.0000,3,71
4,10,252.1756,195.2225,3,26.1111,0.0000,3,21
4,10,307.0719,222.0321,3,172.4444,0.0000,3,124
4,10,177.2218,246.2626,3,83.7778,0.0000,3,61
4,10,179.1561,277.2902,3,86.8889,0.0000,3,60
4,10,304.1759,192.1726,3,78.8889,0.0000,3,56
4,10,336.3295,265.2622,3,66.0000,0.0000,3,52
4,10,199.2906,198.4852,3,9.2222,0.0000,3,8
4,10,314.2482,312.3596,3,72.7778,0.0000,3,55
4,10,277.1118,178.2135,3,11.3333,0.0000,3,9
4,10,289.5344,330.1231,3,78.7778,0.0000,3,52
4,10,209.0461,322.0457,3,67.2222,0.0000,3,47
4,10,334.3656,234.5477,3,133.0000,0.0000,3,97
4,10,224.3000,181.4104,3,7.7778,0.0000,3,5
4,10,236.3256,335.0076,3,53.7778,0.0000,3,38
4,10,174.4040,216.2500,3,10.7778,0.0000,3,8
4,10,331.4830,204.5015,3,139.2222,0.0000,3,108
4,10,181.3500,308.1337,3,82.5556,0.0000,3,60
4,10,339.3778,295.4978,3,98.4444,0.0000,3,82
4,10,249.3016,164.2023,3,7.4444,0.0000,3,5
4,10,264.4541,348.0462,3,116.1111,0.0000,3,82
4,10,152.1992,263.5061,3,65.8889,0.0000,3,47
4,10,361.0707,248.2951,3,101.3333,0.0000,3,73
4,10,302.0185,161.1953,3,15.4444,0.0000,3,10
4,10,211.2093,352.4116,3,106.3333,0.0000,3,79
4,10,317.1647,343.2070,3,69.5556,0.0000,3,50
4,10,150.1732,233.1693,3,5.6667,0.0000,3,4
4,10,154.1038,294.2489,3,89.7778,0.0000,3,60
4,10,183.4896,338.2068,3,37.1111,0.0000,3,28
4,10,329.3493,174.0766,3,11.6667,0.0000,3,7
4,10,359.1292,217.6081,3,61.0000,0.0000,3,43
4,10,341.5312,325.4835,3,48.4444,0.0000,3,36
4,10,239.1603,365.2812,3,41.0000,0.0000,3,32
4,10,363.5696,279.0357,3,29.1111,0.0000,3,20
4,10,292.1271,360.4100,3,36.2222,0.0000,3,27
4,10,356.2196,188.0887,3,35.8889,0.0000,3,24
4,10,156.3033,325.1974,3,69.4444,0.0000,3,52
4,10,366.4750,309.0995,3,47.0000,0.0000,3,36
4,10,267.0621,378.2405,3,44.0000,0.0000,3,32
4,10,386.3849,230.5343,3,42.2222,0.0000,3,31
4,10,186.4483,369.2524,3,24.1111,0.0000,3,19
4,10,214.3276,382.1446,3,28.7778,0.0000,3,22
4,10,389.1946,261.2539,3,37.4444,0.0000,3,25
4,10,319.1570,374.1734,3,35.6667,0.0000,3,25
4,10,344.2325,357.2181,3,24.6667,0.0000,3,16
4,10,130.1936,311.3207,3,76.8889,0.0000,3,52
4,10,383.3641,201.0321,3,40.4444,0.0000,3,31
4,10,159.2960,355.3959,3,34.8889,0.0000,3,27
4,10,241.5473,395.2493,3,29.8889,0.0000,3,19
4,10,294.3499,390.4849,3,38.6667,0.0000,3,31
4,10,391.4795,291.2591,3,26.4444,0.0000,3,21
4,10,369.3261,339.4242,3,26.8889,0.0000,3,19
4,10,131.3983,342.2863,3,75.4444,0.0000,3,53
4,10,394.1806,322.0638,3,31.7778,0.0000,3,23
4,10,269.0516,408.4958,3,38.3333,0.0000,3,27
4,10,189.5789,398.5755,3,37.2222,0.0000,3,24
4,10,414.4256,244.2248,3,32.0000,0.0000,3,24
4,10,410.4315,213.3776,3,8.3333,0.0000,3,9
4,10,347.1000,388.0357,3,32.3333,0.0000,3,21
4,10,416.1218,274.1819,3,35.8889,0.0000,3,24
4,10,161.2278,386.2661,3,34.1111,0.0000,3,23
4,10,216.4736,412.4528,3,23.8889,0.0000,3,20
4,10,372.1289,369.3498,3,17.6667,0.0000,3,12
4,10,322.2015,404.1546,3,10.1111,0.0000,3,8
4,10,134.2287,372.4592,3,45.3333,0.0000,3,30
4,10,396.4270,352.4258,3,23.1111,0.0000,3,18
4,10,419.0881,305.1906,3,43.0000,0.0000,3,28
4,10,243.3036,426.4846,3,18.7778,0.0000,3,14
4,10,231.5747,87.1638,3,31.3333,0.0000,3,19
4,10,296.3916,422.4914,3,16.5556,0.0000,3,14
4,10,285.0096,83.1326,3,19.5556,0.0000,3,12
5,10,256.1881,256.1351,3,195.5556,0.0000,3,189
5,10,229.4209,242.2614,3,183.2222,0.0000,3,140
5,10,284.1618,268.4305,3,197.1111,0.0000,3,158
5,10,281.5165,238.6377,3,184.1111,0.0000,3,124
5,10,231.4562,273.5298,3,133.5556,0.0000,3,102
5,10,254.4694,225.3080,3,81.3333,0.0000,3,66
5,10,259.4079,287.0011,3,153.7778,0.0000,3,113
5,10,308.3814,252.1606,3,196.7778,0.0000,3,154
5,10,279.3915,209.0912,3,206.3333,0.0000,3,161
5,10,227.3916,212.3414,3,67.4444,0.0000,3,55
5,10,287.0747,299.3353,3,179.0000,0.0000,3,134
5,10,203.4843,260.0328,3,209.4444,0.0000,3,171
5,10,233.4977,305.1873,3,203.5556,0.0000,3,166
5,10,262.2671,316.4339,3,89.2222,0.0000,3,71
5,10,202.5027,229.2290,3,88.4444,0.0000,3,63
5,10,206.3693,290.4064,3,97.5556,0.0000,3,79
5,10,311.5062,282.3002,3,97.7778,0.0000,3,71
5,10,252.1756,195.2225,3,26.1111,0.0000,3,21
5,10,307.0719,222.0321,3,172.4444,0.0000,3,124
5,10,177.2218,246.2626,3,83.7778,0.0000,3,61
5,10,179.1561,277.2902,3,86.8889,0.0000,3,60
5,10,304.1759,192.1726,3,78.8889,0.0000,3,56
5,10,336.3295,265.2622,3,66.0000,0.0000,3,52
5,10,199.2906,198.4852,3,9.2222,0.0000,3,8
5,10,314.2482,312.3596,3,72.7778,0.0000,3,55
5,10,277.1118,178.2135,3,11.3333,0.0000,3,9
5,10,289.5344,330.1231,3,78.7778,0.0000,3,52
5,10,209.0461,322.0457,3,67.2222,0.0000,3,47
5,10,334.3656,234.5477,3,133.0000,0.0000,3,97
5,10,224.3000,181.4104,3,7.7778,0.0000,3,5
5,10,236.3256,335.0076,3,53.7778,0.0000,3,38
5,10,174.4040,216.2500,3,10.7778,0.0000,3,8
5,10,331.4830,204.5015,3,139.2222,0.0000,3,108
5,10,181.3500,308.1337,3,82.5556,0.0000,3,60
5,10,339.3778,295.4978,3,98.4444,0.0000,3,82
5,10,249.3016,164.2023,3,7.4444,0.0000,3,5
5,10,264.4541,348.0462,3,116.1111,0.0000,3,82
5,10,152.1992,263.5061,3,65.8889,0.0000,3,47
5,10,361.0707,248.2951,3,101.3333,0.0000,3,73
5,10,302.0185,161.1953,3,15.4444,0.0000,3,10
5,10,211.2093,352.4116,3,106.3333,0.0000,3,79
5,10,317.1647,343.2070,3,69.5556,0.0000,3,50
5,10,150.1732,233.1693,3,5.6667,0.0000,3,4
5,10,154.1038,294.2489,3,89.7778,0.0000,3,60
5,10,183.4896,338.2068,3,37.1111,0.0000,3,28
5,10,329.3493,174.0766,3,11.6667,0.0000,3,7
5,10,359.1292,217.6081,3,61.0000,0.0000,3,43
5,10,341.5312,325.4835,3,48.4444,0.0000,3,36
5,10,239.1603,365.2812,3,41.0000,0.0000,3,32
5,10,363.5696,279.0357,3,29.1111,0.0000,3,20
5,10,292.1271,360.4100,3,36.2222,0.0000,3,27
5,10,356.2196,188.0887,3,35.8889,0.0000,3,24
5,10,156.3033,325.1974,3,69.4444,0.0000,3,52
5,10,366.4750,309.0995,3,47.0000,0.0000,3,36
5,10,267.0621,378.2405,3,44.0000,0.0000,3,32
5,10,386.3849,230.5343,3,42.2222,0.0000,3,31
5,10,186.4483,369.2524,3,24.1111,0.0000,3,19
5,10,214.3276,382.1446,3,28.7778,0.0000,3,22
5,10,389.1946,261.2539,3,37.4444,0.0000,3,25
5,10,319.1570,374.1734,3,35.6667,0.0000,3,25
5,10,344.2325,357.2181,3,24.6667,0.0000,3,16
5,10,130.1936,311.3207,3,76.8889,0.0000,3,52
5,10,383.3641,201.0321,3,40.4444,0.0000,3,31
5,10,159.2960,355.3959,3,34.8889,0.0000,3,27
5,10,241.5473,395.2493,3,29.8889,0.0000,3,19
5,10,294.3499,390.4849,3,38.6667,0.0000,3,31
5,10,391.4795,291.2591,3,26.4444,0.0000,3,21
5,10,369.3261,339.4242,3,26.8889,0.0000,3,19
5,10,131.3983,342.2863,3,75.4444,0.0000,3,53
5,10,394.1806,322.0638,3,31.7778,0.0000,3,23
5,10,269.0516,408.4958,3,38.3333,0.0000,3,27
5,10,189.5789,398.5755,3,37.2222,0.0000,3,24
5,10,414.4256,244.2248,3,32.0000,0.0000,3,24
5,10,410.4315,213.3776,3,8.3333,0.0000,3,9
5,10,347.1000,388.0357,3,32.3333,0.0000,3,21
5,10,416.1218,274.1819,3,35.8889,0.0000,3,24
5,10,161.2278,386.2661,3,34.1111,0.0000,3,23
5,10,216.4736,412.4528,3,23.8889,0.0000,3,20
5,10,372.1289,369.3498,3,17.6667,0.0000,3,12
5,10,322.2015,404.1546,3,10.1111,0.0000,3,8
5,10,134.2287,372.4592,3,45.3333,0.0000,3,30
5,10,396.4270,352.4258,3,23.1111,0.0000,3,18
5,10,419.0881,305.1906,3,43.0000,0.0000,3,28
5,10,243.3036,426.4846,3,18.7778,0.0000,3,14
5,10,231.5747,87.1638,3,31.3333,0.0000,3,19
5,10,296.3916,422.4914,3,16.5556,0.0000,3,14
5,10,285.0096,83.1326,3,19.5556,0.0000,3,12
6,10,256.1881,256.1351,3,195.5556,0.0000,3,189
6,10,229.4209,242.2614,3,183.2222,0.0000,3,140
6,10,284.1618,268.4305,3,197.1111,0.0000,3,158
6,10,281.5165,238.6377,3,184.1111,0.0000,3,124
6,10,231.4562,273.5298,3,133.5556,0.0000,3,102
6,10,254.4694,225.3080,3,81.3333,0.0000,3,66
6,10,259.4079,287.0011,3,153.7778,0.0000,3,113
6,10,308.3814,252.1606,3,196.7778,0.0000,3,154
6,10,279.3915,209.0912,3,206.3333,0.0000,3,161
6,10,227.3916,212.3414,3,67.4444,0.0000,3,55
6,10,287.0747,299.3353,3,179.0000,0.0000,3,134
6,10,203.4843,260.0328,3,209.4444,0.0000,3,171
6,10,233.4977,305.1873,3,203.5556,0.0000,3,166
6,10,262.2671,316.4339,3,89.2222,0.0000,3,71
6,10,202.5027,229.2290,3,88.4444,0.0000,3,63
6,10,206.3693,290.4064,3,97.5556,0.0000,3,79
6,10,311.5062,282.3002,3,97.7778,0.0000,3,71
6,10,252.1756,195.2225,3,26.1111,0.0000,3,21
6,10,307.0719,222.0321,3,172.4444,0.0000,3,124
6,10,177.2218,246.2626,3,83.7778,0.0000,3,61
6,10,179.1561,277.2902,3,86.8889,0.0000,3,60
6,10,304.1759,192.1726,3,78.8889,0.0000,3,56
6,10,336.3295,265.2622,3,66.0000,0.0000,3,52
6,10,199.2906,198.4852,3,9.2222,0.0000,3,8
6,10,314.2482,312.3596,3,72.7778,0.0000,3,55
6,10,277.1118,178.2135,3,11.3333,0.0000,3,9
6,10,289.5344,330.1231,3,78.7778,0.0000,3,52
6,10,209.0461,322.0457,3,67.2222,0.0000,3,47
6,10,334.3656,234.5477,3,133.0000,0.0000,3,97
6,10,224.3000,181.4104,3,7.7778,0.0000,3,5
6,10,236.3256,335.0076,3,53.7778,0.0000,3,38
6,10,174.4040,216.2500,3,10.7778,0.0000,3,8
6,10,331.4830,204.5015,3,139.2222,0.0000,3,108
6,10,181.3500,308.1337,3,82.5556,0.0000,3,60
6,10,339.3778,295.4978,3,98.4444,0.0000,3,82
6,10,249.3016,164.2023,3,7.4444,0.0000,3,5
6,10,264.4541,348.0462,3,116.1111,0.0000,3,82
6,10,152.1992,263.5061,3,65.8889,0.0000,3,47
6,10,361.0707,248.2951,3,101.3333,0.0000,3,73
6,10,302.0185,161.1953,3,15.4444,0.0000,3,10
6,10,211.2093,352.4116,3,106.3333,0.0000,3,79
6,10,317.1647,343.2070,3,69.5556,0.0000,3,50
6,10,150.1732,233.1693,3,5.6667,0.0000,3,4
6,10,154.1038,294.2489,3,89.7778,0.0000,3,60
6,10,183.4896,338.2068,3,37.1111,0.0000,3,28
6,10,329.3493,174.0766,3,11.6667,0.0000,3,7
6,10,359.1292,217.6081,3,61.0000,0.0000,3,43
6,10,341.5312,325.4835,3,48.4444,0.0000,3,36
6,10,239.1603,365.2812,3,41.0000,0.0000,3,32
6,10,363.5696,279.0357,3,29.1111,0.0000,3,20
6,10,292.1271,360.4100,3,36.2222,0.0000,3,27
6,10,356.2196,188.0887,3,35.8889,0.0000,3,24
6,10,156.3033,325.1974,3,69.4444,0.0000,3,52
6,10,366.4750,309.0995,3,47.0000,0.0000,3,36
6,10,267.0621,378.2405,3,44.0000,0.0000,3,32
6,10,386.3849,230.5343,3,42.2222,0.0000,3,31
6,10,186.4483,369.2524,3,24.1111,0.0000,3,19
6,10,214.3276,382.1446,3,28.7778,0.0000,3,22
6,10,389.1946,261.2539,3,37.4444,0.0000,3,25
6,10,319.1570,374.1734,3,35.6667,0.0000,3,25
6,10,344.2325,357.2181,3,24.6667,0.0000,3,16
6,10,130.1936,311.3207,3,76.8889,0.0000,3,52
6,10,383.3641,201.0321,3,40.4444,0.0000,3,31
6,10,159.2960,355.3959,3,34.8889,0.0000,3,27
6,10,241.5473,395.2493,3,29.8889,0.0000,3,19
6,10,294.3499,390.4849,3,38.6667,0.0000,3,31
6,10,391.4795,291.2591,3,26.4444,0.0000,3,21
6,10,369.3261,339.4242,3,26.8889,0.0000,3,19
6,10,131.3983,342.2863,3,75.4444,0.0000,3,53
6,10,394.1806,322.0638,3,31.7778,0.0000,3,23
6,10,269.0516,408.4958,3,38.3333,0.0000,3,27
6,10,189.5789,398.5755,3,37.2222,0.0000,3,24
6,10,414.4256,244.2248,3,32.0000,0.0000,3,24
6,10,410.4315,213.3776,3,8.3333,0.0000,3,9
6,10,347.1000,388.0357,3,32.3333,0.0000,3,21
6,10,416.1218,274.1819,3,35.8889,0.0000,3,24
6,10,161.2278,386.2661,3,34.1111,0.0000,3,23
6,10,216.4736,412.4528,3,23.8889,0.0000,3,20
6,10,372.1289,369.3498,3,17.6667,0.0000,3,12
6,10,322.2015,404.1546,3,10.1111,0.0000,3,8
6,10,134.2287,372.4592,3,45.3333,0.0000,3,30
6,10,396.4270,352.4258,3,23.1111,0.0000,3,18
6,10,419.0881,305.1906,3,43.0000,0.0000,3,28
6,10,243.3036,426.4846,3,18.7778,0.0000,3,14
6,10,231.5747,87.1638,3,31.3333,0.0000,3,19
6,10,296.3916,422.4914,3,16.5556,0.0000,3,14
6,10,285.0096,83.1326,3,19.5556,0.0000,3,12
7,10,256.1881,256.1351,3,195.5556,0.0000,3,189
7,10,229.4209,242.2614,3,183.2222,0.0000,3,140
7,10,284.1618,268.4305,3,197.1111,0.0000,3,158
7,10,281.5165,238.6377,3,184.1111,0.0000,3,124
7,10,231.4562,273.5298,3,133.5556,0.0000,3,102
7,10,254.4694,225.3080,3,81.3333,0.0000,3,66
7,10,259.4079,287.0011,3,153.7778,0.0000,3,113
7,10,308.3814,252.1606,3,196.7778,0.0000,3,154
7,10,279.3915,209.0912,3,206.3333,0.0000,3,161
7,10,227.3916,212.3414,3,67.4444,0.0000,3,55
7,10,287.0747,299.3353,3,179.0000,0.0000,3,134
7,10,203.4843,260.0328,3,209.4444,0.0000,3,171
7,10,233.4977,305.1873,3,203.5556,0.0000,3,166
7,10,262.2671,316.4339,3,89.2222,0.0000,3,71
7,10,202.5027,229.2290,3,88.4444,0.0000,3,63
7,10,206.3693,290.4064,3,97.5556,0.0000,3,79
7,10,311.5062,282.3002,3,97.7778,0.0000,3,71
7,10,252.1756,195.2225,3,26.1111,0.0000,3,21
7,10,307.0719,222.0321,3,172.4444,0.0000,3,124
7,10,177.2218,246.2626,3,83.7778,0.0000,3,61
7,10,179.1561,277.2902,3,86.8889,0.0000,3,60
7,10,304.1759,192.1726,3,78.8889,0.0000,3,56
7,10,336.3295,265.2622,3,66.0000,0.0000,3,52
7,10,199.2906,198.4852,3,9.2222,0.0000,3,8
7,10,314.2482,312.3596,3,72.7778,0.0000,3,55
7,10,277.1118,178.2135,3,11.3333,0.0000,3,9
7,10,289.5344,330.1231,3,78.7778,0.0000,3,52
7,10,209.0461,322.0457,3,67.2222,0.0000,3,47
7,10,334.3656,234.5477,3,133.0000,0.0000,3,97
7,10,224.3000,181.4104,3,7.7778,0.0000,3,5
7,10,236.3256,335.0076,3,53.7778,0.0000,3,38
7,10,174.4040,216.2500,3,10.7778,0.0000,3,8
7,10,331.4830,204.5015,3,139.2222,0.0000,3,108
7,10,181.3500,308.1337,3,82.5556,0.0000,3,60
7,10,339.3778,295.4978,3,98.4444,0.0000,3,82
7,10,249.3016,164.2023,3,7.4444,0.0000,3,5
7,10,264.4541,348.0462,3,116.1111,0.0000,3,82
7,10,152.1992,263.5061,3,65.8889,0.0000,3,47
7,10,361.0707,248.2951,3,101.3333,0.0000,3,73
7,10,302.0185,161.1953,3,15.4444,0.0000,3,10
7,10,211.2093,352.4116,3,106.3333,0.0000,3,79
7,10,317.1647,343.2070,3,69.5556,0.0000,3,50
7,10,150.1732,233.1693,3,5.6667,0.0000,3,4
7,10,154.1038,294.2489,3,89.7778,0.0000,3,60
7,10,183.4896,338.2068,3,37.1111,0.0000,3,28
7,10,329.3493,174.0766,3,11.6667,0.0000,3,7
7,10,359.1292,217.6081,3,61.0000,0.0000,3,43
7,10,341.5312,325.4835,3,48.4444,0.0000,3,36
7,10,239.1603,365.2812,3,41.0000,0.0000,3,32
7,10,363.5696,279.0357,3,29.1111,0.0000,3,20
7,10,292.1271,360.4100,3,36.2222,0.0000,3,27
7,10,356.2196,188.0887,3,35.8889,0.0000,3,24
7,10,156.3033,325.1974,3,69.4444,0.0000,3,52
7,10,366.4750,309.0995,3,47.0000,0.0000,3,36
7,10,267.0621,378.2405,3,44.0000,0.0000,3,32
7,10,386.3849,230.5343,3,42.2222,0.0000,3,31
7,10,186.4483,369.2524,3,24.1111,0.0000,3,19
7,10,214.3276,382.1446,3,28.7778,0.0000,3,22
7,10,389.1946,261.2539,3,37.4444,0.0000,3,25
7,10,319.1570,374.1734,3,35.6667,0.0000,3,25
7,10,344.2325,357.2181,3,24.6667,0.0000,3,16
7,10,130.1936,311.3207,3,76.8889,0.0000,3,52
7,10,383.3641,201.0321,3,40.4444,0.0000,3,31
7,10,159.2960,355.3959,3,34.8889,0.0000,3,27
7,10,241.5473,395.2493,3,29.8889,0.0000,3,19
7,10,294.3499,390.4849,3,38.6667,0.0000,3,31
7,10,391.4795,291.2591,3,26.4444,0.0000,3,21
7,10,369.3261,339.4242,3,26.8889,0.0000,3,19
7,10,131.3983,342.2863,3,75.4444,0.0000,3,53
7,10,394.1806,322.0638,3,31.7778,0.0000,3,23
7,10,269.0516,408.4958,3,38.3333,0.0000,3,27
7,10,189.5789,398.5755,3,37.2222,0.0000,3,24
7,10,414.4256,244.2248,3,32.0000,0.0000,3,24
7,10,410.4315,213.3776,3,8.3333,0.0000,3,9
7,10,347.1000,388.0357,3,32.3333,0.0000,3,21
7,10,416.1218,274.1819,3,35.8889,0.0000,3,24
7,10,161.2278,386.2661,3,34.1111,0.0000,3,23
7,10,216.4736,412.4528,3,23.8889,0.0000,3,20
7,10,372.1289,369.3498,3,17.6667,0.0000,3,12
7,10,322.2015,404.1546,3,10.1111,0.0000,3,8
7,10,134.2287,372.4592,3,45.3333,0.0000,3,30
7,10,396.4270,352.4258,3,23.1111,0.0000,3,18
7,10,419.0881,305.1906,3,43.0000,0.0000,3,28
7,10,243.3036,426.4846,3,18.7778,0.0000,3,14
7,10,231.5747,87.1638,3,31.3333,0.0000,3,19
7,10,296.3916,422.4914,3,16.5556,0.0000,3,14
7,10,285.0096,83.1326,3,19.5556,0.0000,3,12
8,10,256.1881,256.1351,3,195.5556,0.0000,3,189
8,10,229.4209,242.2614,3,183.2222,0.0000,3,140
8,10,284.1618,268.4305,3,197.1111,0.0000,3,158
8,10,281.5165,238.6377,3,184.1111,0.0000,3,124
8,10,231.4562,273.5298,3,133.5556,0.0000,3,102
8,10,254.4694,225.3080,3,81.3333,0.0000,3,66
8,10,259.4079,287.0011,3,153.7778,0.0000,3,113
8,10,308.3814,252.1606,3,196.7778,0.0000,3,154
8,10,279.3915,209.0912,3,206.3333,0.0000,3,161
8,10,227.3916,212.3414,3,67.4444,0.0000,3,55
8,10,287.0747,299.3353,3,179.0000,0.0000,3,134
8,10,203.4843,260.0328,3,209.4444,0.0000,3,171
8,10,233.4977,305.1873,3,203.5556,0.0000,3,166
8,10,262.2671,316.4339,3,89.2222,0.0000,3,71
8,10,202.5027,229.2290,3,88.4444,0.0000,3,63
8,10,206.3693,290.4064,3,97.5556,0.0000,3,79
8,10,311.5062,282.3002,3,97.7778,0.0000,3,71
8,10,252.1756,195.2225,3,26.1111,0.0000,3,21
8,10,307.0719,222.0321,3,172.4444,0.0000,3,124
8,10,177.2218,246.2626,3,83.7778,0.0000,3,61
8,10,179.1561,277.2902,3,86.8889,0.0000,3,60
8,10,304.1759,192.1726,3,78.8889,0.0000,3,56
8,10,336.3295,265.2622,3,66.0000,0.0000,3,52
8,10,199.2906,198.4852,3,9.2222,0.0000,3,8
8,10,314.2482,312.3596,3,72.7778,0.0000,3,55
8,10,277.1118,178.2135,3,11.3333,0.0000,3,9
8,10,289.5344,330.1231,3,78.7778,0.0000,3,52
8,10,209.0461,322.0457,3,67.2222,0.0000,3,47
8,10,334.3656,234.5477,3,133.0000,0.0000,3,97
8,10,224.3000,181.4104,3,7.7778,0.0000,3,5
8,10,236.3256,335.0076,3,53.7778,0.0000,3,38
8,10,174.4040,216.2500,3,10.7778,0.0000,3,8
8,10,331.4830,204.5015,3,139.2222,0.0000,3,108
8,10,181.3500,308.1337,3,82.5556,0.0000,3,60
8,10,339.3778,295.4978,3,98.4444,0.0000,3,82
8,10,249.3016,164.2023,3,7.4444,0.0000,3,5
8,10,264.4541,348.0462,3,116.1111,0.0000,3,82
8,10,152.1992,263.5061,3,65.8889,0.0000,3,47
8,10,361.0707,248.2951,3,101.3333,0.0000,3,73
8,10,302.0185,161.1953,3,15.4444,0.0000,3,10
8,10,211.2093,352.4116,3,106.3333,0.0000,3,79
8,10,317.1647,343.2070,3,69.5556,0.0000,3,50
8,10,150.1732,233.1693,3,5.6667,0.0000,3,4
8,10,154.1038,294.2489,3,89.7778,0.0000,3,60
8,10,183.4896,338.2068,3,37.1111,0.0000,3,28
8,10,329.3493,174.0766,3,11.6667,0.0000,3,7
8,10,359.1292,217.6081,3,61.0000,0.0000,3,43
8,10,341.5312,325.4835,3,48.4444,0.0000,3,36
8,10,239.1603,365.2812,3,41.0000,0.0000,3,32
8,10,363.5696,279.0357,3,29.1111,0.0000,3,20
8,10,292.1271,360.4100,3,36.2222,0.0000,3,27
8,10,356.2196,188.0887,3,35.8889,0.0000,3,24
8,10,156.3033,325.1974,3,69.4444,0.0000,3,52
8,10,366.4750,309.0995,3,47.0000,0.0000,3,36
8,10,267.0621,378.2405,3,44.0000,0.0000,3,32
8,10,386.3849,230.5343,3,42.2222,0.0000,3,31
8,10,186.4483,369.2524,3,24.1111,0.0000,3,19
8,10,214.3276,382.1446,3,28.7778,0.0000,3,22
8,10,389.1946,261.2539,3,37.4444,0.0000,3,25
8,10,319.1570,374.1734,3,35.6667,0.0000,3,25
8,10,344.2325,357.2181,3,24.6667,0.0000,3,16
8,10,130.1936,311.3207,3,76.8889,0.0000,3,52
8,10,383.3641,201.0321,3,40.4444,0.0000,3,31
8,10,159.2960,355.3959,3,34.8889,0.0000,3,27
8,10,241.5473,395.2493,3,29.8889,0.0000,3,19
8,10,294.3499,390.4849,3,38.6667,0.0000,3,31
8,10,391.4795,291.2591,3,26.4444,0.0000,3,21
8,10,369.3261,339.4242,3,26.8889,0.0000,3,19
8,10,131.3983,342.2863,3,75.4444,0.0000,3,53
8,10,394.1806,322.0638,3,31.7778,0.0000,3,23
8,10,269.0516,408.4958,3,38.3333,0.0000,3,27
8,10,189.5789,398.5755,3,37.2222,0.0000,3,24
8,10,414.4256,244.2248,3,32.0000,0.0000,3,24
8,10,410.4315,213.3776,3,8.3333,0.0000,3,9
8,10,347.1000,388.0357,3,32.3333,0.0000,3,21
8,10,416.1218,274.1819,3,35.8889,0.0000,3,24
8,10,161.2278,386.2661,3,34.1111,0.0000,3,23
8,10,216.4736,412.4528,3,23.8889,0.0000,3,20
8,10,372.1289,369.3498,3,17.6667,0.0000,3,12
8,10,322.2015,404.1546,3,10.1111,0.0000,3,8
8,10,134.2287,372.4592,3,45.3333,0.0000,3,30
8,10,396.4270,352.4258,3,23.1111,0.0000,3,18
8,10,419.0881,305.1906,3,43.0000,0.0000,3,28
8,10,243.3036,426.4846,3,18.7778,0.0000,3,14
8,10,231.5747,87.1638,3,31.3333,0.0000,3,19
8,10,296.3916,422.4914,3,16.5556,0.0000,3,14
8,10,285.0096,83.1326,3,19.5556,0.0000,3,12
9,10,256.1881,256.1351,3,195.5556,0.0000,3,189
9,10,229.4209,242.2614,3,183.2222,0.0000,3,140
9,10,284.1618,268.4305,3,197.1111,0.0000,3,158
9,10,281.5165,238.6377,3,184.1111,0.0000,3,124
9,10,231.4562,273.5298,3,133.5556,0.0000,3,102
9,10,254.4694,225.3080,3,81.3333,0.0000,3,66
9,10,259.4079,287.0011,3,153.7778,0.0000,3,113
9,10,308.3814,252.1606,3,196.7778,0.0000,3,154
9,10,279.3915,209.0912,3,206.3333,0.0000,3,161
9,10,227.3916,212.3414,3,67.4444,0.0000,3,55
9,10,287.0747,299.3353,3,179.0000,0.0000,3,134
9,10,203.4843,260.0328,3,209.4444,0.0000,3,171
9,10,233.4977,305.1873,3,203.5556,0.0000,3,166
9,10,262.2671,316.4339,3,89.2222,0.0000,3,71
9,10,202.5027,229.2290,3,88.4444,0.0000,3,63
9,10,206.3693,290.4064,3,97.5556,0.0000,3,79
9,10,311.5062,282.3002,3,97.7778,0.0000,3,71
9,10,252.1756,195.2225,3,26.1111,0.0000,3,21
9,10,307.0719,222.0321,3,172.4444,0.0000,3,124
9,10,177.2218,246.2626,3,83.7778,0.0000,3,61
9,10,179.1561,277.2902,3,86.8889,0.0000,3,60
9,10,304.1759,192.1726,3,78.8889,0.0000,3,56
9,10,336.3295,265.2622,3,66.0000,0.0000,3,52
9,10,199.2906,198.4852,3,9.2222,0.0000,3,8
9,10,314.2482,312.3596,3,72.7778,0.0000,3,55
9,10,277.1118,178.2135,3,11.3333,0.0000,3,9
9,10,289.5344,330.1231,3,78.7778,0.0000,3,52
9,10,209.0461,322.0457,3,67.2222,0.0000,3,47
9,10,334.3656,234.5477,3,133.0000,0.0000,3,97
9,10,224.3000,181.4104,3,7.7778,0.0000,3,5
9,10,236.3256,335.0076,3,53.7778,0.0000,3,38
9,10,174.4040,216.2500,3,10.7778,0.0000,3,8
9,10,331.4830,204.5015,3,139.2222,0.0000,3,108
9,10,181.3500,308.1337,3,82.5556,0.0000,3,60
9,10,339.3778,295.4978,3,98.4444,0.0000,3,82
9,10,249.3016,164.2023,3,7.4444,0.0000,3,5
9,10,264.4541,348.0462,3,116.1111,0.0000,3,82
9,10,152.1992,263.5061,3,65.8889,0.0000,3,47
9,10,361.0707,248.2951,3,101.3333,0.0000,3,73
9,10,302.0185,161.1953,3,15.4444,0.0000,3,10
9,10,211.2093,352.4116,3,106.3333,0.0000,3,79
9,10,317.1647,343.2070,3,69.5556,0.0000,3,50
9,10,150.1732,233.1693,3,5.6667,0.0000,3,4
9,10,154.1038,294.2489,3,89.7778,0.0000,3,60
9,10,183.4896,338.2068,3,37.1111,0.0000,3,28
9,10,329.3493,174.0766,3,11.6667,0.0000,3,7
9,10,359.1292,217.6081,3,61.0000,0.0000,3,43
9,10,341.5312,325.4835,3,48.4444,0.0000,3,36
9,10,239.1603,365.2812,3,41.0000,0.0000,3,32
9,10,363.5696,279.0357,3,29.1111,0.0000,3,20
9,10,292.1271,360.4100,3,36.2222,0.0000,3,27
9,10,356.2196,188.0887,3,35.8889,0.0000,3,24
9,10,156.3033,325.1974,3,69.4444,0.0000,3,52
9,10,366.4750,309.0995,3,47.0000,0.0000,3,36
9,10,267.0621,378.2405,3,44.0000,0.0000,3,32
9,10,386.3849,230.5343,3,42.2222,0.0000,3,31
9,10,186.4483,369.2524,3,24.1111,0.0000,3,19
9,10,214.3276,382.1446,3,28.7778,0.0000,3,22
9,10,389.1946,261.2539,3,37.4444,0.0000,3,25
9,10,319.1570,374.1734,3,35.6667,0.0000,3,25
9,10,344.2325,357.2181,3,24.6667,0.0000,3,16
9,10,130.1936,311.3207,3,76.8889,0.0000,3,52
9,10,383.3641,201.0321,3,40.4444,0.0000,3,31
9,10,159.2960,355.3959,3,34.8889,0.0000,3,27
9,10,241.5473,395.2493,3,29.8889,0.0000,3,19
9,10,294.3499,390.4849,3,38.6667,0.0000,3,31
9,10,391.4795,291.2591,3,26.4444,0.0000,3,21
9,10,369.3261,339.4242,3,26.8889,0.0000,3,19
9,10,131.3983,342.2863,3,75.4444,0.0000,3,53
9,10,394.1806,322.0638,3,31.7778,0.0000,3,23
9,10,269.0516,408.4958,3,38.3333,0.0000,3,27
9,10,189.5789,398.5755,3,37.2222,0.0000,3,24
9,10,414.4256,244.2248,3,32.0000,0.0000,3,24
9,10,410.4315,213.3776,3,8.3333,0.0000,3,9
9,10,347.1000,388.0357,3,32.3333,0.0000,3,21
9,10,416.1218,274.1819,3,35.8889,0.0000,3,24
9,10,161.2278,386.2661,3,34.1111,0.0000,3,23
9,10,216.4736,412.4528,3,23.8889,0.0000,3,20
9,10,372.1289,369.3498,3,17.6667,0.0000,3,12
9,10,322.2015,404.1546,3,10.1111,0.0000,3,8
9,10,134.2287,372.4592,3,45.3333,0.0000,3,30
9,10,396.4270,352.4258,3,23.1111,0.0000,3,18
9,10,419.0881,305.1906,3,43.0000,0.0000,3,28
9,10,243.3036,426.4846,3,18.7778,0.0000,3,14
9,10,231.5747,87.1638,3,31.3333,0.0000,3,19
9,10,296.3916,422.4914,3,16.5556,0.0000,3,14
9,10,285.0096,83.1326,3,19.5556,0.0000,3,12
10,10,256.1881,256.1351,3,195.5556,0.0000,3,189
10,10,229.4209,242.2614,3,183.2222,0.0000,3,140
10,10,284.1618,268.4305,3,197.1111,0.0000,3,158
10,10,281.5165,238.6377,3,184.1111,0.0000,3,124
10,10,231.4562,273.5298,3,133.5556,0.0000,3,102
10,10,254.4694,225.3080,3,81.3333,0.0000,3,66
10,10,259.4079,287.0011,3,153.7778,0.0000,3,113
10,10,308.3814,252.1606,3,196.7778,0.0000,3,154
10,10,279.3915,209.0912,3,206.3333,0.0000,3,161
10,10,227.3916,212.3414,3,67.4444,0.0000,3,55
10,10,287.0747,299.3353,3,179.0000,0.0000,3,134
10,10,203.4843,260.0328,3,209.4444,0.0000,3,171
10,10,233.4977,305.1873,3,203.5556,0.0000,3,166
10,10,262.2671,316.4339,3,89.2222,0.0000,3,71
10,10,202.5027,229.2290,3,88.4444,0.0000,3,63
10,10,206.3693,290.4064,3,97.5556,0.0000,3,79
10,10,311.5062,282.3002,3,97.7778,0.0000,3,71
10,10,252.1756,195.2225,3,26.1111,0.0000,3,21
10,10,307.0719,222.0321,3,172.4444,0.0000,3,124
10,10,177.2218,246.2626,3,83.7778,0.0000,3,61
10,10,179.1561,277.2902,3,86.8889,0.0000,3,60
10,10,304.1759,192.1726,3,78.8889,0.0000,3,56
10,10,336.3295,265.2622,3,66.0000,0.0000,3,52
10,10,199.2906,198.4852,3,9.2222,0.0000,3,8
10,10,314.2482,312.3596,3,72.7778,0.0000,3,55
10,10,277.1118,178.2135,3,11.3333,0.0000,3,9
10,10,289.5344,330.1231,3,78.7778,0.0000,3,52
10,10,209.0461,322.0457,3,67.2222,0.0000,3,47
10,10,334.3656,234.5477,3,133.0000,0.0000,3,97
10,10,224.3000,181.4104,3,7.7778,0.0000,3,5
10,10,236.3256,335.0076,3,53.7778,0.0000,3,38
10,10,174.4040,216.2500,3,10.7778,0.0000,3,8
10,10,331.4830,204.5015,3,139.2222,0.0000,3,108
10,10,181.3500,308.1337,3,82.5556,0.0000,3,60
10,10,339.3778,295.4978,3,98.4444,0.0000,3,82
10,10,249.3016,164.2023,3,7.4444,0.0000,3,5
10,10,264.4541,348.0462,3,116.1111,0.0000,3,82
10,10,152.1992,263.5061,3,65.8889,0.0000,3,47
10,10,361.0707,248.2951,3,101.3333,0.0000,3,73
10,10,302.0185,161.1953,3,15.4444,0.0000,3,10
10,10,211.2093,352.4116,3,106.3333,0.0000,3,79
10,10,317.1647,343.2070,3,69.5556,0.0000,3,50
10,10,150.1732,233.1693,3,5.6667,0.0000,3,4
10,10,154.1038,294.2489,3,89.7778,0.0000,3,60
10,10,183.4896,338.2068,3,37.1111,0.0000,3,28
10,10,329.3493,174.0766,3,11.6667,0.0000,3,7
10,10,359.1292,217.6081,3,61.0000,0.0000,3,43
10,10,341.5312,325.4835,3,48.4444,0.0000,3,36
10,10,239.1603,365.2812,3,41.0000,0.0000,3,32
10,10,363.5696,279.0357,3,29.1111,0.0000,3,20
10,10,292.1271,360.4100,3,36.2222,0.0000,3,27
10,10,356.2196,188.0887,3,35.8889,0.0000,3,24
10,10,156.3033,325.1974,3,69.4444,0.0000,3,52
10,10,366.4750,309.0995,3,47.0000,0.0000,3,36
10,10,267.0621,378.2405,3,44.0000,0.0000,3,32
10,10,386.3849,230.5343,3,42.2222,0.0000,3,31
10,10,186.4483,369.2524,3,24.1111,0.0000,3,19
10,10,214.3276,382.1446,3,28.7778,0.0000,3,22
10,10,389.1946,261.2539,3,37.4444,0.0000,3,25
10,10,319.1570,374.1734,3,35.6667,0.0000,3,25
10,10,344.2325,357.2181,3,24.6667,0.0000,3,16
10,10,130.1936,311.3207,3,76.8889,0.0000,3,52
10,10,383.3641,201.0321,3,40.4444,0.0000,3,31
10,10,159.2960,355.3959,3,34.8889,0.0000,3,27
10,10,241.5473,395.2493,3,29.8889,0.0000,3,19
10,10,294.3499,390.4849,3,38.6667,0.0000,3,31
10,10,391.4795,291.2591,3,26.4444,0.0000,3,21
10,10,369.3261,339.4242,3,26.8889,0.0000,3,19
10,10,131.3983,342.2863,3,75.4444,0.0000,3,53
10,10,394.1806,322.0638,3,31.7778,0.0000,3,23
10,10,269.0516,408.4958,3,38.3333,0.0000,3,27
10,10,189.5789,398.5755,3,37.2222,0.0000,3,24
10,10,414.4256,244.2248,3,32.0000,0.0000,3,24
10,10,410.4315,213.3776,3,8.3333,0.0000,3,9
10,10,347.1000,388.0357,3,32.3333,0.0000,3,21
10,10,416.1218,274.1819,3,35.8889,0.0000,3,24
10,10,161.2278,386.2661,3,34.1111,0.0000,3,23
10,10,216.4736,412.4528,3,23.8889,0.0000,3,20
10,10,372.1289,369.3498,3,17.6667,0.0000,3,12
10,10,322.2015,404.1546,3,10.1111,0.0000,3,8
10,10,134.2287,372.4592,3,45.3333,0.0000,3,30
10,10,396.4270,352.4258,3,23.1111,0.0000,3,18
10,10,419.0881,305.1906,3,43.0000,0.0000,3,28
10,10,243.3036,426.4846,3,18.7778,0.0000,3,14
10,10,231.5747,87.1638,3,31.3333,0.0000,3,19
10,10,296.3916,422.4914,3,16.5556,0.0000,3,14
10,10,285.0096,83.1326,3,19.5556,0.0000,3,12
